Workbook
Name \p: #REF!
Name ___Ibr1: #REF!
Name ___lmb1: #REF!
Name __asb5: [1]BAHAN!$E$78
Name __BAB2: #REF!
Name __BAB3: '[2]met bab3'!#REF!
Name __BAB7: #REF!
Name __BAB8: '[2]anal bab8'!#REF!
Name __cor175: #REF!
Name __cor225: #REF!
Name __cor300: #REF!
Name __EEE01: #REF!
Name __EEE02: #REF!
Name __EEE03: #REF!
Name __EEE04: #REF!
Name __EEE05: #REF!
Name __EEE06: #REF!
Name __EEE07: #REF!
Name __EEE08: #REF!
Name __EEE09: #REF!
Name __EEE10: #REF!
Name __EEE11: #REF!
Name __EEE12: #REF!
Name __EEE13: #REF!
Name __EEE14: #REF!
Name __EEE15: #REF!
Name __EEE16: #REF!
Name __EEE17: #REF!
Name __EEE18: #REF!
Name __EEE19: #REF!
Name __EEE20: #REF!
Name __EEE21: #REF!
Name __EEE22: #REF!
Name __EEE23: #REF!
Name __EEE24: #REF!
Name __EEE25: #REF!
Name __EEE26: #REF!
Name __EEE27: #REF!
Name __EEE28: #REF!
Name __EEE29: #REF!
Name __EEE30: #REF!
Name __grv20: [1]BAHAN!$E$116
Name __grv30: [1]BAHAN!#REF!
Name __Ibr1: #REF!
Name __IV100000: #REF!
Name __kc3: [1]BAHAN!$E$192
Name __kc5: [1]BAHAN!$E$193
Name __LL01: #REF!
Name __LL02: #REF!
Name __LL03: #REF!
Name __LL04: #REF!
Name __LL05: #REF!
Name __LL06: #REF!
Name __LL07: #REF!
Name __LL08: #REF!
Name __LL09: #REF!
Name __lmb1: #REF!
Name __MB01: #REF!
Name __MB02: #REF!
Name __MB06: #REF!

Sheet RAB
K2: 6
B3: RENCANA ANGGARAN BIAYA ( RAB )
B4: KEGIATAN KONTRAKTUAL
B5: PROGRAM INFRASTRUKTUR BIDANG AIR MINUM TAHUN ANGGARAN 2026
B7: UNIT KERJA | F7: : | G7: DINAS PERUMAHAN DAN KAWASAN PERMUKIMAN KABUPATEN CIANJUR
B8: PROGRAM | F8: : | G8: PROGRAM PENGELOLAAN DAN PENGEMBANGAN SISTEM PENYEDIAAN AIR MINUM
B9: KEGIATAN | F9: : | G9: PENGELOLAAN DAN PENGEMBANGAN SISTEM PENYEDIAAN AIR MINUM (SPAM) DI DAERAH KABUPATEN/KOTA
B10: SUB KEGIATAN | F10: : | G10: PEMBANGUNAN SPAM BUKAN JARINGAN PERPIPAAN DI KAWASAN PERDESAAN
B11: PEKERJAAN | F11: : | G11: KURANGYA AIR BERSIH PESANTREN AL MARUF RT.03 RW.01 KP.BOBOJONG DESA BOBOJONG KECAMATAN MANDE
B12: LOKASI | F12: : | G12: PESANTREN AL MARUF RT.03 RW.01 KP.BOBOJONG DESA BOBOJONG KECAMATAN MANDE
B13: SUMBER DANA | F13: : | G13: DAU
B14: TAHUN ANGGARAN | F14: : | G14: 2026
B16: REKAPITULASI RENCANA ANGGARAN BIAYA ( RAB )
K17: Halaman : 1
B18: NO | C18: URAIAN PEKERJAAN | J18: JUMLAH HARGA
H19: SAT | I19: VOLUME
B22: =B79 -> I | C22: =+C79 -> PEKERJAAN PERSIAPAN | H22: Pkt | I22: 1 | J22: Rp. | K22: =K90 -> 3750000
B24: =B92 -> II | C24: =C92 -> PEMBUATAN SUMUR BOR (SATS) TYPE 49 M DIA. 6" | H24: Unit | I24: 1 | J24: Rp. | K24: =K120 -> 73904004
B26: =B122 -> III | C26: =C122 -> PENYAMBUNGAN LISTRIK PLN | H26: Unit | I26: 1 | J26: Rp. | K26: =K125 -> 4000000
B28: =B127 -> IV | C28: =+C127 -> PENGADAAN DAN PEMASANGAN PIPA DAN ASESORIS | H28: Pkt | I28: 1 | J28: Rp. | K28: =K205 -> 2364193.9
B30: =B255 -> V | C30: =C255 -> KRAN UMUM (KU) | H30: Unit | I30: 1 | J30: Rp. | K30: =K291 -> 5070270.4
B32: =B222 -> V | C32: =C222 -> PEKERJAAN SAMBUNGAN RUMAH | H32: Unit | I32: =I224 -> 0 | J32: Rp. | K32: =K253 -> 0
B34: =B293 -> V | C34: =C293 -> PEMBUATAN RESERVOIR 25 M3 | H34: Unit | I34: 1 | J34: Rp. | K34: =K342 -> 0
B36: =B344 -> VI | C36: =C344 -> PEKERJAAN PERLINTASAN ( CROSSING, JEMBATAN PIPA ) | H36: Unit | I36: 1 | J36: Rp. | K36: =K355 -> 0
B38: =B357 -> VI | C38: =C357 -> PENYELENGGARAAN SISTEM MANAJEMEN KESELAMATAN KONSTRUKSI (SMKK) | H38: Pkt | I38: 1 | J38: Rp. | K38: =K390 -> 1000000
C41: SUB JUMLAH | J41: Rp. | K41: =SUM(K22:K40) -> 90088469
C42: PPN 11% | J42: Rp. | K42: =+K41*0.11 -> 9909731.5
C43: JUMLAH | J43: Rp. | K43: =+K42+K41 -> 99998200
C44: DIBULATKAN | J44: Rp. | K44: =INT(K43/100)*100 -> 99998200 | L44: 100000000 | M44: PAGU
C45: DALAM HURUP | F45: : | G45: =UPPER([30]!terbilang(K44)&" RUPIAH") -> SEMBILAN PULUH SEMBILAN JUTA SEMBILAN RATUS SEMBILAN PULUH DELAPAN RIBU DUA RATUS RUPIAH | L45: =K44-L44 -> -1800
C47: JANGKA WAKTU PELAKSANAAN : 90 ( SEMBILAN PULUH ) HARI KALENDER
J50: Cianjur, 2026
J52: Disusun dan Ditetapkan Oleh :
J53: Kepala Bidang Air Minum dan Sanitasi
J54: Dinas Perumahan dan Kawasan Permukiman Kabupaten Cianjur
J55: Selaku Pejabat Pembuat Komitmen TA. 2025
J60: AGUNG DELI SAHPUTRA, ST
J61: NIP. 19771121 200604 1 010
B64: RENCANA ANGGARAN BIAYA ( RAB )
B66: UNIT KERJA | F66: : | G66: =G7 -> DINAS PERUMAHAN DAN KAWASAN PERMUKIMAN KABUPATEN CIANJUR
B67: PROGRAM | F67: : | G67: =G8 -> PROGRAM PENGELOLAAN DAN PENGEMBANGAN SISTEM PENYEDIAAN AIR MINUM
B68: KEGIATAN | F68: : | G68: =G9 -> PENGELOLAAN DAN PENGEMBANGAN SISTEM PENYEDIAAN AIR MINUM (SPAM) DI DAERAH KABUPATEN/KOTA
B69: SUB KEGIATAN | F69: : | G69: =G10 -> PEMBANGUNAN SPAM BUKAN JARINGAN PERPIPAAN DI KAWASAN PERDESAAN
B70: PEKERJAAN | F70: : | G70: =G11 -> KURANGYA AIR BERSIH PESANTREN AL MARUF RT.03 RW.01 KP.BOBOJONG DESA BOBOJONG KECAMATAN MANDE
B71: LOKASI | F71: : | G71: =G12 -> PESANTREN AL MARUF RT.03 RW.01 KP.BOBOJONG DESA BOBOJONG KECAMATAN MANDE
B72: SUMBER DANA | F72: : | G72: =G13 -> DAU
B73: TAHUN ANGGARAN | F73: : | G73: =G14 -> 2026
K74: Halaman : 2
B75: NO | C75: URAIAN PEKERJAAN | H75: SAT | I75: VOLUME | J75: HARGA | K75: JUMLAH
J76: SATUAN | K76: HARGA
J77: (Rp) | K77: (Rp)
B79: I | C79: PEKERJAAN PERSIAPAN
B81: 1 | C81: Pembersihan lokasi | H81: Ls | I81: 1 | J81: 300000 | K81: =+J81*I81 -> 300000
B82: 2 | C82: Direksi keet ( sewa ) | H82: unit | I82: 1 | J82: 1000000 | K82: =+J82*I82 -> 1000000
B83: 3 | C83: Papan nama proyek | H83: bh | I83: 1 | J83: 250000 | K83: =+J83*I83 -> 250000
B84: 4 | C84: Dokumentasi dan Pelaporan | K84: =+J84*I84 -> 0
C85: a. | D85: Foto Kegiatan | H85: set | I85: 3 | J85: 150000 | K85: =+J85*I85 -> 450000
C86: b. | D86: Pembuatan Laporan | H86: Ls | I86: 1 | J86: 750000 | K86: =+J86*I86 -> 750000
B87: 5 | C87: Geolistrik | H87: Ls | J87: 6000000 | K87: =+J87*I87 -> 0
B88: 5 | C88: Uji Kualitas Air | H88: Ls | I88: 1 | J88: 1000000 | K88: =+J88*I88 -> 1000000
C90: SUB TOTAL I | K90: =SUM(K81:K89) -> 3750000 | L90: =K90 -> 3750000
B92: II | C92: PEMBUATAN SUMUR BOR (SATS) TYPE 49 M DIA. 6"
B94: 3.1 | C94: Pekerjaan Konstruksi Sumur
B95: a. | C95: Pemboran sumur sesuai dengan spesifikasi teknis, termasuk pengadaan bentonit, barit, air, surface casing | K95: =+J95*I95 -> 0
C96: Pemboran pilot hole diameter 6" | H96: m' | I96: 49 | J96: =HARSAT!H57 -> 756414.25 | K96: =+J96*I96 -> 37064298
B97: b. | C97: Pengadaan dan pemasangan perpipaan dan pipa saringan | K97: =+J97*I97 -> 0
C98: sesuai dengan spesifikasi teknis | K98: =+J98*I98 -> 0
C99: - | D99: Pengadaan Dan Pemasangan Pipa PVC dia. 6" untuk Cassing | H99: m' | I99: =I96-I100 -> 45 | J99: =HARSAT!H59 -> 457445.53 | K99: =+J99*I99 -> 20585049
C100: - | D100: Pengadaan Dan Pemasangan Pipa PVC dia. 6" untuk Saringan | H100: m' | I100: 4 | J100: =HARSAT!H60 -> 481113.51 | K100: =+J100*I100 -> 1924454
B101: c. | C101: Penyempurnaan konstruksi
C102: a. | D102: Beton cor 1 : 2 : 3 untuk permukaan | H102: m³ | I102: 0.05 | J102: =HARSAT!H31 -> 689697.71 | K102: =+J102*I102 -> 34484.886 | L102: =1*1*0.2 -> 0.2
C103: b. | D103: Tutup cassing (well head) Dop PVC dia. 6" (AW) | H103: unit | I103: 1 | J103: =HARSAT!H239 -> 31395 | K103: =+J103*I103 -> 31395
B104: 3.2 | C104: Pekerjaan Pompa | K104: =+J104*I104 -> 0
C105: Pekerjaan pompa meliputi pengadaan dan pemasangan lengkap | K105: =+J105*I105 -> 0
C106: - | D106: =HARSAT!C61 -> Pengadaan dan Pemasangan Pompa submersible air bersih 1 Hp dia.3" 1 phase berikut Box Panel dan Kabel | H106: unit | I106: 1 | J106: =HARSAT!H61 -> 6485070.2 | K106: =+J106*I106 -> 6485070.2
K107: =+J107*I107 -> 0 | L107: =0.45*1.5*5 -> 3.375
B108: 3.4 | C108: Pekerjaan Perpipaan | K108: =+J108*I108 -> 0
C109: Pekerjaan perpipaan sumur bor meliputi pengadaan dan pemasangan | K109: =+J109*I109 -> 0
B110: a. | C110: Pipa PVC dia. 1" untuk pipa tekan (naik) | H110: m' | I110: =I96-4 -> 45 | J110: =HARSAT!H172 -> 29700 | K110: =+J110*I110 -> 1336500
B111: b. | C111: Accessories | K111: =+J111*I111 -> 0
C112: - | D112: Chek Valve dia. 1,5" | H112: bh | I112: 1 | K112: =+J112*I112 -> 0
C113: - | D113: Socket SDD dia. 1" | H113: bh | I113: 6 | J113: =HARSAT!H233 -> 4830 | K113: =+J113*I113 -> 28980 | L113: =I110/4 -> 11.25
C114: - | D114: Socket SDL dia. 1" | H114: bh | I114: =I113 -> 6 | J114: =J113 -> 4830 | K114: =+J114*I114 -> 28980
C115: - | D115: Elbow PVC dia. 1" | H115: bh | I115: 2 | J115: =HARSAT!H207 -> 5405 | K115: =+J115*I115 -> 10810
C116: - | D116: Tali Tambang Plastik | H116: m' | I116: =I110+2 -> 47 | J116: =HARSAT!H282 -> 7130 | K116: =+J116*I116 -> 335110
C117: - | D117: Seal Tape | H117: bh | I117: 4 | J117: =HARSAT!H276 -> 4600 | K117: =+J117*I117 -> 18400
B118: 3.5 | C118: =HARSAT!D156 -> Pas. water turn ( 500 liter) Berikut Rangka Tower Besi Siku Tinggi 3m | H118: unit | I118: 1 | J118: =HARSAT!H156 -> 6020473.1 | K118: =+J118*I118 -> 6020473.1
C120: SUB TOTAL II | K120: =SUM(K96:K119) -> 73904004 | L120: =K120 -> 73904004
B122: III | C122: PENYAMBUNGAN LISTRIK PLN
B123: 3.1 | C123: Pasang Daya Listrik PLN 1.300 watt berikut jaringan | H123: Unit | I123: 1 | J123: 4000000 | K123: =+J123*I123 -> 4000000
C125: SUB TOTAL III | K125: =SUM(K123:K124) -> 4000000 | L125: =K125 -> 4000000
B127: IV | C127: PENGADAAN DAN PEMASANGAN PIPA DAN ASESORIS | L127: =L128-L129 -> 1800
L128: =L44 -> 100000000
B129: 1 | C129: Pengadaan Pipa | L129: =K44 -> 99998200
B130: 1.1 | C130: Pekerjaan Persiapan
B131: 1.1.1 | C131: Pengangkutan pipa dan acesories ke Gudang | H131: Ls | I131: 0 | J131: 1500000 | K131: =I131*J131 -> 0
C132: Pekerjaan pengadaan pipa dan asesoris termasuk cincin karet untuk sambungan RRJ dan solvent cement (Lem) untuk sambungan SCJ, dan mur, baut, paking untuk sambungan flange
B134: a. | C134: =HARSAT!D163 -> PVC dia. 3" S-12,5 RRJ | H134: m' | I134: =M134*N134 -> 0 | J134: =HARSAT!H163 -> 100650 | K134: =I134*J134 -> 0 | L134: =L130-L131 -> 0 | M134: 6 | O134: btg
B135: b. | C135: PVC dia. 2" S-12,5 RRJ | H135: m' | I135: =M135*N135 -> 0 | J135: =HARSAT!H164 -> 48290 | K135: =I135*J135 -> 0 | M135: 6 | O135: btg
B136: c. | C136: PVC dia. 1,5" S-12,5 SCJ | H136: m' | I136: =M136*N136 -> 0 | J136: =HARSAT!H165 -> 32010 | K136: =I136*J136 -> 0 | M136: 6 | O136: btg
...

Sheet HARSAT
B3: DAFTAR HARGA SATUAN
B4: =RAB!B7 -> UNIT KERJA | E4: =RAB!F7 -> : | F4: =RAB!G7 -> DINAS PERUMAHAN DAN KAWASAN PERMUKIMAN KABUPATEN CIANJUR
B5: =RAB!B8 -> PROGRAM | E5: =RAB!F8 -> : | F5: =RAB!G8 -> PROGRAM PENGELOLAAN DAN PENGEMBANGAN SISTEM PENYEDIAAN AIR MINUM
B6: =RAB!B9 -> KEGIATAN | E6: =RAB!F9 -> : | F6: =RAB!G9 -> PENGELOLAAN DAN PENGEMBANGAN SISTEM PENYEDIAAN AIR MINUM (SPAM) DI DAERAH KABUPATEN/KOTA
B7: =RAB!B10 -> SUB KEGIATAN | E7: =RAB!F10 -> : | F7: =RAB!G10 -> PEMBANGUNAN SPAM BUKAN JARINGAN PERPIPAAN DI KAWASAN PERDESAAN
B8: =RAB!B11 -> PEKERJAAN | E8: =RAB!F11 -> : | F8: =RAB!G11 -> KURANGYA AIR BERSIH PESANTREN AL MARUF RT.03 RW.01 KP.BOBOJONG DESA BOBOJONG KECAMATAN MANDE
B9: =RAB!B12 -> LOKASI | E9: =RAB!F12 -> : | F9: =RAB!G12 -> PESANTREN AL MARUF RT.03 RW.01 KP.BOBOJONG DESA BOBOJONG KECAMATAN MANDE
B10: =RAB!B13 -> SUMBER DANA | E10: =RAB!F13 -> : | F10: =RAB!G13 -> DAU
B11: =RAB!B14 -> TAHUN ANGGARAN | E11: =RAB!F14 -> : | F11: =RAB!G14 -> 2026
H12: Halaman : 1
B13: NO | C13: URAIAN PEKERJAAN | G13: SATUAN | H13: HARGA SATUAN
H15: (Rp)
B17: 1 | C17: Pembuatan Bouwplank | G17: m' | H17: =ANALISA!N375 -> 21692.45
B18: =B17+1 -> 2 | C18: Galian tanah biasa | G18: m3 | H18: =ANALISA!N382 -> 18914.625
B19: =B18+1 -> 3 | C19: Galian tanah keras | G19: m3 | H19: =ANALISA!N410 -> 75204.25
B20: =B19+1 -> 4 | C20: Galian tanah berbatu, rabat dan aspal | G20: m3 | H20: =ANALISA!N417 -> 473141.05
B21: =B20+1 -> 5 | C21: Urugan pasir dipadatkan | G21: m3 | H21: =ANALISA!N425 -> 201508.75
B22: =B21+1 -> 6 | C22: Urugan tanah kembali | G22: m3 | H22: =ANALISA!N432 -> 27939.25
B23: =B22+1 -> 7 | C23: Pembuangan / perataan sisa galian | G23: m3 | H23: =ANALISA!N439 -> 36081.25
B24: =B23+1 -> 8 | C24: Pasangan batu kosong | G24: m3 | H24: =ANALISA!N449 -> 454244.25
B25: =B24+1 -> 9 | C25: Pasangan batu kali camp. 1 : 4 | G25: m3 | H25: =ANALISA!N460 -> 820280.05
B26: =B25+1 -> 10 | C26: =ANALISA!C469 -> Pas. Bata Merah ukuran (5x11x22) cm tebal ½ bata, campuran spesi 1PC : 3PS | G26: m2 | H26: =ANALISA!N479 -> 158779.81
B27: =B26+1 -> 11 | C27: Plesteran camp. 1 : 3 | G27: m2 | H27: =ANALISA!N489 -> 83800.5
B28: =B27+1 -> 12 | C28: =ANALISA!C490 -> Pas.Lantai Keramik uk. 25 x 25 cm (warna / corak) | G28: m2 | H28: =ANALISA!N502 -> 179348.25
B29: =B28+1 -> 13 | C29: =ANALISA!C503 -> Pas.Dinding Keramik uk. 25 x 40cm (warna / corak) | G29: m2 | H29: =ANALISA!N515 -> 218885.25
B30: =B29+1 -> 14 | C30: Pembuatan dan Pengecorn 1 m3 Campuran Beton fc' = 7.4 s.d 9.4 MPa (K-100 s.d K-125) untuk Lantai Kerja | G30: m3 | H30: =ANALISA!N528 -> 623929.13
B31: =B30+1 -> 15 | C31: Pembuatan dan Pengecorn 1 m3 Campuran Beton fc' = 9.8 MPa (K-125) untuk Lantai Kerja | G31: m3 | H31: =ANALISA!N540 -> 689697.71
B32: =B31+1 -> 16 | C32: Pembuatan dan Pengecorn 1 m3 Campuran Beton fc' = 12.2 MPa (K-150) untuk Komponen Struktur Utama dan Penunjang | G32: m3 | H32: =ANALISA!N552 -> 713941.36
B33: =B32+1 -> 17 | C33: Pembuatan dan Pengecorn 1 m3 Campuran Beton fc' = 14.5 MPa (K-175) untuk Komponen Struktur Utama dan Penunjang | G33: m3 | H33: =ANALISA!N564 -> 742088.43
B34: =B33+1 -> 18 | C34: Pembuatan dan Pengecorn 1 m3 Campuran Beton fc' = 16.9 MPa (K-200) untuk Komponen Struktur Utama dan Penunjang | G34: m3 | H34: =ANALISA!N576 -> 769851.07
B35: =B34+1 -> 19 | C35: Pembuatan dan Pengecorn 1 m3 Campuran Beton fc' = 19.3 MPa (K-225) untuk Komponen Struktur Utama dan Penunjang | G35: m3 | H35: =ANALISA!N588 -> 789386.29
B36: =B35+1 -> 20 | C36: Pembuatan dan Pengecorn 1 m3 Campuran Beton fc' = 21.7 MPa (K-250) untuk Komponen Struktur Utama dan Penunjang | G36: m3 | H36: =ANALISA!N600 -> 803978.14
B37: =B36+1 -> 21 | C37: Pembuatan dan Pengecorn 1 m3 Campuran Beton fc' = 24. MPa (K-275) untuk Komponen Struktur Utama dan Penunjang | G37: m3 | H37: =ANALISA!N612 -> 829176.29
B38: =B37+1 -> 22 | C38: Pembuatan dan Pengecorn 1 m3 Campuran Beton fc' = 26.4 MPa (K-300), kedap air normal untuk Komponen Struktur Utama dan Penunjang | G38: m3 | H38: =ANALISA!N624 -> 829176.29
B39: =B38+1 -> 23 | C39: Pembuatan dan Pengecorn 1 m3 Campuran Beton fc' = 28.8 MPa (K-325), kedap air normal untuk Komponen Struktur Utama dan Penunjang | G39: m3 | H39: =ANALISA!N636 -> 866505.29
B40: =B39+1 -> 24 | C40: Pembuatan dan Pengecorn 1 m3 Campuran Beton fc' = 31.2 MPa (K-350), kedap air agresif untuk Komponen Struktur Utama dan Penunjang | G40: m3 | H40: =ANALISA!N648 -> 876791.21
B41: =B40+1 -> 25 | C41: Pekerjaan Pembesian | G41: kg | H41: =ANALISA!N660 -> 19621.875
B42: =B41+1 -> 26 | C42: Pemasangan 1 m2 Bekisting untuk Pondasi Telapak Beton Bangunan (Termasuk Pembongkaran) | G42: m2 | H42: =ANALISA!N671 -> 33524.8
B43: =B42+1 -> 27 | C43: Pemasangan 1 m2 Bekisting untuk Sloof Beton Bangunan (Termasuk Pembongkaran) | G43: m2 | H43: =ANALISA!N681 -> 362560.5
B44: =B43+1 -> 28 | C44: Pemasangan 1 m2 Bekisting untuk Kolom Beton Bangunan (Termasuk Pembongkaran) | G44: m2 | H44: =ANALISA!N694 -> 501785.25
B45: =B44+1 -> 29 | C45: Pemasangan 1 m2 Bekisting untuk Balok Bangunan (Termasuk Pembongkaran) | G45: m2 | H45: =ANALISA!N707 -> 507995.25
B46: =B45+1 -> 30 | C46: Pemasangan 1 m2 Bekisting untuk Plat Lantai Beton Bangunan (Termasuk Pembongkaran) | G46: m2 | H46: =ANALISA!N720 -> 616785.25
B47: =B46+1 -> 31 | C47: Cetakan / Bekisting Expose | G47: m2 | H47: =ANALISA!N735 -> 150057.75
B48: =B47+1 -> 32 | C48: Beton bertulang camp 1:2:3 untuk lantai | G48: m3 | H48: =ANALISA!N755 -> 3098316
B49: =B48+1 -> 33 | C49: Beton bertulang camp 1:2:3 untuk atap | G49: m3 | H49: =ANALISA!N769 -> 5076270.8
B50: =B49+1 -> 34 | C50: Beton bertulang camp 1:2:3 untuk dinding | G50: m3 | H50: =ANALISA!N783 -> 3755768.2
B51: =B50+1 -> 35 | C51: Beton bertulang camp 1:2:3 untuk lantai Hidran Umum | G51: m3 | H51: =ANALISA!N796 -> 1828999
B52: =B51+1 -> 36 | C52: Pemboran Pilot Hole dia. 8" | G52: m' | H52: =ANALISA!N32 -> 812074.25
B53: =B52+1 -> 37 | C53: Pemboran Reaming dari dia. 8" ke dia. 12" | G53: m' | H53: =ANALISA!N45 -> 649659.4
B54: =B53+1 -> 38 | C54: Pengadaan Dan Pemasangan Pipa PVC dia. 6" untuk Cassing | G54: m' | H54: =ANALISA!N61 -> 474385.53
B55: =B54+1 -> 39 | C55: Pengadaan Dan Pemasangan Pipa PVC dia. 6" untuk Saringan | G55: m' | H55: =ANALISA!N78 -> 498823.51
B56: =B55+1 -> 40 | C56: =ANALISA!C348 -> Pengadaan dan Pemasangan Pompa submersible air bersih 1 Hp dia.4" 3 phase | G56: unit | H56: =ANALISA!N359 -> 26389270
B57: =B56+1 -> 41 | C57: Pemboran Pilot Hole dia. 6" | G57: m' | H57: =ANALISA!N94 -> 756414.25
B58: =B57+1 -> 42 | C58: Pemboran Reaming dari dia. 6" ke dia. 8" | G58: m' | H58: =ANALISA!N107 -> 605131.4
B59: =B58+1 -> 43 | C59: Pengadaan Dan Pemasangan Pipa PVC dia. 6" untuk Cassing | G59: m' | H59: =ANALISA!N123 -> 457445.53
B60: =B59+1 -> 44 | C60: Pengadaan Dan Pemasangan Pipa PVC dia. 6" untuk Saringan | G60: m' | H60: =ANALISA!N140 -> 481113.51
B61: =B60+1 -> 45 | C61: =ANALISA!C322 -> Pengadaan dan Pemasangan Pompa submersible air bersih 1 Hp dia.3" 1 phase berikut Box Panel dan Kabel | G61: unit | H61: =ANALISA!N346 -> 6485070.2
B62: =B61+1 -> 46 | C62: Pemboran Pilot Hole dia. 4" | G62: m' | H62: =ANALISA!N153 -> 691955
B63: =B62+1 -> 47 | C63: Pemboran Reaming dari dia. 4" ke dia. 6" | G63: m' | H63: =ANALISA!N166 -> 553564
B64: =B63+1 -> 48 | C64: Pengadaan Dan Pemasangan Pipa PVC dia. 4" untuk Cassing | G64: m' | H64: =ANALISA!N182 -> 326727.5
B65: =B64+1 -> 49 | C65: Pengadaan Dan Pemasangan Pipa PVC dia. 4" untuk Saringan | G65: m' | H65: =ANALISA!N199 -> 344453.75
B66: =B65+1 -> 50 | C66: =ANALISA!C322 -> Pengadaan dan Pemasangan Pompa submersible air bersih 1 Hp dia.3" 1 phase berikut Box Panel dan Kabel | G66: unit | H66: =ANALISA!N333 -> 6074875
B67: =B66+1 -> 51 | C67: Pemboran Pilot Hole dia. 3" | G67: m' | H67: =ANALISA!N212 -> 626230.58
B68: =B67+1 -> 52 | C68: Pemboran Reaming dari dia. 3" ke dia. 6" | G68: m' | H68: =ANALISA!N225 -> 500984.46
B69: =B68+1 -> 53 | C69: Pengadaan Dan Pemasangan Pipa PVC dia. 3" untuk Cassing | G69: m' | H69: =ANALISA!N241 -> 258185.95
B70: =B69+1 -> 54 | C70: Pengadaan Dan Pemasangan Pipa PVC dia. 3" untuk Saringan | G70: m' | H70: =ANALISA!N258 -> 272796.67
B71: =B70+1 -> 55 | C71: Pengadaan dan Pemasangan Pompa submersible air bersih 1 Hp dia.3" 1 phase berikut Box Panel dan Kabel | G71: unit | H71: =ANALISA!N320 -> 4594527.9
B72: =B71+1 -> 56 | C72: Pengadaan dan Pemasangan Gravel Pack dari Kerikil Jagung ukuran 3 - 10 mm | G72: m3 | H72: =ANALISA!N279 -> 535874.66
B73: =B72+1 -> 57 | C73: Pengadaan dan Pemasangan Cement Grouting | G73: m3 | H73: =ANALISA!N293 -> 3067625
B74: =B73+1 -> 58 | C74: Pemompaan Uji Step Draw Down Test dan Long Period Test | G74: jam | H74: =ANALISA!N308 -> 803999.02
B75: =B74+1 -> 59 | C75: =ANALISA!C309 -> Pengadaan dan Pemasangan Pompa submersible air bersih 1/2 Hp dia.2,5" 1 phase berikut Box Panel dan Kabel | G75: unit | H75: =ANALISA!N320 -> 4594527.9
B76: =B75+1 -> 60 | C76: ='UPAH BAHAN'!C80 -> Mesin pompa air 125 Watt | G76: ='UPAH BAHAN'!G80 -> unit | H76: ='UPAH BAHAN'!H80*1.1 -> 583000
B77: =B76+1 -> 61 | C77: ='UPAH BAHAN'!C81 -> Mesin poma air Jet pump 250 Watt | G77: ='UPAH BAHAN'!G81 -> unit | H77: ='UPAH BAHAN'!H81*1.1 -> 2420000
B78: =B77+1 -> 62 | C78: ='UPAH BAHAN'!C82 -> Mesin poma air Jet pump 500 Watt | G78: ='UPAH BAHAN'!G82 -> unit | H78: ='UPAH BAHAN'!H82*1.1 -> 3822500
B79: =B78+1 -> 63 | C79: ='UPAH BAHAN'!C83 -> Pompa submersible air bersih 1/2 Hp dia.2,5" 1 phase berikut Box Panel dan Kabel | G79: ='UPAH BAHAN'!G83 -> unit | H79: ='UPAH BAHAN'!H83*1.1 -> 2420000
B80: =B79+1 -> 64 | C80: ='UPAH BAHAN'!C84 -> Pompa submersible air bersih 1 Hp dia.3" 1 Phase berikut Box Panel dan Kabel | G80: ='UPAH BAHAN'!G84 -> unit | H80: ='UPAH BAHAN'!H84*1.1 -> 3465000
B81: =B80+1 -> 65 | C81: Pengadaan Pompa submersible air bersih 1 Hp | G81: ='UPAH BAHAN'!G85 -> unit | H81: ='UPAH BAHAN'!H85*1.1 -> 22165000
B82: =B81+1 -> 66 | C82: Pengadaan Pompa submersible air bersih 2 Hp | G82: ='UPAH BAHAN'!G86 -> unit | H82: ='UPAH BAHAN'!H86*1.1 -> 25613500
B83: =B82+1 -> 67 | C83: Pengadaan Pompa submersible air bersih 3 Hp | G83: ='UPAH BAHAN'!G87 -> unit | H83: ='UPAH BAHAN'!H87*1.1 -> 36685000
B84: =B83+1 -> 68 | C84: Pengadaan Pompa submersible air bersih 4 Hp | G84: ='UPAH BAHAN'!G88 -> unit | H84: ='UPAH BAHAN'!H88*1.15 -> 45471000
B85: =B84+1 -> 69 | C85: Pengadaan Pompa submersible air bersih 5,5 Hp | G85: ='UPAH BAHAN'!G89 -> unit | H85: ='UPAH BAHAN'!H89*1.1 -> 64405000
B86: =B85+1 -> 70 | C86: Pengadaan Pompa submersible air bersih 7,5 Hp | G86: ='UPAH BAHAN'!G90 -> unit | H86: ='UPAH BAHAN'!H90*1.1 -> 79354000
B87: =B86+1 -> 71 | C87: ='UPAH BAHAN'!C91 -> Tutup cassing (well head) dia. 6" | G87: ='UPAH BAHAN'!G91 -> unit | H87: ='UPAH BAHAN'!H91*1.15 -> 575000
B88: =B87+1 -> 72 | C88: ='UPAH BAHAN'!C92 -> Panel pompa Sumur Dalam out door dan water level control 1-3 Hp | G88: ='UPAH BAHAN'!G92 -> unit | H88: ='UPAH BAHAN'!H92*1.15 -> 3450000
B89: =B88+1 -> 73 | C89: ='UPAH BAHAN'!C93 -> Panel pompa Sumur Dalam out door dan water level control 4-7,5 Hp | G89: ='UPAH BAHAN'!G93 -> unit | H89: ='UPAH BAHAN'!H93*1.15 -> 4025000
B90: =B89+1 -> 74 | C90: ='UPAH BAHAN'!C94 -> Kabel untuk pompa submersible jenis NYYHY 3 x 2,5 mm2 | G90: ='UPAH BAHAN'!G94 -> m' | H90: ='UPAH BAHAN'!H94*1.15 -> 77625
B91: =B90+1 -> 75 | C91: ='UPAH BAHAN'!C95 -> Kabel untuk water level control jenis NYYHY 2 x 0,75 mm2 | G91: ='UPAH BAHAN'!G95 -> m' | H91: ='UPAH BAHAN'!H95*1.15 -> 28750
B92: =B91+1 -> 76 | C92: ='UPAH BAHAN'!C96 -> Pembuatan (pabrikasi) tangki hidropore kapasitas 1 m³ dari plat besi | G92: ='UPAH BAHAN'!G96 -> buah | H92: ='UPAH BAHAN'!H96*1.15 -> 13225000
B93: =B92+1 -> 77 | C93: ='UPAH BAHAN'!C97 -> Centralizer | G93: ='UPAH BAHAN'!G97 -> bh | H93: ='UPAH BAHAN'!H97*1.15 -> 63250
B94: =B93+1 -> 78 | C94: ='UPAH BAHAN'!C98 -> Gravel Pack (Kerikil Jagung) | G94: ='UPAH BAHAN'!G98 -> m3 | H94: ='UPAH BAHAN'!H98*1.15 -> 166750
B95: =B94+1 -> 79 | C95: ='UPAH BAHAN'!C99 -> Accelerator Semen Grouting | G95: ='UPAH BAHAN'!G99 -> Liter | H95: ='UPAH BAHAN'!H99*1.15 -> 37375
B96: =B95+1 -> 80 | C96: ='UPAH BAHAN'!C100 -> Pipa Fibre Glass dia. 1/2" pengukur tinggi air | G96: ='UPAH BAHAN'!G100 -> unit | H96: ='UPAH BAHAN'!H100*1.15 -> 517500
B97: =B96+1 -> 81 | C97: ='UPAH BAHAN'!C101 -> Manometer skala 0 - 10 kg/cm² | G97: ='UPAH BAHAN'!G101 -> buah | H97: ='UPAH BAHAN'!H101*1.15 -> 402500
B98: =B97+1 -> 82 | C98: ='UPAH BAHAN'!C102 -> Pipa GI dia. 2" dengan cabang ( tee ) dia. 1/2" | G98: ='UPAH BAHAN'!G102 -> buah | H98: ='UPAH BAHAN'!H102*1.15 -> 155250
... B100: =B99+1 -> 84 | C100: ='UPAH BAHAN'!C104 -> Pressure switch (tombol tekanan) lengkap dgn kabel | G100: ='UPAH BAHAN'!G104 -> buah | H100: ='UPAH BAHAN'!H104*1.15 -> 1207500
B101: =B100+1 -> 85 | C101: Pekerjaan Besi Profil / Plat | G101: kg | H101: =ANALISA!N806 -> 20713
B102: =B101+1 -> 86 | C102: Pekerjaan Besi Siku / Strip | G102: kg | H102: =ANALISA!N815 -> 20713
B103: =B102+1 -> 87 | C103: Water stop dari plat besi 1 x 200 mm | G103: m' | H103: =ANALISA!N831 -> 110371.71
B104: =B103+1 -> 88 | C104: Pengecatan besi | G104: m2 | H104: =ANALISA!N845 -> 69874
B105: =B104+1 -> 89 | C105: Tutup manhole ukuran 60 x 60 cm dari besi plat t = 2 mm | G105: unit | H105: =ANALISA!N861 -> 967461.65
...

Sheet ANALISA
A3: DAFTAR ANALISA HARGA SATUAN
A4: =HARSAT!B4 -> UNIT KERJA | D4: =HARSAT!E4 -> : | E4: =HARSAT!F4 -> DINAS PERUMAHAN DAN KAWASAN PERMUKIMAN KABUPATEN CIANJUR
A5: =HARSAT!B5 -> PROGRAM | D5: =HARSAT!E5 -> : | E5: =HARSAT!F5 -> PROGRAM PENGELOLAAN DAN PENGEMBANGAN SISTEM PENYEDIAAN AIR MINUM
A6: =HARSAT!B6 -> KEGIATAN | D6: =HARSAT!E6 -> : | E6: =HARSAT!F6 -> PENGELOLAAN DAN PENGEMBANGAN SISTEM PENYEDIAAN AIR MINUM (SPAM) DI DAERAH KABUPATEN/KOTA
A7: =HARSAT!B7 -> SUB KEGIATAN | D7: =HARSAT!E7 -> : | E7: =HARSAT!F7 -> PEMBANGUNAN SPAM BUKAN JARINGAN PERPIPAAN DI KAWASAN PERDESAAN
A8: =HARSAT!B8 -> PEKERJAAN | D8: =HARSAT!E8 -> : | E8: =HARSAT!F8 -> KURANGYA AIR BERSIH PESANTREN AL MARUF RT.03 RW.01 KP.BOBOJONG DESA BOBOJONG KECAMATAN MANDE
A9: =HARSAT!B9 -> LOKASI | D9: =HARSAT!E9 -> : | E9: =HARSAT!F9 -> PESANTREN AL MARUF RT.03 RW.01 KP.BOBOJONG DESA BOBOJONG KECAMATAN MANDE
A10: =HARSAT!B10 -> SUMBER DANA | D10: =HARSAT!E10 -> : | E10: =HARSAT!F10 -> DAU
A11: =HARSAT!B11 -> TAHUN ANGGARAN | D11: =HARSAT!E11 -> : | E11: =HARSAT!F11 -> 2026
N12: Halaman : 1
A13: NO | B13: URAIAN PEKERJAAN | I13: SAT | J13: KOEF | K13: HARGA | L13: HARGA SATUAN | P13: Volume | Q13: Sat | R13: Tenaga Kerja | V13: Bahan Material
K14: SATUAN | L14: UPAH | M14: BAHAN | N14: JUMLAH HARGA | R14: Pekerja | S14: Tukang | T14: K.Tukang | U14: Mandor | V14: Psr.Pasang | W14: Psr.Betong | X14: Batu Pecah | Y14: Batu Belah | Z14: Semen | AA14: Kayu | AB14: Besi
K15: ( Rp ) | L15: ( Rp ) | M15: ( Rp ) | N15: ( Rp ) | P15: 1 | Q15: 2 | R15: 3 | S15: 4 | T15: 5 | U15: 6 | V15: 7 | W15: 8 | X15: 9 | Y15: 10 | Z15: 11 | AA15: 12 | AB15: 13 | AC15: 14 | AD15: 15
B17: ANALISA PEKERJAAN PENGEBORAN
A19: A | B19: SUMUR DALAM
A20: 1 | B20: 1 m' Pemboran Pilot Hole dia. 8"
C21: Lama Pekerjaan Pemboran per meter | I21: jam | J21: 1.1
B22: a. | C22: Biaya mesin bor dan accessories | I22: jam | J22: =J21 -> 1.1 | K22: ='BOR 8"'!J40 -> 173955.92 | L22: =J22*K22 -> 191351.52 | M22: - | N22: =L22+M22 -> 191351.52
B23: b. | C23: Biaya Personil
C24: - Geologist | D24: 1 | E24: Org | F24: x | G24: =$J$22 -> 1.1 | H24: jam | I24: Org/Jam | J24: =D24*G24 -> 1.1 | K24: ='UPAH BAHAN'!H28 -> 83500 | L24: =J24*K24 -> 91850 | M24: - | N24: =L24+M24 -> 91850
C25: - Site Supervisor | D25: 1 | E25: Org | F25: x | G25: =$J$22 -> 1.1 | H25: jam | I25: Org/Jam | J25: =D25*G25 -> 1.1 | K25: ='UPAH BAHAN'!H29 -> 68500 | L25: =J25*K25 -> 75350 | M25: - | N25: =L25+M25 -> 75350
C26: - Driller | D26: 1 | E26: Org | F26: x | G26: =$J$22 -> 1.1 | H26: jam | I26: Org/Jam | J26: =D26*G26 -> 1.1 | K26: ='UPAH BAHAN'!H30 -> 63500 | L26: =J26*K26 -> 69850 | M26: - | N26: =L26+M26 -> 69850
C27: - Ass. Driller | D27: 1 | E27: Org | F27: x | G27: =$J$22 -> 1.1 | H27: jam | I27: Org/Jam | J27: =D27*G27 -> 1.1 | K27: ='UPAH BAHAN'!H31 -> 54500 | L27: =J27*K27 -> 59950 | M27: - | N27: =L27+M27 -> 59950
C28: - Mekanik | D28: 1 | E28: Org | F28: x | G28: =$J$22 -> 1.1 | H28: jam | I28: Org/Jam | J28: =D28*G28 -> 1.1 | K28: ='UPAH BAHAN'!H32 -> 52000 | L28: =J28*K28 -> 57200 | M28: - | N28: =L28+M28 -> 57200
C29: - Crew Bor | D29: 4 | E29: Org | F29: x | G29: =$J$22 -> 1.1 | H29: jam | I29: Org/Jam | J29: =D29*G29 -> 4.4 | K29: ='UPAH BAHAN'!H33 -> 36500 | L29: =J29*K29 -> 160600 | M29: - | N29: =L29+M29 -> 160600
I30: Jumlah | L30: =SUM(L22:L29) -> 706151.52 | M30: - | N30: =SUM(N22:N29) -> 706151.52
I31: Over head & Profit 15 % | N31: =N30*15% -> 105922.73
I32: Total = Jumlah+(Keuntungan+Over head) | N32: =N30+N31 -> 812074.25
A33: =A20+1 -> 2 | B33: 1 m' Pemboran Reaming dari dia. 8" ke dia. 12"
C34: Lama Pekerjaan Pemboran per meter | I34: jam | J34: =J21*0.8 -> 0.88
B35: a. | C35: Biaya mesin bor dan accessories | I35: jam | J35: =J34 -> 0.88 | K35: =K22 -> 173955.92 | L35: =J35*K35 -> 153081.21 | M35: - | N35: =L35+M35 -> 153081.21
B36: b. | C36: Biaya Personil
C37: - Geologist | D37: 1 | E37: Org | F37: x | G37: =$J$35 -> 0.88 | H37: jam | I37: Org/Jam | J37: =D37*G37 -> 0.88 | K37: =K24 -> 83500 | L37: =J37*K37 -> 73480 | M37: - | N37: =L37+M37 -> 73480
C38: - Site Supervisor | D38: 1 | E38: Org | F38: x | G38: =$J$35 -> 0.88 | H38: jam | I38: Org/Jam | J38: =D38*G38 -> 0.88 | K38: =K25 -> 68500 | L38: =J38*K38 -> 60280 | M38: - | N38: =L38+M38 -> 60280
C39: - Driller | D39: 1 | E39: Org | F39: x | G39: =$J$35 -> 0.88 | H39: jam | I39: Org/Jam | J39: =D39*G39 -> 0.88 | K39: =K26 -> 63500 | L39: =J39*K39 -> 55880 | M39: - | N39: =L39+M39 -> 55880
C40: - Ass. Driller | D40: 1 | E40: Org | F40: x | G40: =$J$35 -> 0.88 | H40: jam | I40: Org/Jam | J40: =D40*G40 -> 0.88 | K40: =K27 -> 54500 | L40: =J40*K40 -> 47960 | M40: - | N40: =L40+M40 -> 47960
C41: - Mekanik | D41: 1 | E41: Org | F41: x | G41: =$J$35 -> 0.88 | H41: jam | I41: Org/Jam | J41: =D41*G41 -> 0.88 | K41: =K28 -> 52000 | L41: =J41*K41 -> 45760 | M41: - | N41: =L41+M41 -> 45760
C42: - Crew Bor | D42: 4 | E42: Org | F42: x | G42: =$J$35 -> 0.88 | H42: jam | I42: Org/Jam | J42: =D42*G42 -> 3.52 | K42: =K29 -> 36500 | L42: =J42*K42 -> 128480 | M42: - | N42: =L42+M42 -> 128480
I43: Jumlah | L43: =SUM(L35:L42) -> 564921.21 | M43: - | N43: =SUM(N35:N42) -> 564921.21
I44: Over head & Profit 15 % | N44: =N43*15% -> 84738.182
I45: Total = Jumlah+(Keuntungan+Over head) | N45: =N43+N44 -> 649659.4
A46: =A33+1 -> 3 | B46: 1 m' Pengadaan Dan Pemasangan Pipa PVC dia. 6" untuk Cassing
C47: Lama Pekerjaan Pemasangan pipa per meter | I47: jam | J47: 0.35
B48: a. | C48: Biaya mesin bor dan accessories | I48: jam | J48: =J47 -> 0.35 | K48: =K35 -> 173955.92 | L48: =J48*K48 -> 60884.574 | M48: - | N48: =L48+M48 -> 60884.574
B49: b. | C49: Biaya Penyambungan | I49: Ls | J49: 1 | K49: =2500-1000+250+500+100+150 -> 2500 | L49: =J49*K49 -> 2500 | M49: - | N49: =L49+M49 -> 2500
B50: c. | C50: Harga Material Dasar | I50: m' | J50: 1 | K50: ='UPAH BAHAN'!H128 -> 185000 | L50: - | M50: =J50*K50 -> 185000 | N50: =L50+M50 -> 185000
B51: d. | C51: Biaya Personil
C52: - Geologist | D52: 1 | E52: Org | F52: x | G52: =$J$47 -> 0.35 | H52: jam | I52: Org/Jam | J52: =D52*G52 -> 0.35 | K52: =K37 -> 83500 | L52: =J52*K52 -> 29225 | M52: - | N52: =L52+M52 -> 29225
C53: - Site Supervisor | D53: 1 | E53: Org | F53: x | G53: =$J$47 -> 0.35 | H53: jam | I53: Org/Jam | J53: =D53*G53 -> 0.35 | K53: =K38 -> 68500 | L53: =J53*K53 -> 23975 | M53: - | N53: =L53+M53 -> 23975
C54: - Driller | D54: 1 | E54: Org | F54: x | G54: =$J$47 -> 0.35 | H54: jam | I54: Org/Jam | J54: =D54*G54 -> 0.35 | K54: =K39 -> 63500 | L54: =J54*K54 -> 22225 | M54: - | N54: =L54+M54 -> 22225
C55: - Welder | D55: 1 | E55: Org | F55: x | G55: =$J$47 -> 0.35 | H55: jam | I55: Org/Jam | J55: =D55*G55 -> 0.35 | K55: =K40 -> 54500 | L55: =J55*K55 -> 19075 | M55: - | N55: =L55+M55 -> 19075
C56: - Ass. Driller | D56: 1 | E56: Org | F56: x | G56: =$J$47 -> 0.35 | H56: jam | I56: Org/Jam | J56: =D56*G56 -> 0.35 | K56: =K40 -> 54500 | L56: =J56*K56 -> 19075 | M56: - | N56: =L56+M56 -> 19075
C57: - Mekanik | D57: 1 | E57: Org | F57: x | G57: =$J$47 -> 0.35 | H57: jam | I57: Org/Jam | J57: =D57*G57 -> 0.35 | K57: =K41 -> 52000 | L57: =J57*K57 -> 18200 | M57: - | N57: =L57+M57 -> 18200
C58: - Crew Bor | D58: 4 | E58: Org | F58: x | G58: =$J$47 -> 0.35 | H58: jam | I58: Org/Jam | J58: =D58*G58 -> 1.4 | K58: =K42 -> 36500 | L58: =J58*K58 -> 51100 | M58: - | N58: =L58+M58 -> 51100
I59: Jumlah | L59: =SUM(L48:L58) -> 246259.57 | M59: =SUM(M48:M58) -> 185000 | N59: =SUM(N48:N58) -> 431259.57
I60: Over head & Profit 10 % | N60: =N59*10% -> 43125.957
I61: Total = Jumlah+(Keuntungan+Over head) | N61: =N59+N60 -> 474385.53
A62: =A46+1 -> 4 | B62: 1 m' Pengadaan Dan Pemasangan Pipa PVC dia. 6" untuk Saringan
C63: Lama Pekerjaan Pemasangan pipa per meter | I63: jam | J63: =J47 -> 0.35
B64: a. | C64: Biaya mesin bor dan accessories | I64: jam | J64: =J63 -> 0.35 | K64: =K48 -> 173955.92 | L64: =J64*K64 -> 60884.574 | M64: - | N64: =L64+M64 -> 60884.574
B65: b. | C65: Biaya Penyambungan | I65: Ls | J65: 1 | K65: =$K$49 -> 2500 | L65: =J65*K65 -> 2500 | M65: - | N65: =L65+M65 -> 2500
B66: c. | C66: Harga Material Dasar | I66: m' | J66: 1 | K66: =+K50 -> 185000 | L66: - | M66: =J66*K66 -> 185000 | N66: =L66+M66 -> 185000
B67: d. | C67: Pembuatan lubang saringan | I67: Ls | J67: 1 | K67: =$K$49 -> 2500 | L67: =J67*K67 -> 2500 | M67: - | N67: =L67+M67 -> 2500
B68: d. | C68: Biaya Personil
C69: - Geologist | D69: 1 | E69: Org | F69: x | G69: =$J$63 -> 0.35 | H69: jam | I69: Org/Jam | J69: =D69*G69 -> 0.35 | K69: =K52 -> 83500 | L69: =J69*K69 -> 29225 | M69: - | N69: =L69+M69 -> 29225
C70: - Site Supervisor | D70: 1 | E70: Org | F70: x | G70: =$J$63 -> 0.35 | H70: jam | I70: Org/Jam | J70: =D70*G70 -> 0.35 | K70: =K53 -> 68500 | L70: =J70*K70 -> 23975 | M70: - | N70: =L70+M70 -> 23975
C71: - Driller | D71: 1 | E71: Org | F71: x | G71: =$J$63 -> 0.35 | H71: jam | I71: Org/Jam | J71: =D71*G71 -> 0.35 | K71: =K54 -> 63500 | L71: =J71*K71 -> 22225 | M71: - | N71: =L71+M71 -> 22225
C72: - Welder | D72: 1 | E72: Org | F72: x | G72: =$J$63 -> 0.35 | H72: jam | I72: Org/Jam | J72: =D72*G72 -> 0.35 | K72: =K55 -> 54500 | L72: =J72*K72 -> 19075 | M72: - | N72: =L72+M72 -> 19075
C73: - Ass. Driller | D73: 1 | E73: Org | F73: x | G73: =$J$63 -> 0.35 | H73: jam | I73: Org/Jam | J73: =D73*G73 -> 0.35 | K73: =K56 -> 54500 | L73: =J73*K73 -> 19075 | M73: - | N73: =L73+M73 -> 19075
C74: - Mekanik | D74: 1 | E74: Org | F74: x | G74: =$J$63 -> 0.35 | H74: jam | I74: Org/Jam | J74: =D74*G74 -> 0.35 | K74: =K57 -> 52000 | L74: =J74*K74 -> 18200 | M74: - | N74: =L74+M74 -> 18200
C75: - Crew Bor | D75: 4 | E75: Org | F75: x | G75: =$J$63 -> 0.35 | H75: jam | I75: Org/Jam | J75: =D75*G75 -> 1.4 | K75: =K58 -> 36500 | L75: =J75*K75 -> 51100 | M75: - | N75: =L75+M75 -> 51100
I76: Jumlah | L76: =SUM(L64:L75) -> 248759.57 | M76: =SUM(M64:M75) -> 185000 | N76: =SUM(N64:N75) -> 433759.57
I77: Over head & Profit 15 % | N77: =N76*15% -> 65063.936
I78: Total = Jumlah+(Keuntungan+Over head) | N78: =N76+N77 -> 498823.51
A81: B | B81: SUMUR DANGKAL
A82: 1 | B82: 1 m' Pemboran Pilot Hole dia. 6"
C83: Lama Pekerjaan Pemboran per meter | I83: jam | J83: 1.1
B84: a. | C84: Biaya mesin bor dan accessories | I84: jam | J84: =J83 -> 1.1 | K84: ='BOR 6"'!J40 -> 129955.92 | L84: =J84*K84 -> 142951.52 | M84: - | N84: =L84+M84 -> 142951.52
B85: b. | C85: Biaya Personil
C86: - Geologist | D86: 1 | E86: Org | F86: x | G86: =$J$22 -> 1.1 | H86: jam | I86: Org/Jam | J86: =D86*G86 -> 1.1 | K86: =K24 -> 83500 | L86: =J86*K86 -> 91850 | M86: - | N86: =L86+M86 -> 91850
C87: - Site Supervisor | D87: 1 | E87: Org | F87: x | G87: =$J$22 -> 1.1 | H87: jam | I87: Org/Jam | J87: =D87*G87 -> 1.1 | K87: =K25 -> 68500 | L87: =J87*K87 -> 75350 | M87: - | N87: =L87+M87 -> 75350
C88: - Driller | D88: 1 | E88: Org | F88: x | G88: =$J$22 -> 1.1 | H88: jam | I88: Org/Jam | J88: =D88*G88 -> 1.1 | K88: =K26 -> 63500 | L88: =J88*K88 -> 69850 | M88: - | N88: =L88+M88 -> 69850
C89: - Ass. Driller | D89: 1 | E89: Org | F89: x | G89: =$J$22 -> 1.1 | H89: jam | I89: Org/Jam | J89: =D89*G89 -> 1.1 | K89: =K27 -> 54500 | L89: =J89*K89 -> 59950 | M89: - | N89: =L89+M89 -> 59950
C90: - Mekanik | D90: 1 | E90: Org | F90: x | G90: =$J$22 -> 1.1 | H90: jam | I90: Org/Jam | J90: =D90*G90 -> 1.1 | K90: =K28 -> 52000 | L90: =J90*K90 -> 57200 | M90: - | N90: =L90+M90 -> 57200
C91: - Crew Bor | D91: 4 | E91: Org | F91: x | G91: =$J$22 -> 1.1 | H91: jam | I91: Org/Jam | J91: =D91*G91 -> 4.4 | K91: =K29 -> 36500 | L91: =J91*K91 -> 160600 | M91: - | N91: =L91+M91 -> 160600
I92: Jumlah | L92: =SUM(L84:L91) -> 657751.52 | M92: - | N92: =SUM(N84:N91) -> 657751.52
I93: Over head & Profit 15 % | N93: =N92*15% -> 98662.728
I94: Total = Jumlah+(Keuntungan+Over head) | N94: =N92+N93 -> 756414.25
A95: =A82+1 -> 2 | B95: 1 m' Pemboran Reaming dari dia. 6" ke dia. 8"
C96: Lama Pekerjaan Pemboran per meter | I96: jam | J96: =J83*0.8 -> 0.88
B97: a. | C97: Biaya mesin bor dan accessories | I97: jam | J97: =J96 -> 0.88 | K97: =K84 -> 129955.92 | L97: =J97*K97 -> 114361.21 | M97: - | N97: =L97+M97 -> 114361.21
B98: b. | C98: Biaya Personil
C99: - Geologist | D99: 1 | E99: Org | F99: x | G99: =$J$35 -> 0.88 | H99: jam | I99: Org/Jam | J99: =D99*G99 -> 0.88 | K99: =K86 -> 83500 | L99: =J99*K99 -> 73480 | M99: - | N99: =L99+M99 -> 73480
C100: - Site Supervisor | D100: 1 | E100: Org | F100: x | G100: =$J$35 -> 0.88 | H100: jam | I100: Org/Jam | J100: =D100*G100 -> 0.88 | K100: =K87 -> 68500 | L100: =J100*K100 -> 60280 | M100: - | N100: =L100+M100 -> 60280
C101: - Driller | D101: 1 | E101: Org | F101: x | G101: =$J$35 -> 0.88 | H101: jam | I101: Org/Jam | J101: =D101*G101 -> 0.88 | K101: =K88 -> 63500 | L101: =J101*K101 -> 55880 | M101: - | N101: =L101+M101 -> 55880
C102: - Ass. Driller | D102: 1 | E102: Org | F102: x | G102: =$J$35 -> 0.88 | H102: jam | I102: Org/Jam | J102: =D102*G102 -> 0.88 | K102: =K89 -> 54500 | L102: =J102*K102 -> 47960 | M102: - | N102: =L102+M102 -> 47960
C103: - Mekanik | D103: 1 | E103: Org | F103: x | G103: =$J$35 -> 0.88 | H103: jam | I103: Org/Jam | J103: =D103*G103 -> 0.88 | K103: =K90 -> 52000 | L103: =J103*K103 -> 45760 | M103: - | N103: =L103+M103 -> 45760
C104: - Crew Bor | D104: 4 | E104: Org | F104: x | G104: =$J$35 -> 0.88 | H104: jam | I104: Org/Jam | J104: =D104*G104 -> 3.52 | K104: =K91 -> 36500 | L104: =J104*K104 -> 128480 | M104: - | N104: =L104+M104 -> 128480
I105: Jumlah | L105: =SUM(L97:L104) -> 526201.21 | M105: - | N105: =SUM(N97:N104) -> 526201.21
I106: Over head & Profit 15 % | N106: =N105*15% -> 78930.182
...

Sheet UPAH BAHAN
B3: DAFTAR HARGA SATUAN UPAH DAN BAHAN
B4: =ANALISA!A4 -> UNIT KERJA | E4: =ANALISA!D4 -> : | F4: =ANALISA!E4 -> DINAS PERUMAHAN DAN KAWASAN PERMUKIMAN KABUPATEN CIANJUR
B5: =ANALISA!A5 -> PROGRAM | E5: =ANALISA!D5 -> : | F5: =ANALISA!E5 -> PROGRAM PENGELOLAAN DAN PENGEMBANGAN SISTEM PENYEDIAAN AIR MINUM
B6: =ANALISA!A6 -> KEGIATAN | E6: =ANALISA!D6 -> : | F6: =ANALISA!E6 -> PENGELOLAAN DAN PENGEMBANGAN SISTEM PENYEDIAAN AIR MINUM (SPAM) DI DAERAH KABUPATEN/KOTA
B7: =ANALISA!A7 -> SUB KEGIATAN | E7: =ANALISA!D7 -> : | F7: =ANALISA!E7 -> PEMBANGUNAN SPAM BUKAN JARINGAN PERPIPAAN DI KAWASAN PERDESAAN
B8: =ANALISA!A8 -> PEKERJAAN | E8: =ANALISA!D8 -> : | F8: =ANALISA!E8 -> KURANGYA AIR BERSIH PESANTREN AL MARUF RT.03 RW.01 KP.BOBOJONG DESA BOBOJONG KECAMATAN MANDE
B9: =ANALISA!A9 -> LOKASI | E9: =ANALISA!D9 -> : | F9: =ANALISA!E9 -> PESANTREN AL MARUF RT.03 RW.01 KP.BOBOJONG DESA BOBOJONG KECAMATAN MANDE
B10: =ANALISA!A10 -> SUMBER DANA | E10: =ANALISA!D10 -> : | F10: =ANALISA!E10 -> DAU
B11: =ANALISA!A11 -> TAHUN ANGGARAN | E11: =ANALISA!D11 -> : | F11: =ANALISA!E11 -> 2026
B13: NO | C13: URAIAN UPAH DAN BAHAN | G13: SATUAN | H13: HARGA SATUAN
H15: (Rp)
B17: I | C17: HARGA UPAH
B19: 1 | C19: Pekerja | G19: Org / Hari | H19: 105000 | I19: 75000
B20: =B19+1 -> 2 | C20: Tukang batu | G20: Org / Hari | H20: 135000 | I20: 120000
B21: =B20+1 -> 3 | C21: Tukang kayu | G21: Org / Hari | H21: 135000 | I21: =+I20 -> 120000
B22: =B21+1 -> 4 | C22: Tukang besi | G22: Org / Hari | H22: 135000 | I22: =+I21 -> 120000
B23: =B22+1 -> 5 | C23: Tukang pipa | G23: Org / Hari | H23: 135000 | I23: =+I22 -> 120000
B24: =B23+1 -> 6 | C24: Mandor | G24: Org / Hari | H24: 165000 | I24: 150000
B25: =B24+1 -> 7 | C25: Kepala Tukang | G25: Org / Hari | H25: 150000 | I25: 125000 | J25: =H25*0.15 -> 22500 | K25: =J25+H25 -> 172500
B26: =B25+1 -> 8 | C26: Penjaga | G26: Org / Hari | H26: 100000 | I26: 100000
B27: =B26+1 -> 9 | C27: Masinis | G27: Org / Hari | H27: 170000 | I27: 170000
B28: =B27+1 -> 10 | C28: Geologist | G28: Org / Jam | H28: 83500 | I28: 83500
B29: =B28+1 -> 11 | C29: Site Supervisor | G29: Org / Jam | H29: 68500 | I29: 68500
B30: =B29+1 -> 12 | C30: Driller | G30: Org / Jam | H30: 63500 | I30: 63500
B31: =B30+1 -> 13 | C31: Ass. Driller | G31: Org / Jam | H31: 54500 | I31: 54500
B32: =B31+1 -> 14 | C32: Mekanik | G32: Org / Jam | H32: 52000 | I32: 52000
B33: =B32+1 -> 15 | C33: Crew Bor | G33: Org / Jam | H33: 36500 | I33: 36500
B35: II | C35: HARGA BAHAN
B37: 1 | C37: Pasir Urug | G37: m³ | H37: 130000 | I37: 200000
B38: =B37+1 -> 2 | C38: Pasir Pasang | G38: m³ | H38: 250000 | I38: 250000
B39: =B38+1 -> 3 | C39: Pasir Beton | G39: m³ | H39: 250000 | I39: 350000
B40: =B39+1 -> 4 | C40: Split beton | G40: m³ | H40: 180000 | I40: 300000 | J40: 300000
B41: =B40+1 -> 5 | C41: Semen (PC) | G41: zak | H41: 56000 | I41: 85000 | J41: 85000
B42: =B41+1 -> 6 | C42: Batu Belah | G42: m³ | H42: 160000 | I42: 260000
B43: =B42+1 -> 7 | C43: Bata merah | G43: bh | H43: 900
B44: =B43+1 -> 8 | C44: Bata Ringan (Heble) uk.10x20x60 cm | G44: bh | H44: 6000
B45: =B44+1 -> 9 | C45: Keramik 25 x 25 cm (KM) Kw1 DN warna/corak | G45: m2 | H45: 45000
B46: =B45+1 -> 10 | C46: Keramik 25 x 40 cm (KM) Kw1 DN warna/corak | G46: m2 | H46: 45000
B47: =B46+1 -> 11 | C47: Besi Beton | G47: Kg | H47: 11000 | I47: 17500
B48: =B47+1 -> 12 | C48: Gravel Pack (Kerikil Jagung) | G48: m3 | H48: 145000 | I48: 145000
B49: =B48+1 -> 13 | C49: Kawat Beton | G49: Kg | H49: 18100 | I49: 17500
B50: =B49+1 -> 14 | C50: Paku Berbagai Ukuran | G50: Kg | H50: 12100 | I50: 16000
B51: =B50+1 -> 15 | C51: Paku kait untuk asbes | G51: bh | H51: 1000 | I51: 1000
B52: =B51+1 -> 16 | C52: Kayu klas II kualitas baik | G52: m³ | H52: 4750000 | I52: 4750000
B53: =B52+1 -> 17 | C53: Papan kayu klas II kualitas baik | G53: m³ | H53: 4750000 | I53: 4750000
B54: =B53+1 -> 18 | C54: Kayu Bekisting / Terentang | G54: m³ | H54: 1800000 | I54: 1800000
B55: =B54+1 -> 19 | C55: Kayu kaso stoot 5/7 | G55: m³ | H55: 1800000 | I55: 1800000
B56: =B55+1 -> 20 | C56: Kayu kaso stoot 5/7 | G56: batang | H56: 23000 | I56: 23000
B57: =B56+1 -> 21 | C57: Kayu Albasia | G57: m³ | H57: 1800000 | I57: 1800000
B58: =B57+1 -> 22 | C58: Kayu bakar | G58: m³ | H58: 730000 | I58: 730000
... B79: =B78+1 -> 43 | C79: Baut, Mur dan Packing | G79: set | H79: 25000 | I79: 25000
B80: =B79+1 -> 44 | C80: Mesin pompa air 125 Watt | G80: unit | H80: 530000
B81: =B80+1 -> 45 | C81: Mesin poma air Jet pump 250 Watt | G81: unit | H81: 2200000
B82: =B81+1 -> 46 | C82: Mesin poma air Jet pump 500 Watt | G82: unit | H82: 3475000
B83: =B82+1 -> 47 | C83: Pompa submersible air bersih 1/2 Hp dia.2,5" 1 phase berikut Box Panel dan Kabel | G83: unit | H83: 2200000
B84: =B83+1 -> 48 | C84: Pompa submersible air bersih 1 Hp dia.3" 1 Phase berikut Box Panel dan Kabel | G84: unit | H84: 3150000
B85: =B84+1 -> 49 | C85: Pompa submersible air bersih 1 Hp dia. 4 inch 3 phase | G85: unit | H85: 20150000 | I85: 20150000
B86: =B85+1 -> 50 | C86: Pompa submersible air bersih 2 Hp dia. 4 inch 3 phase | G86: unit | H86: 23285000 | I86: 23285000
B87: =B86+1 -> 51 | C87: Pompa submersible air bersih 3 Hp dia. 4 inch 3 phase | G87: unit | H87: 33350000 | I87: 33350000
B88: =B87+1 -> 52 | C88: Pompa submersible air bersih 4 Hp dia. 4 inch 3 phase | G88: unit | H88: 39540000 | I88: 39540000
B89: =B88+1 -> 53 | C89: Pompa submersible air bersih 5,5 Hp dia. 4 inch 3 phase | G89: unit | H89: 58550000 | I89: 58550000
B90: =B89+1 -> 54 | C90: Pompa submersible air bersih 7,5 Hp dia. 4 inch 3 phase | G90: unit | H90: 72140000 | I90: 72140000
B91: =B90+1 -> 55 | C91: Tutup cassing (well head) dia. 6" | G91: unit | H91: 500000 | I91: 500000
B92: =B91+1 -> 56 | C92: Panel pompa Sumur Dalam out door dan water level control 1-3 Hp | G92: unit | H92: 3000000 | I92: 3000000
B93: =B92+1 -> 57 | C93: Panel pompa Sumur Dalam out door dan water level control 4-7,5 Hp | G93: unit | H93: 3500000 | I93: 3500000
B94: =B93+1 -> 58 | C94: Kabel untuk pompa submersible jenis NYYHY 3 x 2,5 mm2 | G94: m' | H94: 67500 | I94: 67500
B95: =B94+1 -> 59 | C95: Kabel untuk water level control jenis NYYHY 2 x 0,75 mm2 | G95: m' | H95: 25000 | I95: 25000
B96: =B95+1 -> 60 | C96: Pembuatan (pabrikasi) tangki hidropore kapasitas 1 m³ dari plat besi | G96: buah | H96: 11500000 | I96: 10000000
B97: =B96+1 -> 61 | C97: Centralizer | G97: bh | H97: =60000-25000+5000+10000+5000 -> 55000 | I97: =60000-25000+5000+10000+5000 -> 55000
B98: =B97+1 -> 62 | C98: Gravel Pack (Kerikil Jagung) | G98: m3 | H98: =150000-25000+5000+10000+5000 -> 145000 | I98: =150000-25000+5000+10000+5000 -> 145000
B99: =B98+1 -> 63 | C99: Accelerator Semen Grouting | G99: Liter | H99: =35000-10000+2000+3000+2500 -> 32500 | I99: =35000-10000+2000+3000+2500 -> 32500
B100: =B99+1 -> 64 | C100: Pipa Fibre Glass dia. 1/2" pengukur tinggi air | G100: unit | H100: =500000-200000+50000+50000+50000 -> 450000 | I100: =500000-200000+50000+50000+50000 -> 450000
B101: =B100+1 -> 65 | C101: Manometer skala 0 - 10 kg/cm² | G101: buah | H101: 350000 | I101: 350000
B102: =B101+1 -> 66 | C102: Pipa GI dia. 2" dengan cabang ( tee ) dia. 1/2" | G102: buah | H102: =150000-50000+10000+15000+10000 -> 135000 | I102: =150000-50000+10000+15000+10000 -> 135000
B103: =B102+1 -> 67 | C103: Knee GI dia. 3" | G103: buah | H103: 98000 | I103: 98000
B104: =B103+1 -> 68 | C104: Pressure switch (tombol tekanan) lengkap dgn kabel | G104: buah | H104: 1050000 | I104: 1050000 | K104: 44197 | L104: 44291
C105: Tangki Penampung Air
C106: - | D106: Tangki air Polyetilenhe 300 liter | G106: unit | H106: 950000
C107: - | D107: Tangki air Polyetilenhe 500 liter | G107: unit | H107: 1500000
C108: - | D108: Tangki air Polyetilenhe 1000 liter | G108: unit | H108: 2500000
C109: - | D109: Tangki air Polyetilenhe 2000 liter | G109: unit | H109: 3700000
C110: - | D110: Bak KM fiber 60 x 60 cm | G110: buah | H110: 173250
B111: =B104+1 -> 69 | D111: Pipa PVC | J111: 0.15 | K111: UNILON | L111: SUPRALON
C112: - | D112: PVC-O dia. 6" S-12,5 RRJ | G112: m' | H112: 263701
C113: - | D113: PVC-O dia. 4" S-12,5 RRJ | G113: m' | H113: 131784
C114: - | D114: PVC-O dia. 3" S-12,5 RRJ | G114: m' | H114: 93481
C115: - | D115: PVC dia. 3" S-12,5 RRJ | G115: m' | H115: 91500 | I115: 100500 | J115: =K115*1.15 -> 101884.25 | K115: 88595 | L115: =698550/6 -> 116425
C116: - | D116: PVC dia. 2" S-12,5 RRJ | G116: m' | H116: 43900 | I116: 48802.17 | J116: =K116*1.15 -> 48802.17 | K116: 42436.67 | L116: =346150/6 -> 57691.667
C117: - | D117: PVC dia. 1,5" S-12,5 SCJ | G117: m' | H117: 29100 | I117: 32384 | J117: =K117*1.15 -> 32384 | K117: 28160 | L117: =214800/6 -> 35800
C118: - | D118: PVC dia. 1" S-10 SCJ | G118: m' | H118: 21600 | I118: 24000 | J118: =K118*1.2 -> 20250 | K118: 16875 | L118: =107350/6 -> 17891.667
C119: - | D119: PVC dia. 1/2" S-10 SCJ | G119: m' | H119: 9700
C120: - | D120: PVC tipe AW dia. 1/2" | G120: m' | H120: 6750 | I120: =H120*4 -> 27000 | J120: 27000 | K120: =J120/4 -> 6750 | M120: =H120*4 -> 27000 | N120: =27000/4 -> 6750 | Q120: m' | R120: 6050
C121: - | D121: PVC tipe AW dia. 3/4" | G121: m' | H121: 8500 | I121: =H121*4 -> 34000 | J121: 36750 | K121: =J121/4 -> 9187.5 | M121: =H121*4 -> 34000 | Q121: m' | R121: 7350
C122: - | D122: PVC tipe AW dia. 1" | G122: m' | H122: 9500 | I122: =H122*4 -> 38000 | J122: 50000 | K122: =J122/4 -> 12500 | M122: =H122*4 -> 38000 | Q122: m' | R122: 9350
C123: - | D123: PVC tipe AW dia. 1 1/2" | G123: m' | H123: 23000 | I123: =H123*4 -> 92000 | J123: 86800 | K123: =J123/4 -> 21700 | M123: =H123*4 -> 92000 | Q123: m' | R123: 17375
C124: - | D124: PVC tipe AW dia. 2" | G124: m' | H124: 27000 | I124: =H124*4 -> 108000 | J124: 110000 | K124: =J124/4 -> 27500 | M124: =H124*4 -> 108000 | Q124: m' | R124: 25300
C125: - | D125: PVC tipe AW dia. 2 1/2" | G125: m' | H125: 43800 | I125: =H125*4 -> 175200 | K125: =J125/4 -> 0 | M125: =H125*4 -> 175200 | Q125: m' | R125: 35050
C126: - | D126: PVC tipe AW dia. 3" | G126: m' | H126: 52500 | I126: =H126*4 -> 210000 | J126: 225750 | K126: =J126/4 -> 56437.5 | M126: =H126*4 -> 210000 | Q126: m' | R126: 49900
C127: - | D127: PVC tipe AW dia. 4" | G127: m' | H127: 84000 | I127: =H127*4 -> 336000 | J127: 377750 | K127: =J127/4 -> 94437.5 | M127: =H127*4 -> 336000 | Q127: m' | R127: =377750/4 -> 94437.5
C128: - | D128: PVC tipe AW dia. 6" | G128: m' | H128: 185000 | I128: =H128*4 -> 740000 | M128: =H128*4 -> 740000
...

Sheet JADWAL
B3: RENCANA JADWAL UNTUK PELAKSANAAN PEKERJAAN
B5: =RAB!B7 -> UNIT KERJA | D5: : | E5: =RAB!G7 -> DINAS PERUMAHAN DAN KAWASAN PERMUKIMAN KABUPATEN CIANJUR
B6: =RAB!B8 -> PROGRAM | D6: : | E6: =RAB!G8 -> PROGRAM PENGELOLAAN DAN PENGEMBANGAN SISTEM PENYEDIAAN AIR MINUM
B7: =RAB!B9 -> KEGIATAN | D7: : | E7: =RAB!G9 -> PENGELOLAAN DAN PENGEMBANGAN SISTEM PENYEDIAAN AIR MINUM (SPAM) DI DAERAH KABUPATEN/KOTA
B8: =RAB!B10 -> SUB KEGIATAN | D8: : | E8: =RAB!G10 -> PEMBANGUNAN SPAM BUKAN JARINGAN PERPIPAAN DI KAWASAN PERDESAAN
B9: =RAB!B11 -> PEKERJAAN | D9: : | E9: =RAB!G11 -> KURANGYA AIR BERSIH PESANTREN AL MARUF RT.03 RW.01 KP.BOBOJONG DESA BOBOJONG KECAMATAN MANDE
B10: =RAB!B12 -> LOKASI | D10: : | E10: =RAB!G12 -> PESANTREN AL MARUF RT.03 RW.01 KP.BOBOJONG DESA BOBOJONG KECAMATAN MANDE
B11: =RAB!B13 -> SUMBER DANA | D11: : | E11: =RAB!G13 -> DAU
B12: =RAB!B14 -> TAHUN ANGGARAN | D12: : | E12: =RAB!G14 -> 2026
H14: HARGA | I14: JUMLAH | J14: BOBOT | K14: WAKTU PELAKSANAAN | AC14: KET
B15: NO | C15: URAIAN PEKERJAAN | F15: VOL | G15: SAT | H15: SATUAN | I15: HARGA | K15: MINGGU KE
H16: ( Rp. ) | I16: ( Rp. ) | J16: ( %. ) | K16: 1 | L16: 2 | M16: 3 | N16: 4 | O16: 5 | P16: 6 | Q16: 7 | R16: 8 | S16: 9 | T16: 10 | U16: 11 | V16: 12 | W16: 13 | X16: 14 | Y16: 15 | Z16: 16 | AA16: 17 | AB16: 18
B18: =RAB!B22 -> I | C18: =RAB!C22 -> PEKERJAAN PERSIAPAN | F18: =RAB!I22 -> 1 | G18: =RAB!H22 -> Pkt | H18: =RAB!K22 -> 3750000 | I18: =H18 -> 3750000 | J18: =I18/$I$26*100 -> 4.6285897 | K18: =+J18/18 -> 0.25714387 | L18: =+K18 -> 0.25714387 | M18: =+L18 -> 0.25714387 | N18: =+M18 -> 0.25714387 | O18: =+N18 -> 0.25714387 | P18: =+O18 -> 0.25714387 | Q18: =+P18 -> 0.25714387 | R18: =+Q18 -> 0.25714387 | S18: =+R18 -> 0.25714387 | ... AB18: =+AA18 -> 0.25714387
B19: =RAB!B38 -> VI | C19: =RAB!C38 -> PENYELENGGARAAN SISTEM MANAJEMEN KESELAMATAN KONSTRUKSI (SMKK) | F19: =RAB!I24 -> 1 | G19: =RAB!H24 -> Unit | H19: =RAB!K24 -> 73904004 | I19: =H19 -> 73904004 | J19: =I19/$I$26*100 -> 91.219017 | K19: =+J19/18 -> 5.0677232 | L19: =+K19 -> 5.0677232 | M19: =+L19 -> 5.0677232 | N19: =+M19 -> 5.0677232 | O19: =+N19 -> 5.0677232 | P19: =+O19 -> 5.0677232 | Q19: =+P19 -> 5.0677232 | R19: =+Q19 -> 5.0677232 | S19: =+R19 -> 5.0677232 | ... AB19: =+AA19 -> 5.0677232
B20: =RAB!B28 -> IV | C20: =RAB!C28 -> PENGADAAN DAN PEMASANGAN PIPA DAN ASESORIS | F20: =RAB!I28 -> 1 | G20: =RAB!H28 -> Pkt | H20: =RAB!K28 -> 2364193.9 | I20: =H20 -> 2364193.9 | J20: =I20/$I$26*100 -> 2.9181023 | P20: =J20/7 -> 0.41687176 | Q20: =P20 -> 0.41687176 | R20: =Q20 -> 0.41687176 | S20: =R20 -> 0.41687176 | T20: =S20 -> 0.41687176 | U20: =T20 -> 0.41687176 | V20: =U20 -> 0.41687176
B21: =RAB!B32 -> V | C21: =RAB!C32 -> PEKERJAAN SAMBUNGAN RUMAH | F21: =RAB!I32 -> 0 | G21: =RAB!H32 -> Unit | H21: =RAB!K32 -> 0 | I21: =H21 -> 0 | J21: =I21/$I$26*100 -> 0 | W21: =J21/5 -> 0 | X21: =W21 -> 0 | Y21: =+X21 -> 0 | Z21: =+Y21 -> 0 | AA21: =+Z21 -> 0
B22: =RAB!B34 -> V | C22: =RAB!C34 -> PEMBUATAN RESERVOIR 25 M3 | F22: =RAB!I34 -> 1 | G22: =RAB!H34 -> Unit | H22: =RAB!K34 -> 0 | I22: =H22 -> 0 | J22: =I22/$I$26*100 -> 0 | M22: =J22/3 -> 0 | N22: =M22 -> 0 | O22: =N22 -> 0
B23: =RAB!B36 -> VI | C23: =RAB!C36 -> PEKERJAAN PERLINTASAN ( CROSSING, JEMBATAN PIPA ) | F23: =RAB!I36 -> 1 | G23: =RAB!H36 -> Unit | H23: =RAB!K36 -> 0 | I23: =H23 -> 0 | J23: =I23/$I$26*100 -> 0 | R23: =J23 -> 0
B24: =RAB!B38 -> VI | C24: =RAB!C38 -> PENYELENGGARAAN SISTEM MANAJEMEN KESELAMATAN KONSTRUKSI (SMKK) | F24: =RAB!I38 -> 1 | G24: =RAB!H38 -> Pkt | H24: =RAB!K38 -> 1000000 | I24: =H24 -> 1000000 | J24: =I24/$I$26*100 -> 1.2342906 | K24: =+J24/18 -> 0.0685717 | L24: =+K24 -> 0.0685717 | M24: =+L24 -> 0.0685717 | N24: =+M24 -> 0.0685717 | O24: =+N24 -> 0.0685717 | P24: =+O24 -> 0.0685717 | Q24: =+P24 -> 0.0685717 | R24: =+Q24 -> 0.0685717 | S24: =+R24 -> 0.0685717 | ... AB24: =+AA24 -> 0.0685717
C26: JUMLAH | I26: =SUM(I18:I25) -> 81018198 | J26: =SUM(J18:J25) -> 100
C27: RENCANA KEMAJUAN PER MINGGU (%) | K27: =SUM(K18:K25) -> 5.3934388 | L27: =SUM(L18:L25) -> 5.3934388 | M27: =SUM(M18:M25) -> 5.3934388 | N27: =SUM(N18:N25) -> 5.3934388 | O27: =SUM(O18:O25) -> 5.3934388 | P27: =SUM(P18:P25) -> 5.8103105 | Q27: =SUM(Q18:Q25) -> 5.8103105 | R27: =SUM(R18:R25) -> 5.8103105 | ... AB27: =SUM(AB18:AB25) -> 5.3934388
C28: KUMULATIF KEMAJUAN PER MINGGU (%) | K28: =K27 -> 5.3934388 | L28: =K28+L27 -> 10.786878 | M28: =L28+M27 -> 16.180316 | N28: =M28+N27 -> 21.573755 | O28: =N28+O27 -> 26.967194 | P28: =O28+P27 -> 32.777504 | Q28: =P28+Q27 -> 38.587815 | R28: =Q28+R27 -> 44.398125 | S28: =R28+S27 -> 50.208436 | ... AB28: =AA28+AB27 -> 100
C30: =RAB!C47 -> JANGKA WAKTU PELAKSANAAN : 90 ( SEMBILAN PULUH ) HARI KALENDER | W30: =RAB!J50 -> Cianjur, 2026
C31: MASA PEMELIHARAAN PEKERJAAN = 180 (SERATUS DELAPAN PULUH) HARI KALENDER
W32: =RAB!J52 -> Disusun dan Ditetapkan Oleh :
W33: =RAB!J53 -> Kepala Bidang Air Minum dan Sanitasi
W34: =RAB!J54 -> Dinas Perumahan dan Kawasan Permukiman Kabupaten Cianjur
W35: =RAB!J55 -> Selaku Pejabat Pembuat Komitmen TA. 2025
W40: =RAB!J60 -> AGUNG DELI SAHPUTRA, ST
W41: =RAB!J61 -> NIP. 19771121 200604 1 010

Sheet ANALISA SR
B2: 37 | C2: 1 Unit Pekerjaan Sambungan Rumah (SR) Type -1 (Dia.32)
B3: NO. | C3: URAIAN | E3: KODE | F3: SATUAN | G3: KOEFISIEN | H3: HARGA | I3: JUMLAH
H4: SATUAN | I4: HARGA
H5: ( Rp ) | I5: ( Rp )
B7: A. | C7: TENAGA
C9: Biaya onkos sambungan rumah | F9: Ls | G9: 1 | H9: =RAB!J251 -> 150000 | I9: =H9*G9 -> 150000
G11: JUMLAH HARGA TENAGA | I11: =SUM(I9:I10) -> 150000
B13: B. | C13: BAHAN | G13: 1
C15: Pengadaan pipa dan accessories sambungan rumah
C16: - | D16: Pipa GI dia. 1/2" Klass Medium | F16: m' | G16: =G13*1.5 -> 1.5 | H16: =RAB!J225 -> 54510 | I16: =H16*G16 -> 81765
C17: - | D17: Pipa PVC dia. 1/2" S.10 | F17: m' | G17: =G13*6 -> 6 | H17: =RAB!J226 -> 10670 | I17: =H17*G17 -> 64020
C18: - | D18: Clamp sadle GI dia. 2" x 1/2" | F18: bh | H18: =RAB!J227 -> 78200 | I18: =H18*G18 -> 0
C19: - | D19: Clamp sadle GI dia. 1 1/2" x 1/2" | F19: bh | H19: =RAB!J228 -> 64400 | I19: =H19*G19 -> 0
C20: - | D20: Tee PVC dia. 1" x 1/2" | F20: bh | G20: =G13-G19 -> 1 | H20: =RAB!J229 -> 27000 | I20: =H20*G20 -> 27000
C21: - | D21: Reducer PVC dia. 1" x 1/2" | F21: bh | H21: =RAB!J230 -> 9775 | I21: =H21*G21 -> 0
C22: - | D22: Valve socket PVC dia. 1/2" | F22: bh | H22: =RAB!J231 -> 7475 | I22: =H22*G22 -> 0
C23: - | D23: Knee GI dia. 1/2" | F23: bh | G23: =G13*5 -> 5 | H23: =RAB!J232 -> 8100 | I23: =H23*G23 -> 40500
C24: - | D24: Knee PVC dia. 1/2" | F24: bh | G24: =G13*1 -> 1 | H24: =RAB!J233 -> 6325 | I24: =H24*G24 -> 6325
C25: - | D25: Soket Drat Luar PVC dia. 1/2" (SDL) | F25: bh | G25: =G13*1 -> 1 | H25: =RAB!J234 -> 4140 | I25: =H25*G25 -> 4140
C26: - | D26: Elbow GI ( F/M ) dia. 1/2" | F26: bh | H26: =RAB!J235 -> 15525 | I26: =H26*G26 -> 0
C27: - | D27: Double Nipple GI dia. 1/2" | F27: bh | G27: =G13*3 -> 3 | H27: =RAB!J236 -> 6700 | I27: =H27*G27 -> 20100
C28: - | D28: Chek Valve dia. 1/2" | F28: bh | G28: 1 | H28: =RAB!J237 -> 96000 | I28: =H28*G28 -> 96000
C29: - | D29: =HARSAT!C269 -> Brass Loockable Ball Valve dia. 1/2" | F29: bh | G29: 1 | H29: =HARSAT!H269 -> 120884.55 | I29: =H29*G29 -> 120884.55
C30: - | D30: Brass Main Cock ( Plug Kran ) dia. 1/2" | F30: bh | H30: =RAB!J238 -> 92000 | I30: =H30*G30 -> 0
C31: - | D31: Brass Gate Valve ( Fiet Kran ) dia. 1/2" | F31: bh | G31: =G13*1 -> 1 | H31: =RAB!J239 -> 197000 | I31: =H31*G31 -> 197000
C32: - | D32: Water meter dengan coupling dia. 1/2" | F32: bh | G32: =G13*1 -> 1 | H32: =RAB!J240 -> 448000 | I32: =H32*G32 -> 448000
C33: - | D33: Tee GI dia. 1/2" x 1/2" | F33: bh | G33: =G13*1 -> 1 | H33: =RAB!J241 -> 15800 | I33: =H33*G33 -> 15800
C34: - | D34: Dop GI dia. 1/2" | F34: bh | G34: =G13*1 -> 1 | H34: =RAB!J242 -> 5175 | I34: =H34*G34 -> 5175
C35: - | D35: House Hold Tap ( Tap Kran ) dia. 1/2" | F35: bh | G35: =G13*1 -> 1 | H35: =RAB!J243 -> 65000 | I35: =H35*G35 -> 65000
C36: - | D36: Seal tape | F36: bh | G36: =G13*1.5 -> 1.5 | H36: =RAB!J244 -> 4600 | I36: =H36*G36 -> 6900
C37: - | D37: Box SR | F37: bh | G37: =G13*1 -> 1 | H37: =RAB!J245 -> 77000 | I37: =H37*G37 -> 77000
C38: - | D38: Rabat Beton Dudukan Box SR | F38: bh | G38: =G13*1 -> 1 | H38: =RAB!J246 -> 34500 | I38: =H38*G38 -> 34500
G40: JUMLAH HARGA BAHAN | I40: =SUM(I15:I39) -> 1310109.6
B42: C. | C42: PERALATAN
G44: JUMLAH HARGA PERALATAN | I44: 0
B46: D. | C46: JUMLAH HARGA TENAGA, BAHAN DAN PERALATAN ( A + B + C ) | I46: =I44+I40+I11 -> 1460109.6
B47: E. | C47: OVERHEAD & PROFIT | F47: 15 | G47: % x D
B48: F. | C48: HARGA SATUAN PEKERJAAN ( D + E )
B49: G | C49: DIBULATKAN

Sheet SMKK
B2: SISTEM MANAJEMEN KESELAMATAN KONSTRUKSI (SMKK)
B4: Sumber : PERMEN PUPR No. 10 Tahun Tahun 2021 Tentang Pedoman Sistem Manajemen Keselamatan Konstruksi
B7: NO. | C7: URAIAN PEKERJAAN | F7: SATUAN PEMBAYARAN | G7: KUANTITAS | H7: HARGA SATUAN (RP.) | I7: TOTAL HARGA (RP.) | J7: KETERANGAN | L7: NILAI TKDN | M7: HARGA TKDN
B8: 1 | C8: 2 | F8: 3 | G8: 4 | H8: 5 | I8: 6 = 4 * 5 | J8: 7 | L8: 8 | M8: 9
B10: I. | C10: PENYIAPAN RKK:
C11: a. | D11: Pembuatan Dokumen Rencana Keselamatan Konstruksi | F11: Set | G11: 1 | H11: 200000 | I11: =G11*H11 -> 200000 | J11: Memperhatikan jumlah dan jenis pekerjaan yang dikerjakan | L11: 0 | M11: =H11*L11 -> 0
C12: b. | D12: Pembuatan Prosedur dan Instruksi Kerja | F12: Set
C13: c. | D13: Penyiapan Formulir | F13: Set
C14: A. | D14: Sub Total Penyiapan RKK | I14: =SUM(I11) -> 200000 | M14: =SUM(M11) -> 0
B16: II. | C16: SOSIALISASI, PROMOSI, DAN PELATIHAN:
C17: a. | D17: Induksi K3 (Safety Induction) | F17: Org | G17: 4 | H17: 10000 | I17: =G17*H17 -> 40000 | J17: Memperhatikan perkiraan jumlah pekerja, tamu, dan staf | L17: 0 | M17: =H17*L17 -> 0
C18: b. | D18: Pertemuan Keselamatan (Safety Talk dan / atau Tool Box Meeting) | F18: Org | G18: =G17 -> 4 | H18: 10000 | I18: =G18*H18 -> 40000 | J18: Memperhatikan perkiraan jumlah pekerja dan risiko k3 pekerjaan | L18: 0 | M18: =H18*L18 -> 0
C19: c | D19: Spanduk (banner) | F19: Lbr | H19: ='[36]HARGA BAHAN & ALAT'!$F$189 -> 135900 | I19: =G19*H19 -> 0 | J19: Memperhatikan lokasi pekerjaan dan waktu pekerjaan | L19: ='[36]HARGA BAHAN & ALAT'!H189 -> #REF! | M19: =H19*L19 -> #REF!
C20: d. | D20: Poster | F20: Lbr | H20: ='[36]HARGA BAHAN & ALAT'!$F$168 -> 14000 | I20: =G20*H20 -> 0 | J20: Memperhatikan lokasi pekerjaan dan waktu pekerjaan | L20: ='[36]HARGA BAHAN & ALAT'!H168 -> #REF! | M20: =H20*L20 -> #REF!
C21: e. | D21: Papan Informasi K3 | F21: Bh | G21: 0 | H21: ='[36]HARGA BAHAN & ALAT'!$F$169 -> 426000 | I21: =G21*H21 -> 0 | J21: Memperhatikan risiko k3 pekerjaan | L21: ='[36]HARGA BAHAN & ALAT'!J169 -> 0 | M21: =H21*L21 -> 0
C22: B. | D22: Sub Total Sosialisasi, Promosi dan Pelatihan | I22: =SUM(I17:I21) -> 80000 | M22: =SUM(M17:M21) -> #REF!
B24: III. | C24: ALAT PELINDUNG KERJA (APK) DAN ALAT PELINDUNG DIRI (APD):
C25: a. | D25: APK Antara Lain:
D26: 1 | E26: Pembatas Area (Restricted Area) / Safety Line | F26: Bh | H26: ='[36]HARGA BAHAN & ALAT'!F170 -> 34000 | I26: =G26*H26 -> 0 | J26: Sesuai kebutuhan | L26: ='[36]HARGA BAHAN & ALAT'!J170 -> 0 | M26: =H26*L26 -> 0
C27: b. | D27: APD Antara Lain:
D28: 1 | E28: Topi Pelindung (Safety Helmet) | F28: Bh | G28: =G18 -> 4 | H28: 25000 | I28: =G28*H28 -> 100000 | J28: Memperhatikan perkiraan jumlah pekerja tamu dan staf | L28: ='[36]HARGA BAHAN & ALAT'!H171 -> 0.7112 | M28: =H28*L28 -> 17780 | N28: https://tkdn.kemenperin.go.id/sertifikat_perush.php?id=LXgDzIgDALi1Ge2ukHE7ZXx53avqEQjgBFBeb1z21ps,&id_siinas=LXgDzIgDALi1Ge2ukHE7ZXx53avqEQjgBFBeb1z21ps,
D29: 2 | E29: Sarung Tangan (Safety Gloves) | F29: Psg | G29: =G28 -> 4 | H29: 10000 | I29: =G29*H29 -> 40000 | J29: Sesuai kebutuhan | L29: ='[36]HARGA BAHAN & ALAT'!H175 -> 0.3263 | M29: =H29*L29 -> 3263 | N29: https://tkdn.kemenperin.go.id/sertifikat_perush.php?id=w-Y65P5c9W2YTOjPtMbiggEIxZYqgOC_2uf6vZXvY1s,&id_siinas=vq2DN3VwRxHs25X0BxmbQiFY8n_irbYjEg-5_LMePFo,
D30: 3 | E30: Sepatu Keselamatan (Safety Shoes) | F30: Psg | G30: =G29 -> 4 | H30: 87500 | I30: =G30*H30 -> 350000 | J30: Memperhatikan perkiraan jumlah pekerja tamu dan staf | L30: ='[36]HARGA BAHAN & ALAT'!H176 -> 0.8695 | M30: =H30*L30 -> 76081.25 | N30: https://tkdn.kemenperin.go.id/sertifikat_perush.php?id=qlXiOPwQVC1Ugd23hMrAjlt4wrfHvpLDs0C4F-q3-1E,&id_siinas=ajfIiFxWAc5tzDubq0-dX0MfNpFQ5ktPydWY9IqmyXk,
D31: 4 | E31: Rompi Keselamatan (Safety Vest) | F31: Bh | G31: =G30 -> 4 | H31: 10000 | I31: =G31*H31 -> 40000 | J31: Sesuai kebutuhan | L31: ='[36]HARGA BAHAN & ALAT'!H188 -> 0.7122 | M31: =H31*L31 -> 7122 | N31: https://tkdn.kemenperin.go.id/sertifikat_perush.php?id=BwjfXmFNy_PcPmlGSjWRfwFf_0CbZkh4h9MFN_ZqS8A,&id_siinas=cKhWiTRLRcHuRXFwucFMztay0TF-lws89_R8XrROL5Y,
C32: C. | D32: Sub Total Alat Pelindung Kerja dan Alat Pelindung Diri | I32: =SUM(I25:I31) -> 530000
B34: IV. | C34: ASURANSI DAN PERIZINAN:
C35: a. | D35: Asuransi JKK dan JKM | F35: Ls | H35: 600000 | I35: =G35*H35 -> 0 | L35: ='[36]HARGA BAHAN & ALAT'!H187 -> #REF! | M35: =H35*L35 -> #REF!
C36: D. | D36: Sub Total Asuransi dan Perizinan | I36: =SUM(I35:I35) -> 0 | M36: =SUM(M35:M35) -> #REF!
B38: V. | C38: PERSONEL K3 KONSTRUKSI:
C39: E. | D39: Sub Total Personel K3 Konstruksi | M39: =SUM(#REF!) -> #REF!
B41: VI. | C41: FASILITAS, SARANA DAN PRASARANA KESEHATAN:
C42: a. | D42: Peralatan P3K Umum (Kotak P3K, Obat Luka, Perban,dll) | F42: Ls | G42: 1 | H42: 190000 | I42: =G42*H42 -> 190000 | J42: Memperhatikan perkiraan jumlah pekerja dan risiko k3 pekerjaan | L42: ='[36]HARGA BAHAN & ALAT'!H178 -> 0 | M42: =H42*L42 -> 0
C43: F. | D43: Sub Total Fasilitas, Sarana, dan Prasarana Kesehatan | I43: =SUM(I42:I42) -> 190000 | M43: =SUM(M42:M42) -> 0
B45: VII. | C45: RAMBU-RAMBU YANG DIPERLUKAN:
C46: a. | D46: Rambu Petunjuk | F46: Bh | H46: ='[36]HARGA BAHAN & ALAT'!$F$179 -> 133200 | I46: =G46*H46 -> 0 | J46: Sesuai kebutuhan | L46: ='[36]HARGA BAHAN & ALAT'!$H$179 -> 0.4102 | M46: =H46*L46 -> 54638.64 | N46: https://tkdn.kemenperin.go.id/sertifikat_perush.php?id=QSsoMNgrkDEYcCxSuXBQOYxgtTtMbAZEyUEZIjoHkeM,&id_siinas=e_LvgcF-xqow-MxHTRxjI-78147nnLCAUxKl7HxUfnc,
C47: b. | D47: Rambu Larangan | F47: Bh | H47: ='[36]HARGA BAHAN & ALAT'!$F$179 -> 133200 | I47: =G47*H47 -> 0 | J47: Sesuai kebutuhan | L47: ='[36]HARGA BAHAN & ALAT'!$H$179 -> 0.4102 | M47: =H47*L47 -> 54638.64 | N47: https://tkdn.kemenperin.go.id/sertifikat_perush.php?id=QSsoMNgrkDEYcCxSuXBQOYxgtTtMbAZEyUEZIjoHkeM,&id_siinas=e_LvgcF-xqow-MxHTRxjI-78147nnLCAUxKl7HxUfnc,
C48: c. | D48: Rambu Peringatan | F48: Bh | H48: ='[36]HARGA BAHAN & ALAT'!$F$179 -> 133200 | I48: =G48*H48 -> 0 | J48: Sesuai kebutuhan | L48: ='[36]HARGA BAHAN & ALAT'!$H$179 -> 0.4102 | M48: =H48*L48 -> 54638.64 | N48: https://tkdn.kemenperin.go.id/sertifikat_perush.php?id=QSsoMNgrkDEYcCxSuXBQOYxgtTtMbAZEyUEZIjoHkeM,&id_siinas=e_LvgcF-xqow-MxHTRxjI-78147nnLCAUxKl7HxUfnc,
C49: d. | D49: Rambu Kewajiban | F49: Bh | H49: ='[36]HARGA BAHAN & ALAT'!$F$179 -> 133200 | I49: =G49*H49 -> 0 | J49: Sesuai kebutuhan | L49: ='[36]HARGA BAHAN & ALAT'!$H$179 -> 0.4102 | M49: =H49*L49 -> 54638.64 | N49: https://tkdn.kemenperin.go.id/sertifikat_perush.php?id=QSsoMNgrkDEYcCxSuXBQOYxgtTtMbAZEyUEZIjoHkeM,&id_siinas=e_LvgcF-xqow-MxHTRxjI-78147nnLCAUxKl7HxUfnc,
C50: G. | D50: Sub Total Rambu-rambu yang Diperlukan | I50: =SUM(I46:I49) -> 0
B52: VIII. | C52: KONSULTASI DENGAN AHLI TERKAIT KESELAMATAN KONSTRUKSI:
C53: a. | D53: Ahli Lingkungan | F53: OJ | G53: 0 | H53: 500000 | I53: =G53*H53 -> 0 | J53: Sesuai kebutuhan memperhatikan jenis pekerjaan dan waktu pelaksanaan pekerjaan | L53: 1 | M53: =H53*L53 -> 500000
C54: b. | D54: Ahli Perpipaan | F54: OJ | G54: 0 | H54: 500000 | I54: =G54*H54 -> 0 | L54: 1 | M54: =H54*L54 -> 500000
C55: H. | D55: Sub Total Konsultasi dengan Ahli Terkait Keselamatan Konstruksi | I55: =SUM(I53:I54) -> 0
B57: IX. | C57: LAIN-LAIN TERKAIT PENGENDALIAN RISIKO KESELAMATAN KONSTRUKSI:
C58: a. | D58: ='[36]HARGA BAHAN & ALAT'!D184 -> APAR 3 kg (+ Set Komplit (Tabung+ABC Power+ Nitrogen) | F58: Bh | G58: 0 | H58: ='[36]HARGA BAHAN & ALAT'!$F$184 -> 189000 | I58: =G58*H58 -> 0 | J58: Sesuai kebutuhan memperhatikan jenis pekerjaan dan risiko k3 pekerjaan | L58: ='[36]HARGA BAHAN & ALAT'!H184 -> 0.1673 | M58: =H58*L58 -> 31619.7 | N58: https://tkdn.kemenperin.go.id/sertifikat_perush.php?id=PoGlz6lDNjHjW3VZldQ4WzigaYNafopxEMoEvdhwHhY,&id_siinas=MR8DDg3dPaYUSfFePML5VMM14cs-AdtXrfiG2349nWY,
C59: b. | D59: Sirine | F59: Bh | I59: =G59*H59 -> 0 | M59: =H59*L59 -> 0
C60: b. | D60: Bendera K3 | F60: Bh | G60: 0 | H60: ='[36]HARGA BAHAN & ALAT'!$F$185 -> 52000 | I60: =G60*H60 -> 0 | J60: Sesuai kebutuhan | L60: ='[36]HARGA BAHAN & ALAT'!H185 -> #REF! | M60: =H60*L60 -> #REF!
C61: c. | D61: Lampu Darurat (Emergency Lamp) | F61: Bh | G61: 0 | H61: ='[36]HARGA BAHAN & ALAT'!$F$186 -> 135000 | I61: =G61*H61 -> 0 | J61: Sesuai kebutuhan | L61: ='[36]HARGA BAHAN & ALAT'!H186 -> 0.2538 | M61: =H61*L61 -> 34263 | N61: https://tkdn.kemenperin.go.id/sertifikat_perush.php?id=1dU3IX_7z_CFV_eTU6p_b-V79Fe7qPLM64ZY5mFyRqE,&id_siinas=j-Mc25-YrBhQ_AWr_-pp_xsKj_I_g5hXg-o_dsButnI,
C62: d. | D62: Pembuatan Kartu Identitas Pekerja (KIP) | F62: Lb | G62: 0 | H62: ='[36]HARGA BAHAN & ALAT'!$F$187 -> 10000 | I62: =G62*H62 -> 0 | J62: Sesuai kebutuhan memperhatikan jumlah pekerja | L62: ='[36]HARGA BAHAN & ALAT'!H187 -> #REF! | M62: =H62*L62 -> #REF!
C63: e. | D63: Program Inspeksi dan Audit Internal | F63: Ls | G63: 0 | H63: 500000 | I63: =G63*H63 -> 0 | J63: Sesuai kebutuhan memperhatikan jenis dan waktu pekerjaan | L63: 0 | M63: =H63*L63 -> 0
C64: f. | D64: Pelaporan dan Penyelidikan Insiden | F64: Ls | G64: 0 | H64: 500000 | I64: =G64*H64 -> 0 | J64: Sesuai kebutuhan memperhatikan jenis dan waktu pekerjaan | L64: 0 | M64: =H64*L64 -> 0
C65: I. | D65: Sub Total Lain-lain Terkait Pengendalian Risiko Keselamatan Konstruksi | I65: =SUM(I58:I64) -> 0
B67: JUMLAH I + II + III + IV + V + VI + VII + VIII + IX | I67: =I14+I22+I32+I36+I39+I43+I50+I55+I65 -> 1000000

Sheet Sheet1
C4: Network Table - Nodes
B5: No | C5: =I6 -> Node ID | D5: Demand | E5: Head | F5: Pressure
D6: LPS | E6: m | F6: m | I6: Node ID
B7: 1 | C7: Junc J1 | D7: 0.00 | E7: 285.99 | F7: 1.99
B8: 2 | C8: Junc J2 | D8: 0.20 | E8: 285.97 | F8: 4.97
B9: 3 | C9: Junc J3 | D9: 0.00 | E9: 285.97 | F9: 5.97
B10: 4 | C10: Junc J4 | D10: 0.22 | E10: 285.88 | F10: 5.88
B11: 5 | C11: Junc J5 | D11: 0.00 | E11: 289.74 | F11: 8.74
B12: 6 | C12: Resvr R1 | D12: -25.01 | E12: 261.00 | F12: 0.00
B13: 7 | C13: Resvr R2 | D13: 24.59 | E13: 286.00 | F13: 0.00

Sheet BOR 8"
B3: NO | C3: U R A I A N | I3: HARGA SATUAN | J3: JUMLAH HARGA
I5: (Rp) | J5: (Rp)
B7: II. | C7: ANALISA PEKERJAAN PENGEBORAN
B9: A. | C9: DRILLING RIG
C11: Merk/Produksi | D11: : | E11: LONG YEARD 44 ( DRILLING RIG, PISTON PUMP )
C12: Type/Model | D12: : | E12: SKID MOUNTED
C13: Umur Ekonomi | D13: : | E13: a..................... | H13: 3 | I13: tahun
C14: Jam Kerja Pertahun | D14: : | E14: b..................... | H14: 2500 | I14: jam
C15: Harga Dasar Alat | D15: : | E15: A..................... | I15: 450000000 | K15: =[37]HARSAT!G35 -> 743325.29
C16: Nilai Depresiasi | D16: : | E16: B = A x 10 % ......... | I16: =I15*0.1 -> 45000000
C17: Nilai Sisa | D17: : | E17: C = A - B ............ | I17: =I15-I16 -> 405000000
C18: Data-Data Peralatan : | D18: :
C19: - HP/Berat | D19: : | E19: =100/2 -> 50 | F19: PK
C20: - Oli Mesin | D20: : | E20: =10/2 -> 5 | F20: Liter
C21: - Oli Gardan | D21: : | E21: =20/2 -> 10 | F21: Liter
C22: - Oli Transmisi | D22: : | E22: =20/2 -> 10 | F22: Liter
C23: - Oli Hidrolik | D23: : | E23: =90/2 -> 45 | F23: Liter
C25: Biaya Peralatan | D25: :
C26: a. Direct Cost ( Biaya Langsung ) perjam
C28: 1. Depresiasi
C29: 2. Biaya pemilikan, Asuransi, Pajak dll. = C : (a x b) | J29: =I17/(H13*H14) -> 54000
C30: 3. Biaya operasi peralatan perjam = 25 % x (a+1) : 2a x (A:b) | J30: =(((0.25*(H13+1))/(2*H13)))*(I15/H14) -> 30000
C31: a. Bahan Bakar | D31: = | E31: 0.15 | F31: x | G31: =E19 -> 50 | H31: Ltr | I31: 6800 | J31: =E31*G31*I31 -> 51000 | K31: 0.15
C32: b. Pelumas Mesin | D32: = | E32: =E20/200 -> 0.025 | F32: x | G32: =E19/G31 -> 1 | H32: Ltr | I32: 9750 | J32: =E32*G32*I32 -> 243.75 | K32: 10 | L32: / | M32: 200
C33: c. Pelumas Gardan | D33: = | E33: =E21/250 -> 0.04 | F33: x | G33: 1.2 | H33: Ltr | I33: 9750 | J33: =E33*G33*I33 -> 468 | K33: 20 | L33: / | M33: 250
C34: d. Pelumas Hidrolik | D34: = | E34: =E23/450 -> 0.1 | F34: x | G34: 1.2 | H34: Ltr | I34: 7750 | J34: =E34*G34*I34 -> 930 | K34: 90 | L34: / | M34: 450
C35: e. Stemfet/Graese | D35: = | G35: 2 | H35: Kg | I35: 7750 | J35: =G35*I35 -> 15500
C36: 4. Biaya Perbaikan | D36: = | E36: 10 % ( A / (a x b ) | J36: =0.1*((I15/(H13*H14))) -> 6000
J37: =SUM(J29:J36) -> 158141.75
C38: b. Indirect Cost ( Biaya Tak Langsung ) perjam
C39: (Biaya Gudang, Force Majeur, Over Head) = 10 % x Biaya Langsung | J39: =J37*0.1 -> 15814.175
D40: Total Biaya Peralatan Bor Perjam ....... | J40: =SUM(J37:J39) -> 173955.92
D41: Dibulatkan ............................. | J41: =ROUND(J40-5,-1) -> 173950
B44: B. | C44: PUMPING TEST EQUIPMENT
C46: Merk/Produksi | D46: : | E46: PENGGERAK DEUTZ, POMPA LOWARA
C47: Type/Model | D47: : | E47: SKID MOUNTED
C48: Umur Ekonomi | D48: : | E48: a..................... | H48: 3 | I48: tahun
C49: Jam Kerja Pertahun | D49: : | E49: b..................... | H49: 7500 | I49: jam
C50: Harga Dasar Alat | D50: : | E50: A..................... | I50: =50000000-5000000+1200000+2000000+800000 -> 49000000
C51: Nilai Depresiasi | D51: : | E51: B = A x 10 % ......... | I51: =I50*0.1 -> 4900000
C52: Nilai Sisa | D52: : | E52: C = A - B ............ | I52: =I50-I51 -> 44100000
C53: Data-Data Peralatan : | D53: :
C54: - HP/Berat | D54: : | E54: 100 | F54: PK
C55: - Oli Mesin | D55: : | E55: 10 | F55: Liter
C57: Biaya Peralatan | D57: :
C58: a. Direct Cost ( Biaya Langsung ) perjam
C60: 1. Depresiasi
C61: 2. Biaya pemilikan, Asuransi, Pajak dll. = C : (a+b) | J61: =I52/(H48*H49) -> 1960
C62: 3. Biaya operasi peralatan perjam = 25 % x (a+1) : 2a x (A:b) | J62: =(((0.25*(H48+1))/(2*H48)))*(I50/H49) -> 1088.8889
C63: a. Bahan Bakar | D63: = | E63: 0.15 | F63: x | G63: =E54 -> 100 | H63: Ltr | I63: =$I$31 -> 6800 | J63: =E63*G63*I63 -> 102000
C64: b. Pelumas Mesin | D64: = | E64: =E55/200 -> 0.05 | F64: x | G64: =G63/E54 -> 1 | H64: Ltr | I64: =$I$32 -> 9750 | J64: =E64*G64*I64 -> 487.5
C65: c. Stemfet/Graese | D65: = | G65: 2 | H65: Kg | I65: =$I$34 -> 7750 | J65: =G65*I65 -> 15500
C66: 4. Biaya Perbaikan | D66: = | E66: 10 % ( A / (a x b ) | J66: =0.1*((I50/(H48*H49))) -> 217.77778
J67: =SUM(J61:J66) -> 121254.17
C68: b. Indirect Cost ( Biaya Tak Langsung ) perjam
C69: (Biaya Gudang, Force Majeur, Over Head) = 10 % x Biaya Langsung | J69: =J67*0.1 -> 12125.417
D70: Total Biaya Peralatan Pumping Test Perjam | J70: =SUM(J67:J69) -> 133379.58
D71: Dibulatkan .............................. | J71: =ROUND(J70-5,-1) -> 133370
B73: C. | C73: AIRLIFTING EQUIPMENT
C75: Merk/Produksi | D75: : | E75: COMPRESSOR INGERSOL RAND
C76: Type/Model | D76: : | E76: TRILER MOUNTED
C77: Umur Ekonomi | D77: : | E77: a..................... | H77: 2 | I77: tahun
C78: Jam Kerja Pertahun | D78: : | E78: b..................... | H78: 600 | I78: jam
C79: Harga Dasar Alat | D79: : | E79: A..................... | I79: =500000000-55000000+20000000+15000000+10000000-90000000-9000000-5000000 -> 386000000
C80: Nilai Depresiasi | D80: : | E80: B = A x 10 % ......... | I80: =I79*0.1 -> 38600000
C81: Nilai Sisa | D81: : | E81: C = A - B ............ | I81: =I79-I80 -> 347400000
C82: Data-Data Peralatan : | D82: :
C83: - HP/Berat | D83: : | E83: 300 | F83: PK
C84: - Oli Mesin | D84: : | E84: 15.5 | F84: Liter
C85: - Oli Gardan | D85: : | E85: 20 | F85: Liter
C87: Biaya Peralatan | D87: :
C88: a. Direct Cost ( Biaya Langsung ) perjam
C90: 1. Depresiasi
C91: 2. Biaya pemilikan, Asuransi, Pajak dll. = C : (a+b) | J91: =I81/(H77*H78) -> 289500
C92: 3. Biaya operasi peralatan perjam = 25 % x (a+1) : 2a x (A:b) | J92: =(((0.25*(H77+1))/(2*H77)))*(I79/H78) -> 120625
C93: a. Bahan Bakar | D93: = | E93: 0.15 | F93: x | G93: =E83 -> 300 | H93: Ltr | I93: =I63 -> 6800 | J93: =E93*G93*I93 -> 306000
C94: b. Pelumas Mesin | D94: = | E94: =E84/200 -> 0.0775 | F94: x | G94: =E83/G93 -> 1 | H94: Ltr | I94: =I64 -> 9750 | J94: =E94*G94*I94 -> 755.625
C95: c. Pelumas Gardan | D95: = | E95: =E85/250 -> 0.08 | F95: x | G95: 1.2 | H95: Ltr | I95: =I94 -> 9750 | J95: =E95*G95*I95 -> 936
C96: d. Stemfet/Graese | D96: = | G96: 2 | H96: Kg | I96: =I65 -> 7750 | J96: =G96*I96 -> 15500
C97: 4. Biaya Perbaikan | D97: = | E97: 10 % ( A / (a x b ) | J97: =0.1*((I79/(H77*H78))) -> 32166.667
J98: =SUM(J91:J97) -> 765483.29
C99: b. Indirect Cost ( Biaya Tak Langsung ) perjam
C100: (Biaya Gudang, Force Majeur, Over Head) = 10 % x Biaya Langsung | J100: =J98*0.1 -> 76548.329
D101: Total Biaya Peralatan Airlift Test Perjam | J101: =SUM(J98:J100) -> 842031.62
D102: Dibulatkan .............................. | J102: =ROUND(J101-5,-1) -> 842030

Sheet BOR 6"
B3: NO | C3: U R A I A N | I3: HARGA SATUAN | J3: JUMLAH HARGA
I5: (Rp) | J5: (Rp)
B7: II. | C7: ANALISA PEKERJAAN PENGEBORAN
B9: A. | C9: DRILLING RIG
C11: Merk/Produksi | D11: : | E11: LONG YEARD 44 ( DRILLING RIG, PISTON PUMP )
C12: Type/Model | D12: : | E12: SKID MOUNTED
C13: Umur Ekonomi | D13: : | E13: a..................... | H13: 3 | I13: tahun
C14: Jam Kerja Pertahun | D14: : | E14: b..................... | H14: 2500 | I14: jam
C15: Harga Dasar Alat | D15: : | E15: A..................... | I15: 250000000 | K15: =[37]HARSAT!G35 -> 743325.29
C16: Nilai Depresiasi | D16: : | E16: B = A x 10 % ......... | I16: =I15*0.1 -> 25000000
C17: Nilai Sisa | D17: : | E17: C = A - B ............ | I17: =I15-I16 -> 225000000
C18: Data-Data Peralatan : | D18: :
C19: - HP/Berat | D19: : | E19: =100/2 -> 50 | F19: PK
C20: - Oli Mesin | D20: : | E20: =10/2 -> 5 | F20: Liter
C21: - Oli Gardan | D21: : | E21: =20/2 -> 10 | F21: Liter
C22: - Oli Transmisi | D22: : | E22: =20/2 -> 10 | F22: Liter
C23: - Oli Hidrolik | D23: : | E23: =90/2 -> 45 | F23: Liter
C25: Biaya Peralatan | D25: :
C26: a. Direct Cost ( Biaya Langsung ) perjam
C28: 1. Depresiasi
C29: 2. Biaya pemilikan, Asuransi, Pajak dll. = C : (a x b) | J29: =I17/(H13*H14) -> 30000
C30: 3. Biaya operasi peralatan perjam = 25 % x (a+1) : 2a x (A:b) | J30: =(((0.25*(H13+1))/(2*H13)))*(I15/H14) -> 16666.667
C31: a. Bahan Bakar | D31: = | E31: 0.15 | F31: x | G31: =E19 -> 50 | H31: Ltr | I31: 6800 | J31: =E31*G31*I31 -> 51000 | K31: 0.15
C32: b. Pelumas Mesin | D32: = | E32: =E20/200 -> 0.025 | F32: x | G32: =E19/G31 -> 1 | H32: Ltr | I32: 9750 | J32: =E32*G32*I32 -> 243.75 | K32: 10 | L32: / | M32: 200
C33: c. Pelumas Gardan | D33: = | E33: =E21/250 -> 0.04 | F33: x | G33: 1.2 | H33: Ltr | I33: 9750 | J33: =E33*G33*I33 -> 468 | K33: 20 | L33: / | M33: 250
C34: d. Pelumas Hidrolik | D34: = | E34: =E23/450 -> 0.1 | F34: x | G34: 1.2 | H34: Ltr | I34: 7750 | J34: =E34*G34*I34 -> 930 | K34: 90 | L34: / | M34: 450
C35: e. Stemfet/Graese | D35: = | G35: 2 | H35: Kg | I35: 7750 | J35: =G35*I35 -> 15500
C36: 4. Biaya Perbaikan | D36: = | E36: 10 % ( A / (a x b ) | J36: =0.1*((I15/(H13*H14))) -> 3333.3333
J37: =SUM(J29:J36) -> 118141.75
C38: b. Indirect Cost ( Biaya Tak Langsung ) perjam
C39: (Biaya Gudang, Force Majeur, Over Head) = 10 % x Biaya Langsung | J39: =J37*0.1 -> 11814.175
D40: Total Biaya Peralatan Bor Perjam ....... | J40: =SUM(J37:J39) -> 129955.92
D41: Dibulatkan ............................. | J41: =ROUND(J40-5,-1) -> 129950
B44: B. | C44: PUMPING TEST EQUIPMENT
C46: Merk/Produksi | D46: : | E46: PENGGERAK DEUTZ, POMPA LOWARA
C47: Type/Model | D47: : | E47: SKID MOUNTED
C48: Umur Ekonomi | D48: : | E48: a..................... | H48: 3 | I48: tahun
C49: Jam Kerja Pertahun | D49: : | E49: b..................... | H49: 7500 | I49: jam
C50: Harga Dasar Alat | D50: : | E50: A..................... | I50: =50000000-5000000+1200000+2000000+800000 -> 49000000
C51: Nilai Depresiasi | D51: : | E51: B = A x 10 % ......... | I51: =I50*0.1 -> 4900000
C52: Nilai Sisa | D52: : | E52: C = A - B ............ | I52: =I50-I51 -> 44100000
C53: Data-Data Peralatan : | D53: :
C54: - HP/Berat | D54: : | E54: 100 | F54: PK
C55: - Oli Mesin | D55: : | E55: 10 | F55: Liter
C57: Biaya Peralatan | D57: :
C58: a. Direct Cost ( Biaya Langsung ) perjam
C60: 1. Depresiasi
C61: 2. Biaya pemilikan, Asuransi, Pajak dll. = C : (a+b) | J61: =I52/(H48*H49) -> 1960
C62: 3. Biaya operasi peralatan perjam = 25 % x (a+1) : 2a x (A:b) | J62: =(((0.25*(H48+1))/(2*H48)))*(I50/H49) -> 1088.8889
C63: a. Bahan Bakar | D63: = | E63: 0.15 | F63: x | G63: =E54 -> 100 | H63: Ltr | I63: =$I$31 -> 6800 | J63: =E63*G63*I63 -> 102000
C64: b. Pelumas Mesin | D64: = | E64: =E55/200 -> 0.05 | F64: x | G64: =G63/E54 -> 1 | H64: Ltr | I64: =$I$32 -> 9750 | J64: =E64*G64*I64 -> 487.5
C65: c. Stemfet/Graese | D65: = | G65: 2 | H65: Kg | I65: =$I$34 -> 7750 | J65: =G65*I65 -> 15500
C66: 4. Biaya Perbaikan | D66: = | E66: 10 % ( A / (a x b ) | J66: =0.1*((I50/(H48*H49))) -> 217.77778
J67: =SUM(J61:J66) -> 121254.17
C68: b. Indirect Cost ( Biaya Tak Langsung ) perjam
C69: (Biaya Gudang, Force Majeur, Over Head) = 10 % x Biaya Langsung | J69: =J67*0.1 -> 12125.417
D70: Total Biaya Peralatan Pumping Test Perjam | J70: =SUM(J67:J69) -> 133379.58
D71: Dibulatkan .............................. | J71: =ROUND(J70-5,-1) -> 133370
B73: C. | C73: AIRLIFTING EQUIPMENT
C75: Merk/Produksi | D75: : | E75: COMPRESSOR INGERSOL RAND
C76: Type/Model | D76: : | E76: TRILER MOUNTED
C77: Umur Ekonomi | D77: : | E77: a..................... | H77: 2 | I77: tahun
C78: Jam Kerja Pertahun | D78: : | E78: b..................... | H78: 600 | I78: jam
C79: Harga Dasar Alat | D79: : | E79: A..................... | I79: =500000000-55000000+20000000+15000000+10000000-90000000-9000000-5000000 -> 386000000
C80: Nilai Depresiasi | D80: : | E80: B = A x 10 % ......... | I80: =I79*0.1 -> 38600000
C81: Nilai Sisa | D81: : | E81: C = A - B ............ | I81: =I79-I80 -> 347400000
C82: Data-Data Peralatan : | D82: :
C83: - HP/Berat | D83: : | E83: 300 | F83: PK
C84: - Oli Mesin | D84: : | E84: 15.5 | F84: Liter
C85: - Oli Gardan | D85: : | E85: 20 | F85: Liter
C87: Biaya Peralatan | D87: :
C88: a. Direct Cost ( Biaya Langsung ) perjam
C90: 1. Depresiasi
C91: 2. Biaya pemilikan, Asuransi, Pajak dll. = C : (a+b) | J91: =I81/(H77*H78) -> 289500
C92: 3. Biaya operasi peralatan perjam = 25 % x (a+1) : 2a x (A:b) | J92: =(((0.25*(H77+1))/(2*H77)))*(I79/H78) -> 120625
C93: a. Bahan Bakar | D93: = | E93: 0.15 | F93: x | G93: =E83 -> 300 | H93: Ltr | I93: =I63 -> 6800 | J93: =E93*G93*I93 -> 306000
C94: b. Pelumas Mesin | D94: = | E94: =E84/200 -> 0.0775 | F94: x | G94: =E83/G93 -> 1 | H94: Ltr | I94: =I64 -> 9750 | J94: =E94*G94*I94 -> 755.625
C95: c. Pelumas Gardan | D95: = | E95: =E85/250 -> 0.08 | F95: x | G95: 1.2 | H95: Ltr | I95: =I94 -> 9750 | J95: =E95*G95*I95 -> 936
C96: d. Stemfet/Graese | D96: = | G96: 2 | H96: Kg | I96: =I65 -> 7750 | J96: =G96*I96 -> 15500
C97: 4. Biaya Perbaikan | D97: = | E97: 10 % ( A / (a x b ) | J97: =0.1*((I79/(H77*H78))) -> 32166.667
J98: =SUM(J91:J97) -> 765483.29
C99: b. Indirect Cost ( Biaya Tak Langsung ) perjam
C100: (Biaya Gudang, Force Majeur, Over Head) = 10 % x Biaya Langsung | J100: =J98*0.1 -> 76548.329
D101: Total Biaya Peralatan Airlift Test Perjam | J101: =SUM(J98:J100) -> 842031.62
D102: Dibulatkan .............................. | J102: =ROUND(J101-5,-1) -> 842030

Sheet BOR 4"
B3: NO | C3: U R A I A N | I3: HARGA SATUAN | J3: JUMLAH HARGA
I5: (Rp) | J5: (Rp)
B7: II. | C7: ANALISA PEKERJAAN PENGEBORAN
B9: A. | C9: DRILLING RIG
C11: Merk/Produksi | D11: : | E11: LONG YEARD 44 ( DRILLING RIG, PISTON PUMP )
C12: Type/Model | D12: : | E12: SKID MOUNTED
C13: Umur Ekonomi | D13: : | E13: a..................... | H13: 3 | I13: tahun
C14: Jam Kerja Pertahun | D14: : | E14: b..................... | H14: 2500 | I14: jam
C15: Harga Dasar Alat | D15: : | E15: A..................... | I15: 150000000 | K15: 150000000
C16: Nilai Depresiasi | D16: : | E16: B = A x 10 % ......... | I16: 15000000 | K16: 15000000
C17: Nilai Sisa | D17: : | E17: C = A - B ............ | I17: 135000000 | K17: 135000000
C18: Data-Data Peralatan : | D18: :
C19: - HP/Berat | D19: : | E19: =100/4 -> 25 | F19: PK
C20: - Oli Mesin | D20: : | E20: =10/4 -> 2.5 | F20: Liter
C21: - Oli Gardan | D21: : | E21: =20/4 -> 5 | F21: Liter
C22: - Oli Transmisi | D22: : | E22: =20/4 -> 5 | F22: Liter
C23: - Oli Hidrolik | D23: : | E23: =90/4 -> 22.5 | F23: Liter
C25: Biaya Peralatan | D25: :
C26: a. Direct Cost ( Biaya Langsung ) perjam
C28: 1. Depresiasi
C29: 2. Biaya pemilikan, Asuransi, Pajak dll. = C : (a x b) | J29: =I17/(H13*H14) -> 18000
C30: 3. Biaya operasi peralatan perjam = 25 % x (a+1) : 2a x (A:b) | J30: =(((0.25*(H13+1))/(2*H13)))*(I15/H14) -> 10000
C31: a. Bahan Bakar | D31: = | E31: 0.15 | F31: x | G31: =E19 -> 25 | H31: Ltr | I31: 6800 | J31: =E31*G31*I31 -> 25500 | K31: 0.15
C32: b. Pelumas Mesin | D32: = | E32: =E20/200 -> 0.0125 | F32: x | G32: =E19/G31 -> 1 | H32: Ltr | I32: =10000-3000+1500+1000+250 -> 9750 | J32: =E32*G32*I32 -> 121.875 | K32: 10 | L32: / | M32: 200
C33: c. Pelumas Gardan | D33: = | E33: =E21/250 -> 0.02 | F33: x | G33: 1.2 | H33: Ltr | I33: =I32 -> 9750 | J33: =E33*G33*I33 -> 234 | K33: 20 | L33: / | M33: 250
C34: d. Pelumas Hidrolik | D34: = | E34: =E23/450 -> 0.05 | F34: x | G34: 1.2 | H34: Ltr | I34: =8000-2500+1300+700+250 -> 7750 | J34: =E34*G34*I34 -> 465 | K34: 90 | L34: / | M34: 450
C35: e. Stemfet/Graese | D35: = | G35: 2 | H35: Kg | I35: =I34 -> 7750 | J35: =G35*I35 -> 15500
C36: 4. Biaya Perbaikan | D36: = | E36: 10 % ( A / (a x b ) | J36: =0.1*((I15/(H13*H14))) -> 2000
J37: =SUM(J29:J36) -> 71820.875
C38: b. Indirect Cost ( Biaya Tak Langsung ) perjam
C39: (Biaya Gudang, Force Majeur, Over Head) = 10 % x Biaya Langsung | J39: =J37*0.1 -> 7182.0875
D40: Total Biaya Peralatan Bor Perjam ....... | J40: =SUM(J37:J39) -> 79002.962
D41: Dibulatkan ............................. | J41: =ROUND(J40-5,-1) -> 79000
B44: B. | C44: PUMPING TEST EQUIPMENT
C46: Merk/Produksi | D46: : | E46: PENGGERAK DEUTZ, POMPA LOWARA
C47: Type/Model | D47: : | E47: SKID MOUNTED
C48: Umur Ekonomi | D48: : | E48: a..................... | H48: 3 | I48: tahun
C49: Jam Kerja Pertahun | D49: : | E49: b..................... | H49: 7500 | I49: jam
C50: Harga Dasar Alat | D50: : | E50: A..................... | I50: =50000000-5000000+1200000+2000000+800000 -> 49000000 | K50: 49000000
C51: Nilai Depresiasi | D51: : | E51: B = A x 10 % ......... | I51: =I50*0.1 -> 4900000 | K51: 4900000
C52: Nilai Sisa | D52: : | E52: C = A - B ............ | I52: =I50-I51 -> 44100000 | K52: 44100000
C53: Data-Data Peralatan : | D53: :
C54: - HP/Berat | D54: : | E54: 100 | F54: PK
C55: - Oli Mesin | D55: : | E55: 10 | F55: Liter
C57: Biaya Peralatan | D57: :
C58: a. Direct Cost ( Biaya Langsung ) perjam
C60: 1. Depresiasi
C61: 2. Biaya pemilikan, Asuransi, Pajak dll. = C : (a+b) | J61: =I52/(H48*H49) -> 1960
C62: 3. Biaya operasi peralatan perjam = 25 % x (a+1) : 2a x (A:b) | J62: =(((0.25*(H48+1))/(2*H48)))*(I50/H49) -> 1088.8889
C63: a. Bahan Bakar | D63: = | E63: 0.15 | F63: x | G63: =E54 -> 100 | H63: Ltr | I63: =$I$31 -> 6800 | J63: =E63*G63*I63 -> 102000
C64: b. Pelumas Mesin | D64: = | E64: =E55/200 -> 0.05 | F64: x | G64: =G63/E54 -> 1 | H64: Ltr | I64: =$I$32 -> 9750 | J64: =E64*G64*I64 -> 487.5
C65: c. Stemfet/Graese | D65: = | G65: 2 | H65: Kg | I65: =$I$34 -> 7750 | J65: =G65*I65 -> 15500
C66: 4. Biaya Perbaikan | D66: = | E66: 10 % ( A / (a x b ) | J66: =0.1*((I50/(H48*H49))) -> 217.77778
J67: =SUM(J61:J66) -> 121254.17
C68: b. Indirect Cost ( Biaya Tak Langsung ) perjam
C69: (Biaya Gudang, Force Majeur, Over Head) = 10 % x Biaya Langsung | J69: =J67*0.1 -> 12125.417
D70: Total Biaya Peralatan Pumping Test Perjam | J70: =SUM(J67:J69) -> 133379.58
D71: Dibulatkan .............................. | J71: =ROUND(J70-5,-1) -> 133370
B73: C. | C73: AIRLIFTING EQUIPMENT
C75: Merk/Produksi | D75: : | E75: COMPRESSOR INGERSOL RAND
C76: Type/Model | D76: : | E76: TRILER MOUNTED
C77: Umur Ekonomi | D77: : | E77: a..................... | H77: 2 | I77: tahun
C78: Jam Kerja Pertahun | D78: : | E78: b..................... | H78: 600 | I78: jam
C79: Harga Dasar Alat | D79: : | E79: A..................... | I79: =500000000-55000000+20000000+15000000+10000000-90000000-9000000-5000000 -> 386000000
C80: Nilai Depresiasi | D80: : | E80: B = A x 10 % ......... | I80: =I79*0.1 -> 38600000
C81: Nilai Sisa | D81: : | E81: C = A - B ............ | I81: =I79-I80 -> 347400000
C82: Data-Data Peralatan : | D82: :
C83: - HP/Berat | D83: : | E83: 300 | F83: PK
C84: - Oli Mesin | D84: : | E84: 15.5 | F84: Liter
C85: - Oli Gardan | D85: : | E85: 20 | F85: Liter
C87: Biaya Peralatan | D87: :
C88: a. Direct Cost ( Biaya Langsung ) perjam
C90: 1. Depresiasi
C91: 2. Biaya pemilikan, Asuransi, Pajak dll. = C : (a+b) | J91: =I81/(H77*H78) -> 289500
C92: 3. Biaya operasi peralatan perjam = 25 % x (a+1) : 2a x (A:b) | J92: =(((0.25*(H77+1))/(2*H77)))*(I79/H78) -> 120625
C93: a. Bahan Bakar | D93: = | E93: 0.15 | F93: x | G93: =E83 -> 300 | H93: Ltr | I93: =I63 -> 6800 | J93: =E93*G93*I93 -> 306000
C94: b. Pelumas Mesin | D94: = | E94: =E84/200 -> 0.0775 | F94: x | G94: =E83/G93 -> 1 | H94: Ltr | I94: =I64 -> 9750 | J94: =E94*G94*I94 -> 755.625
C95: c. Pelumas Gardan | D95: = | E95: =E85/250 -> 0.08 | F95: x | G95: 1.2 | H95: Ltr | I95: =I94 -> 9750 | J95: =E95*G95*I95 -> 936
C96: d. Stemfet/Graese | D96: = | G96: 2 | H96: Kg | I96: =I65 -> 7750 | J96: =G96*I96 -> 15500
C97: 4. Biaya Perbaikan | D97: = | E97: 10 % ( A / (a x b ) | J97: =0.1*((I79/(H77*H78))) -> 32166.667
J98: =SUM(J91:J97) -> 765483.29
C99: b. Indirect Cost ( Biaya Tak Langsung ) perjam
C100: (Biaya Gudang, Force Majeur, Over Head) = 10 % x Biaya Langsung | J100: =J98*0.1 -> 76548.329
D101: Total Biaya Peralatan Airlift Test Perjam | J101: =SUM(J98:J100) -> 842031.62
D102: Dibulatkan .............................. | J102: =ROUND(J101-5,-1) -> 842030

Sheet BOR 3"
B3: NO | C3: U R A I A N | I3: HARGA SATUAN | J3: JUMLAH HARGA
I5: (Rp) | J5: (Rp)
B7: II. | C7: ANALISA PEKERJAAN PENGEBORAN
B9: A. | C9: DRILLING RIG
C11: Merk/Produksi | D11: : | E11: Rakitan
C12: Type/Model | D12: : | E12: =E11 -> Rakitan
C13: Umur Ekonomi | D13: : | E13: a..................... | H13: 3 | I13: tahun
C14: Jam Kerja Pertahun | D14: : | E14: b..................... | H14: 2500 | I14: jam
C15: Harga Dasar Alat | D15: : | E15: A..................... | I15: 40000000
C16: Nilai Depresiasi | D16: : | E16: B = A x 10 % ......... | I16: =I15*0.1 -> 4000000
C17: Nilai Sisa | D17: : | E17: C = A - B ............ | I17: =I15-I16 -> 36000000
C18: Data-Data Peralatan : | D18: :
C19: - HP/Berat | D19: : | E19: =100/5 -> 20 | F19: PK
C20: - Oli Mesin | D20: : | E20: =10/5 -> 2 | F20: Liter
C21: - Oli Gardan | D21: : | E21: =20/5 -> 4 | F21: Liter
C22: - Oli Transmisi | D22: : | E22: =20/5 -> 4 | F22: Liter
C23: - Oli Hidrolik | D23: : | E23: =90/5 -> 18 | F23: Liter
C25: Biaya Peralatan | D25: :
C26: a. Direct Cost ( Biaya Langsung ) perjam
C28: 1. Depresiasi
C29: 2. Biaya pemilikan, Asuransi, Pajak dll. = C : (a x b) | J29: =I17/(H13*H14) -> 4800
C30: 3. Biaya operasi peralatan perjam = 25 % x (a+1) : 2a x (A:b) | J30: =(((0.25*(H13+1))/(2*H13)))*(I15/H14) -> 2666.6667
C31: a. Bahan Bakar | D31: = | E31: 0.15 | F31: x | G31: =E19 -> 20 | H31: Ltr | I31: 6800 | J31: =E31*G31*I31 -> 20400 | K31: 0.15
C32: b. Pelumas Mesin | D32: = | E32: =E20/200 -> 0.01 | F32: x | G32: =E19/G31 -> 1 | H32: Ltr | I32: =10000-3000+1500+1000+250 -> 9750 | J32: =E32*G32*I32 -> 97.5 | K32: 10 | L32: / | M32: 200
C33: c. Pelumas Gardan | D33: = | E33: =E21/250 -> 0.016 | F33: x | G33: 1.2 | H33: Ltr | I33: =I32 -> 9750 | J33: =E33*G33*I33 -> 187.2 | K33: 20 | L33: / | M33: 250
C34: d. Pelumas Hidrolik | D34: = | E34: =E23/450 -> 0.04 | F34: x | G34: 1.2 | H34: Ltr | I34: =8000-2500+1300+700+250 -> 7750 | J34: =E34*G34*I34 -> 372 | K34: 90 | L34: / | M34: 450
C35: e. Stemfet/Graese | D35: = | G35: 2 | H35: Kg | I35: =I34 -> 7750 | J35: =G35*I35 -> 15500
C36: 4. Biaya Perbaikan | D36: = | E36: 10 % ( A / (a x b ) | J36: =0.1*((I15/(H13*H14))) -> 533.33333
J37: =SUM(J29:J36) -> 44556.7
C38: b. Indirect Cost ( Biaya Tak Langsung ) perjam
C39: (Biaya Gudang, Force Majeur, Over Head) = 10 % x Biaya Langsung | J39: =J37*0.1 -> 4455.67
D40: Total Biaya Peralatan Bor Perjam ....... | J40: =SUM(J37:J39) -> 49012.37
D41: Dibulatkan ............................. | J41: =ROUND(J40-5,-1) -> 49010
B44: B. | C44: PUMPING TEST EQUIPMENT
C46: Merk/Produksi | D46: : | E46: PENGGERAK DEUTZ, POMPA LOWARA
C47: Type/Model | D47: : | E47: SKID MOUNTED
C48: Umur Ekonomi | D48: : | E48: a..................... | H48: 3 | I48: tahun
C49: Jam Kerja Pertahun | D49: : | E49: b..................... | H49: 7500 | I49: jam
C50: Harga Dasar Alat | D50: : | E50: A..................... | I50: =50000000-5000000+1200000+2000000+800000 -> 49000000 | K50: 49000000
C51: Nilai Depresiasi | D51: : | E51: B = A x 10 % ......... | I51: =I50*0.1 -> 4900000 | K51: 4900000
C52: Nilai Sisa | D52: : | E52: C = A - B ............ | I52: =I50-I51 -> 44100000 | K52: 44100000
C53: Data-Data Peralatan : | D53: :
C54: - HP/Berat | D54: : | E54: 100 | F54: PK
C55: - Oli Mesin | D55: : | E55: 10 | F55: Liter
C57: Biaya Peralatan | D57: :
C58: a. Direct Cost ( Biaya Langsung ) perjam
C60: 1. Depresiasi
C61: 2. Biaya pemilikan, Asuransi, Pajak dll. = C : (a+b) | J61: =I52/(H48*H49) -> 1960
C62: 3. Biaya operasi peralatan perjam = 25 % x (a+1) : 2a x (A:b) | J62: =(((0.25*(H48+1))/(2*H48)))*(I50/H49) -> 1088.8889
C63: a. Bahan Bakar | D63: = | E63: 0.15 | F63: x | G63: =E54 -> 100 | H63: Ltr | I63: =$I$31 -> 6800 | J63: =E63*G63*I63 -> 102000
C64: b. Pelumas Mesin | D64: = | E64: =E55/200 -> 0.05 | F64: x | G64: =G63/E54 -> 1 | H64: Ltr | I64: =$I$32 -> 9750 | J64: =E64*G64*I64 -> 487.5
C65: c. Stemfet/Graese | D65: = | G65: 2 | H65: Kg | I65: =$I$34 -> 7750 | J65: =G65*I65 -> 15500
C66: 4. Biaya Perbaikan | D66: = | E66: 10 % ( A / (a x b ) | J66: =0.1*((I50/(H48*H49))) -> 217.77778
J67: =SUM(J61:J66) -> 121254.17
C68: b. Indirect Cost ( Biaya Tak Langsung ) perjam
C69: (Biaya Gudang, Force Majeur, Over Head) = 10 % x Biaya Langsung | J69: =J67*0.1 -> 12125.417
D70: Total Biaya Peralatan Pumping Test Perjam | J70: =SUM(J67:J69) -> 133379.58
D71: Dibulatkan .............................. | J71: =ROUND(J70-5,-1) -> 133370
B73: C. | C73: AIRLIFTING EQUIPMENT
C75: Merk/Produksi | D75: : | E75: COMPRESSOR INGERSOL RAND
C76: Type/Model | D76: : | E76: TRILER MOUNTED
C77: Umur Ekonomi | D77: : | E77: a..................... | H77: 2 | I77: tahun
C78: Jam Kerja Pertahun | D78: : | E78: b..................... | H78: 600 | I78: jam
C79: Harga Dasar Alat | D79: : | E79: A..................... | I79: =500000000-55000000+20000000+15000000+10000000-90000000-9000000-5000000 -> 386000000
C80: Nilai Depresiasi | D80: : | E80: B = A x 10 % ......... | I80: =I79*0.1 -> 38600000
C81: Nilai Sisa | D81: : | E81: C = A - B ............ | I81: =I79-I80 -> 347400000
C82: Data-Data Peralatan : | D82: :
C83: - HP/Berat | D83: : | E83: 300 | F83: PK
C84: - Oli Mesin | D84: : | E84: 15.5 | F84: Liter
C85: - Oli Gardan | D85: : | E85: 20 | F85: Liter
C87: Biaya Peralatan | D87: :
C88: a. Direct Cost ( Biaya Langsung ) perjam
C90: 1. Depresiasi
C91: 2. Biaya pemilikan, Asuransi, Pajak dll. = C : (a+b) | J91: =I81/(H77*H78) -> 289500
C92: 3. Biaya operasi peralatan perjam = 25 % x (a+1) : 2a x (A:b) | J92: =(((0.25*(H77+1))/(2*H77)))*(I79/H78) -> 120625
C93: a. Bahan Bakar | D93: = | E93: 0.15 | F93: x | G93: =E83 -> 300 | H93: Ltr | I93: =I63 -> 6800 | J93: =E93*G93*I93 -> 306000
C94: b. Pelumas Mesin | D94: = | E94: =E84/200 -> 0.0775 | F94: x | G94: =E83/G93 -> 1 | H94: Ltr | I94: =I64 -> 9750 | J94: =E94*G94*I94 -> 755.625
C95: c. Pelumas Gardan | D95: = | E95: =E85/250 -> 0.08 | F95: x | G95: 1.2 | H95: Ltr | I95: =I94 -> 9750 | J95: =E95*G95*I95 -> 936
C96: d. Stemfet/Graese | D96: = | G96: 2 | H96: Kg | I96: =I65 -> 7750 | J96: =G96*I96 -> 15500
C97: 4. Biaya Perbaikan | D97: = | E97: 10 % ( A / (a x b ) | J97: =0.1*((I79/(H77*H78))) -> 32166.667
J98: =SUM(J91:J97) -> 765483.29
C99: b. Indirect Cost ( Biaya Tak Langsung ) perjam
C100: (Biaya Gudang, Force Majeur, Over Head) = 10 % x Biaya Langsung | J100: =J98*0.1 -> 76548.329
D101: Total Biaya Peralatan Airlift Test Perjam | J101: =SUM(J98:J100) -> 842031.62
D102: Dibulatkan .............................. | J102: =ROUND(J101-5,-1) -> 842030
