Workbook
Name \F: #REF!
Name \F: #REF!
Name \I: #REF!
Name \I: #REF!
Name \p: #REF!
Name _______DIV1: #REF!
Name _______DIV1: #REF!
Name _______DIV10: #REF!
Name _______DIV10: #REF!
Name _______DIV11: #REF!
Name _______DIV11: #REF!
Name _______DIV2: #REF!
Name _______DIV2: #REF!
Name _______DIV3: #REF!
Name _______DIV3: #REF!
Name _______DIV4: #REF!
Name _______DIV4: #REF!
Name _______DIV5: #REF!
Name _______DIV5: #REF!
Name _______DIV6: #REF!
Name _______DIV6: #REF!
Name _______DIV7: #REF!
Name _______DIV7: #REF!
Name _______DIV8: #REF!
Name _______DIV8: #REF!
Name _______DIV9: #REF!
Name _______DIV9: #REF!
Name _______HAL1: #REF!
Name _______HAL1: #REF!
Name _______HAL2: #REF!
Name _______HAL2: #REF!
Name _______HAL3: #REF!
Name _______HAL3: #REF!
Name _______HAL4: #REF!
Name _______HAL4: #REF!
Name _______HAL5: #REF!
Name _______HAL5: #REF!
Name _______HAL6: #REF!
Name _______HAL6: #REF!
Name _______HAL7: #REF!
Name _______HAL7: #REF!
Name _______HAL8: #REF!
Name _______HAL8: #REF!
Name ______DIV1: #REF!
Name ______DIV1: #REF!
Name ______DIV10: #REF!
Name ______DIV10: #REF!
Name ______DIV11: #REF!
Name ______DIV11: #REF!
Name ______DIV2: #REF!
Name ______DIV2: #REF!
Name ______DIV3: #REF!
Name ______DIV3: #REF!
Name ______DIV4: #REF!
Name ______DIV4: #REF!
Name ______DIV5: #REF!
Name ______DIV5: #REF!
Name ______DIV6: #REF!
Name ______DIV6: #REF!
Name ______DIV7: #REF!

Sheet TABEL BESI
A1: 1. Tabel Berat Besi Baja H Beam
A3: No | B3: UKURAN (mm) | C3: PANJANG (M) | D3: Weight (Kg) | E3: BERAT /M1 (Kg)
A4: 1 | B4: L 100x100x6x8 | C4: 12 | D4: 206 | E4: 17167
A5: 2 | B5: L 125x125x5x7 | C5: 12 | D5: 222 | E5: 18500
A6: 3 | B6: L 125x125x6.5×9 | C6: 12 | D6: 286 | E6: 23833
A7: 4 | B7: L 150x150x7x10 | C7: 12 | D7: 378 | E7: 31500
A8: 5 | B8: L 175x175x7x11 | C8: 12 | D8: 482 | E8: 40167
A9: 6 | B9: L 200x200x8x12 | C9: 12 | D9: 599 | E9: 49917
A10: 7 | B10: L 250x250x9x14 | C10: 12 | D10: 869 | E10: 72417
A11: 8 | B11: L 300x300x10x15 | C11: 12 | D11: 1128 | E11: 94000
A12: 9 | B12: L 250x350x12x19 | C12: 12 | D12: 1644 | E12: 137000
A13: 10 | B13: L 400x400x13x21 | C13: 12 | D13: 2064 | E13: 172000
A15: Cara membaca tabel berat besi baja H Beam diatas adalah:
A17: Sebagai Contoh : L 100X100X6X8mm-12 M’ 206 kg 17.167
A19: Arti dimensi besi H beam tersebut adalah :
A21: Panjang 12 M
A23: Tinggi 10 cm
A25: Lebar 10 cm
A27: Tebal Badan 6 mm
A29: Tebal sayap 8 mm
A31: Mempunyai berat total 206 kg
A33: Sedangkan berat per M : 206 / 12 = 17.167
A37: 2. Tabel Berat Besi Baja WF ( Wide Flange )
A39: NO | B39: UKURAN (mm) | C39: PANJANG (M) | D39: Weight (Kg) | E39: BERAT /M1 (Kg)
A40: 1 | B40: WF 100X50X5 X7 | C40: 12 | D40: 112 | E40: 9333
A41: 2 | B41: WF 125X60X6 X8 | C41: 12 | D41: 158 | E41: 13200
A42: 3 | B42: WF 148X100X6X9 | C42: 12 | D42: 253 | E42: 21100
A43: 4 | B43: WF 150X75X5X7 | C43: 12 | D43: 168 | E43: 14000
A44: 5 | B44: WF 175X90X5X8 | C44: 12 | D44: 217 | E44: 18100
A45: 6 | B45: WF 198X99X4,5X7 | C45: 12 | D45: 218 | E45: 18200
A46: 7 | B46: WF 200X100X3,2X4,5 | C46: 12 | D46: 143 | E46: 11917
A47: 8 | B47: WF 200X100X5,5X8 | C47: 12 | D47: 256 | E47: 21333
A48: 9 | B48: WF 248X124X5X8 | C48: 12 | D48: 308 | E48: 25700
A49: 10 | B49: WF 250X125X6X9 | C49: 12 | D49: 355 | E49: 29600
A50: 11 | B50: WF 298X149X6X8 | C50: 12 | D50: 384 | E50: 32000
A51: 12 | B51: WF 300X150X6,5X9 | C51: 12 | D51: 440 | E51: 36700
... A62: 23 | B62: WF 800X300X14X26 | C62: 12 | D62: 2520 | E62: 210000
A64: Cara membaca tabel berat besi baja WF ( Wide Flange) diatas adalah :
A66: Sebagai Contoh : WF 100x50x5x7mm-12 M’ 112 kg 9.333
A68: Artinya dimensi besi WF tersebut adalah :
A70: Panjang 12 m
A72: Tinggi 10 cm
A74: Lebar 5 cm
A76: Tebal badan 5 mm
A78: Tebal sayap 7 mm
A80: Mempunyai berat total 112 kg
A82: Sedangkan berat per M : 112/12 = 9.333 kg
A85: 3. Tabel Berat Besi Baja kanal C/ CNP
A87: No | B87: UKURAN (mm) | C87: PANJANG (M) | D87: Weight (Kg) | E87: BERAT /M1 (Kg)
A88: 1 | B88: L 60X30X10X1,6 | C88: 6 | D88: 9.76 | E88: 1627
A89: 2 | B89: L 75X35X15X1,6 | C89: 6 | D89: 12.4 | E89: 2067
A90: 3 | B90: L 75 X45X15X1,6 | C90: 6 | D90: 13.9 | E90: 2320
A91: 4 | B91: L 75X45X15X2,3 | C91: 6 | D91: 19.5 | E91: 3250
A92: 5 | B92: L 100X50X20X1,6 | C92: 6 | D92: 17.5 | E92: 2917
A93: 6 | B93: L 100X50X20X2,3 | C93: 6 | D93: 24.4 | E93: 4067
A94: 7 | B94: L 100X50X20X3,2 | C94: 6 | D94: 33 | E94: 5500
A95: 8 | B95: L 125X50X20X2,3 | C95: 6 | D95: 27.1 | E95: 4517
A96: 9 | B96: L 125X50X20X3,2 | C96: 6 | D96: 36.8 | E96: 6133
A97: 10 | B97: L 150X50X20X2,3 | C97: 6 | D97: 29.8 | E97: 4967
A98: 11 | B98: L 150X50X20X3,2 | C98: 6 | D98: 40.6 | E98: 6767
A99: 12 | B99: L 150X65X20X2,3 | C99: 6 | D99: 33 | E99: 5500
A100: 13 | B100: L 150X65X20X3,2 | C100: 6 | D100: 45.1 | E100: 7517
A101: 14 | B101: L 200X75X20X3,2 | C101: 6 | D101: 55.6 | E101: 9270
A103: Cara membaca tabel berat besi baja canal C diatas adalah :
A104: Sebagai Contoh : L 60x30x10x1.6 mm-6 M’ 9.76 kg 1.627
A106: Artinya dimensi besi Canal C tersebut adalah :
A108: Panjang 6 m
A110: Tinggi 6 cm
A112: Lebar 3 cm
A114: Bibir 1 cm
A116: Tebal badan 1.6 cm
A118: Mempunyai berat total adalah 9.76 kg
A120: Sedangkan berat per M : 206/6 = 1.627 kg
A122: Sumber : architecturebanten
A124: About thes

Sheet Perhitungan Volume
A1: PERHITUNGAN VOLUME PEKERJAAN
A4: DESA | C4: : Sukaluyu | I4: Lokasi : | J4: Kp. Tegalonyam
A5: KECAMATAN | C5: : Cijati | I5: Kegiatan : | J5: Pembangunan Rehabilitasi MCK
A6: KABUPATEN | C6: : Cianjur | I6: Volume : | J6: 1 Unit ( 2.5 x 3 ) m
A7: PROVINSI | C7: : Jawa Barat
A11: No. | B11: Jenis Pekerjaan | C11: Sat. | D11: Sketsa | F11: VOLUME
F12: P | H12: L | J12: T | L12: Jml | N12: volume
Q13: =#REF!*1.2 -> #REF!
A15: A | B15: PEKERJAAN PERSIAPAN
A16: 1 | B16: Pek. Pasang bouwplank | C16: M' | F16: 6 | G16: + | H16: 2 | I16: + | M16: = | N16: =F16+H16+J16 -> 8
A17: 2 | B17: Pembersihan Lahan sebelum dan sesudah pembangunan | C17: M2 | F17: 6 | G17: X | H17: 2 | M17: = | N17: =F17*H17 -> 12
A19: B | B19: PEKERJAAN TANAH
A20: 1 | B20: Galian tanah pondasi batu kali dan sloof | C20: M3 | F20: =2+2+6+6 -> 16 | G20: x | H20: 0.5 | I20: x | J20: 0.4 | M20: = | N20: =F20*H20*J20 -> 3.2
A21: 2 | B21: Urugan pasir bawah pondasi t = 3 cm | C21: M3 | F21: =F20 -> 16 | G21: =G20 -> x | H21: 0.5 | I21: =I20 -> x | J21: 0.05 | M21: = | N21: =F21*H21*J21 -> 0.4 | Q21: =1.5*3.15 -> 4.725
A22: 3 | B22: Urugan tanah kembali | C22: M3 | M22: = | N22: =N21*0.25 -> 0.1 | Q22: =Q21/2 -> 2.3625
A24: C | B24: PEKERJAAN PASANGAN | Q24: =0.7*2.4 -> 1.68
A25: 1 | B25: Pondasi batu kali Menerus Campuran 1 PC : 4 PP | C25: M3 | F25: =F20 -> 16 | G25: x | H25: =(0.25+0.5)/2 -> 0.375 | K25: * | L25: 0.5 | M25: = | N25: =F25*H25*L25 -> 3 | Q25: =Q24*2 -> 3.36
A26: =A25+1 -> 2 | B26: Pas. dinding Bata Ringan | C26: M2 | F26: =F25 -> 16 | I26: x | J26: 3.05 | K26: - | L26: =Q25 -> 3.36 | M26: = | N26: =((F26*J26)-L26) -> 45.44 | Q26: =Q25-Q22 -> 0.9975
A27: 2 | B27: Pas. dinding batu tempel | C27: M2 | F27: 10 | I27: x | J27: 0.8 | M27: = | N27: =F27*J27 -> 8
F28: =+F27 -> 10 | I28: x | J28: 3.05 | K28: - | L28: =+L26 -> 3.36 | M28: = | N28: =(F28*J28)-L28 -> 27.14
A29: =A27+1 -> 3 | B29: Plesteran dinding 1pc ; 4ps | C29: =C27 -> M2 | M29: = | N29: =+N28*2 -> 54.28
A30: 3 | B30: Pek. Acian | M30: = | N30: =N29 -> 54.28
A32: D | B32: PEKERJAAN BETON
A33: 1 | B33: Sloof Beton Uk.15/20, ad. 1:2:3 | C33: m3 | F33: =F25 -> 16 | G33: x | H33: 0.2 | I33: x | J33: 0.15 | M33: = | N33: =J33*H33*F33 -> 0.48
B34: Tulangan besi polos Ф 12 mm | C34: m' | F34: =F33 -> 16 | G34: x | H34: 4 | M34: = | N34: =F34*4 -> 64 | P34: =N34*0.888 -> 56.832
B35: Jumlah total besi Ф 12 mm | C35: btg | F35: 12 | M35: = | N35: =N34/F35 -> 5.3333333 | P35: =0.888 -> 0.888 | Q35: =P35*F35 -> 10.656
B36: berat per batang = 10.68 | C36: kg | N36: =N35*10.656 -> 56.832 | P36: Ring Balk | Q36: 28 | R36: =0.4+0.4+0.15 -> 0.95
R37: =Q36*R36 -> 26.6
B38: Tulangan geser Ф 8 mm | C38: m' | F38: 2 | G38: x | H38: 0.15 | I38: ,+ | J38: 0.1 | K38: ,+ | L38: 0.05 | N38: =F38*(H38+J38)+L38 -> 0.55
B39: jarak per 15 cm (7 bh/m') | C39: m' | F39: =F33*7 -> 112 | M39: = | N39: =N38*F39 -> 61.6
B40: Jumlah total besi Ф 8 mm | C40: btg | F40: 12 | M40: = | N40: =N39/F40 -> 5.1333333
B41: berat per batang = 4.74 | C41: kg | M41: = | N41: =N40*4.74 -> 24.332 | P41: 0.395 | Q41: =P41*12 -> 4.74
B42: TOTAL PEMBESIAN KG/M3 | C42: Kg/m3 | N42: =N41+N36 -> 81.164
B44: Bekisting Sloof | F44: =F33 -> 16 | G44: x | H44: 0.2 | K44: x | L44: 2 | N44: =+F44*H44*L44 -> 6.4
A46: 2 | B46: Kolom Praktis uk. 15 x 15 cm ad. 1:2:3 | C46: m3 | F46: =3*8 -> 24 | H46: 0.15 | J46: 0.15 | N46: =F46*H46*J46 -> 0.54
B47: Tulangan besi polos Ф 12 mm | C47: m' | F47: =F46 -> 24 | N47: =F46*4 -> 96
B48: Jumlah total besi Ф 12 mm | C48: btg | F48: 12 | N48: =N47/F48 -> 8
B49: berat per batang = 10.68 | C49: kg | N49: =N48*10.656 -> 85.248
B51: Tulangan geser Ф 8 mm | C51: m'
B52: jarak per 15 cm (7 bh/m') | C52: m' | H52: 0.11 | J52: 0.11 | N52: =2*(H52+J52)+0.05 -> 0.49
B53: Jumlah total besi Ф 8 mm | C53: btg | F53: =F46*7 -> 168 | N53: =N52*F53 -> 82.32
B54: berat per batang = 4.74 | C54: kg | F54: 12 | N54: =N53/F54 -> 6.86
N55: =N54*4.74 -> 32.5164
B56: Bekisting Kolom | F56: =F46 -> 24 | G56: x | H56: 0.2 | K56: x | L56: 2 | N56: =+F56*H56*L56 -> 9.6
Q57: =4/0.15 -> 26.666667
A58: 3 | B58: Lantai Beton t = 10 cm ad. 1:2:3 | C58: m3 | N58: =F58*H58*J58 -> 0
F59: 3.5 | G59: x | H59: 4 | I59: x | J59: 0.1 | N59: =F59*H59*J59 -> 1.4
B60: vertikal | F60: =1/0.15 -> 6.6666667 | Q60: =3/0.15 -> 20
B61: Horizontal | F61: =F60 -> 6.6666667 | Q61: =4/0.15 -> 26.666667
B62: Tulangan geser Ф 8 mm | C62: m'
B63: jarak per 15 cm (7 bh/m') | C63: m'
B64: Jumlah total besi Ф 8 mm | C64: btg | F64: =+F60+F61 -> 13.333333 | N64: =+F64 -> 13.333333
B65: berat per batang = 4.74 | C65: kg | F65: 12 | N65: =N64/F65 -> 1.1111111
N66: =N65*4.74 -> 5.2666667
B68: Bekisting Plat | F68: 3.5 | G68: x | H68: 4 | K68: x | N68: =F68*H68 -> 14
A70: 4 | B70: Liplank Beton L = 50 cm ad. 1:2:3 | C70: m3 | F70: =2.5+2.5+3+3 -> 11 | G70: x | H70: 0.5 | I70: x | J70: 0.1 | N70: =F70*H70*J70 -> 0.55
B71: vertikal | F71: 93 | Q71: =14/0.15 -> 93.333333
B72: Horizontal | F72: =14/2 -> 7
B73: Tulangan geser Ф 8 mm | C73: m'
B74: jarak per 15 cm (7 bh/m') | C74: m'
B75: Jumlah total besi Ф 8 mm | C75: btg | F75: =+F71+F72 -> 100 | N75: =+F75 -> 100
B76: berat per batang = 4.74 | C76: kg | F76: 12 | N76: =N75/F76 -> 8.3333333
N77: =N76*4.74 -> 39.5
B78: TOTAL PEMBESIAN KG/M3 | C78: Kg/m3 | N78: =N55+N49+N66+N77 -> 162.53107
B80: Bekisting Plat Lisplank | F80: =F70 -> 11 | G80: x | H80: 0.5 | K80: x | N80: =F80*H80 -> 5.5
B81: TOTAL PEMBESIAN KG/M3 | C81: Kg/m3
A83: 6 | B83: Ringbalk uk. 15x20 cm ad. 1:2:3
B84: Tulangan besi polos Ф 12 mm | C84: m' | F84: =F33 -> 16 | G84: x | H84: 0.2 | I84: x | J84: 0.15 | L84: 0 | M84: = | N84: =J84*H84*F84 -> 0.48
B85: Jumlah total besi Ф 12 mm | C85: btg | F85: =F84 -> 16 | G85: x | H85: 4 | M85: = | N85: =F85*4 -> 64 | R85: =2.5/100 -> 0.025
B86: berat per batang = 10.68 | C86: kg | F86: 12 | M86: = | N86: =N85/F86 -> 5.3333333 | R86: =550000000 -> 550000000
N87: =N86*10.656 -> 56.832 | R87: =R86*R85 -> 13750000
B88: Tulangan geser Ф 8 mm | C88: m'
B89: jarak per 15 cm (7 bh/m') | C89: m' | F89: 2 | G89: x | H89: 0.15 | I89: ,+ | J89: 0.1 | K89: ,+ | L89: 0.05 | N89: =F89*(H89+J89)+L89 -> 0.55
B90: Jumlah total besi Ф 8 mm | C90: btg | F90: =F84*7 -> 112 | M90: = | N90: =N89*F90 -> 61.6
B91: berat per batang = 4.74 | C91: kg | F91: 12 | M91: = | N91: =N90/F91 -> 5.1333333
B92: TOTAL PEMBESIAN KG/M3 | C92: Kg/m3 | M92: = | N92: =N91*4.74 -> 24.332 | Q92: 10000000
B93: Bekisting Ringbalk | F93: =F84 -> 16 | G93: x | H93: 0.2 | K93: x | L93: 2 | N93: =+F93*H93*L93 -> 6.4
N94: =N92+N87 -> 81.164
A95: F | B95: PEKERJAAN ATAP DAN PLAFOND | Q95: =164+152 -> 316
A96: 1 | B96: Kuda - kuda kay Kls II
B97: Balok tarik 8/12 | F97: 2.53 | G97: x | H97: 0.08 | I97: x | J97: 0.12 | M97: = | N97: =+F97*H97*J97 -> 0.024288
L98: 3 | M98: = | N98: =+N97*L98 -> 0.072864
B99: Balok Murplate 8/12 | F99: =+F106 -> 7.6 | G99: x | H99: 0.08 | I99: x | J99: 0.12 | K99: x | L99: 2 | M99: = | N99: =+F99*H99*J99*L99 -> 0.14592
B100: Balok Tekan 8/12 | F100: 0.95 | G100: x | H100: 0.08 | I100: x | J100: 0.12 | K100: x | L100: 2 | M100: = | N100: =+F100*H100*J100*L100 -> 0.01824
L101: 3 | M101: = | N101: =+N100*L101 -> 0.05472
B102: Balok Skoor 8/12 | F102: 0.28 | G102: x | H102: 0.08 | I102: x | J102: 0.12 | K102: x | L102: 2 | M102: = | N102: =+F102*H102*J102*L102 -> 0.005376
L103: 3 | M103: = | N103: =+N102*L103 -> 0.016128
B104: Balok Ander 8/12 | F104: 0.6 | G104: x | H104: 0.08 | I104: x | J104: 0.12 | K104: x | L104: 2 | M104: = | N104: =+F104*H104*J104*L104 -> 0.01152
L105: 3 | M105: = | N105: =+N104*L105 -> 0.03456
B106: Balok Nok 8/12 | F106: =6+0.8+0.8 -> 7.6 | G106: x | H106: 0.08 | I106: x | J106: 0.12 | M106: = | N106: =+F106*H106*J106 -> 0.07296
B107: Ruiter 2/20 | F107: =+F106 -> 7.6 | G107: x | H107: 0.02 | I107: x | J107: 0.2 | M107: = | N107: =+F107*H107*J107 -> 0.0304
B108: Balok Gording 2/20 | F108: =+F107 -> 7.6 | G108: x | H108: 0.08 | I108: x | J108: 0.12 | K108: x | L108: 2 | M108: = | N108: =+F108*H108*J108*L108 -> 0.14592
N110: =N108+N107+N106+N105+N103+N101+N99+N98 -> 0.573472
A111: 2 | B111: Kaso Kayu Kls III | F111: 2 | G111: x | H111: 0.05 | I111: x | J111: 0.07 | K111: x | L111: 2 | M111: = | N111: =+F111*H111*J111*L111 -> 0.014
L112: =5.5/0.5 -> 11 | M112: = | N112: =+N111*L112 -> 0.154
A113: 3 | B113: Reng Kayu Kls III | F113: =+F108 -> 7.6 | G113: x | H113: 0.02 | I113: x | J113: 0.04 | K113: x | L113: =9*2 -> 18 | M113: = | N113: =+F113*H113*J113*L113 -> 0.10944
A115: 4 | B115: Lisplank Kayu Kls II | F115: =1.97+1.97+1.97+1.97+4.6+4.6 -> 17.08 | G115: x | H115: 0.03 | I115: x | J115: 0.3 | K115: x | M115: = | N115: =+F115*H115*J115 -> 0.15372
A116: 1 | B116: Pek. Rangka Plafond Kayu | C116: M2 | F116: 16 | G116: x | H116: 4 | M116: = | N116: =F116+H116 -> 20
A117: =A116+1 -> 2 | B117: Pek. Plafond GRC 4 mm | C117: M2 | M117: = | N117: =N116 -> 20
A118: =A117+1 -> 3 | B118: Pek. List Plafond Kayu Profile | C118: M' | F118: =+(2.2*7)+(0.5*7) -> 18.9 | M118: = | N118: =F118 -> 18.9
...

Sheet Upah Bahan
D4: HARGA SATUAN UPAH - MATERIAL - ALAT
D6: NO | E6: Kode | F6: UPAH - MATERIAL - ALAT | G6: SATUAN | H6: HARGA SATUAN | I6: KETERANGAN | K6: HARGA SATUAN
D7: 1 | F7: 2 | G7: 3 | H7: 4 | I7: 5 | K7: 4
D8: I. | E8: UPAH
D9: 1 | E9: L.01 | F9: Pekerja | G9: OH | H9: 100000 | K9: 100000
D10: 1 | E10: L.02 | F10: Tukang batu | G10: OH | H10: 135000 | K10: 145000
D11: 3 | E11: L.02 | F11: Tukang kayu | G11: OH | H11: 135000 | K11: 145000
D12: 3 | E12: L.02 | F12: Tukang besi | G12: OH | H12: 135000 | K12: 145000
D13: 3 | E13: L.02 | F13: Tukang cat | G13: OH | H13: 135000 | K13: 145000
D14: 6 | E14: L.02 | F14: Tukang pelitur | G14: OH | H14: 145000 | K14: 145000
D15: 7 | E15: L.02 | F15: Tukang pipa | G15: OH | H15: 135000 | K15: 145000
D16: 8 | E16: L.02 | F16: Tukang penganyam bronjong | G16: OH | H16: 145000 | K16: 145000
D17: 9 | E17: L.02 | F17: Tukang tebas | G17: OH | H17: 145000 | K17: 145000
D18: 10 | E18: L.02 | F18: Tukang las | G18: OH | H18: 145000 | K18: 145000
D19: 11 | E19: L.02 | F19: Tukang las geotextile | G19: OH | H19: 145000 | K19: 145000
D20: 3 | E20: L.02 | F20: Tukang listrik | G20: OH | H20: 135000 | K20: 145000
D21: 13 | E21: L.02 | F21: Tukang alumunium | G21: OH | H21: 145000 | K21: 145000
D22: 14 | E22: L.02 | F22: Tukang kaca | G22: OH
D23: 15 | E23: L.02 | F23: Tukang erection | G23: OH | H23: 145000 | K23: 145000
D24: 16 | E24: L.02 | F24: Tukang tanam | G24: OH | H24: 145000 | K24: 145000
D25: 17 | F25: Tukang Tanam | G25: OH | H25: =125%*145000 -> 181250 | K25: =125%*145000 -> 181250
D26: 18 | F26: Kepala Tukang Tanam | G26: OH | H26: =125%*175000 -> 218750 | K26: =125%*175000 -> 218750
D27: 19 | F27: Tukang pemelihara taman | G27: OH | H27: 145000 | K27: 145000
D28: 20 | F28: Tukang pemelihara taman (115% Pekerja) | G28: OH | H28: =115%*H9 -> 115000 | K28: =115%*K9 -> 115000
D29: 21 | F29: Tukang gali | G29: OH | H29: 120000 | K29: 120000
D30: 22 | F30: Tukang aspal | G30: OH | H30: 120000 | K30: 120000
D31: 1 | E31: L.03 | F31: Kepala tukang | G31: OH | H31: 150000 | K31: 175000
D32: 1 | E32: L.04 | F32: Mandor | G32: OH | H32: 160000 | K32: 200000
D33: 25 | E33: L.05 | F33: Juru ukur | G33: OH | H33: 175000 | K33: 175000
D34: 26 | E34: L.06 | F34: Pembantu juru ukur | G34: OH | H34: 150000 | K34: 150000
D35: 27 | E35: L.07 | F35: Mekanik alat berat | G35: OH | H35: 220000 | K35: 220000
D36: 28 | E36: L.08 | F36: Operator alat berat | G36: OH | H36: 250000 | K36: 250000
D37: 29 | E37: L.09 | F37: Pembantu operator alat berat | G37: OH | H37: 130000 | K37: 130000
D38: 30 | E38: L.10 | F38: Sopir | G38: OH | H38: 200000 | K38: 200000
D39: 31 | E39: L.11 | F39: Kenek | G39: OH | H39: 135000 | K39: 135000
D40: 32 | F40: Administrasi bor | G40: OH | H40: 110000 | K40: 110000
D41: 33 | F41: Ahli geologist | G41: OH | H41: 400000 | K41: 400000
D42: 34 | F42: Ahli topografi | G42: OH | H42: 400000 | K42: 400000
D43: 35 | F43: Crew driller | G43: OH | H43: 125000 | K43: 125000
D44: 36 | F44: Driller | G44: OH | H44: 140000 | K44: 140000
D45: 37 | F45: Juru gambar | G45: OH | H45: 150000 | K45: 150000
D46: 38 | F46: Koordinator driller | G46: OH | H46: 155000 | K46: 155000
D47: 39 | F47: Operator pompa | G47: OH | H47: 130000 | K47: 130000
D48: 40 | F48: Pembantu driller | G48: OH | H48: 130000 | K48: 130000
D49: 41 | F49: Pembantu mekanik alat berat | G49: OH | H49: 130000 | K49: 130000
D50: 42 | F50: Supir kendaraan < 2 ton (termasuk sedan) | G50: OH | H50: 160000 | K50: 160000
D51: 43 | E51: L.14.b | F51: Tenaga Terampil Operator | G51: OH | H51: 145000 | K51: 145000
D52: 44 | F52: Tenaga Ahli Muda | G52: OH | H52: 145000 | K52: 145000
D53: 45
D54: II. | E54: MATERIAL
D55: A | E55: MATERIAL TANAH DAN BATUAN
D56: 36 | F56: Agregat kasar | G56: m3 | H56: =J56 -> 292500 | I56: 325000 | J56: =I56-(I56*10%) -> 292500 | K56: 385000
D57: 2 | F57: Agregar Kasar | G57: kg | H57: =385000/1700 -> 226.47059 | I57: 250 | K57: =385000/1700 -> 226.47059
D58: 3 | F58: Agg Pokok | G58: m3 | H58: 350000 | I58: 325000 | K58: 350000
D59: 4 | F59: Agg Pengunci | G59: m3 | H59: 360000 | I59: 60000 | K59: 360000
D60: 5 | F60: Agg Penutup | G60: m3 | H60: 370000 | I60: 45000 (KG) | K60: 370000
D61: 6 | F61: Bata merah | G61: buah | H61: 700 | I61: 1200 | K61: 700
D62: 7 | F62: Bata merah 5 x 11 x 22 cm (per m3) | G62: m3 | H62: 590000 | I62: 1090000 | K62: 590000
D63: 1 | F63: Bata ringan | G63: m3 | H63: =111*I65 -> 754800 | J63: =I63-(I63*10%) -> 0 | K63: 703500
D64: 1 | F64: Bata ringan t=7.5 cm | G64: m3 | H64: =H63 -> 754800 | J64: =I64-(I64*10%) -> 0 | K64: 685800
D65: 10 | F65: Bata ringan tebal 7.5 cm | G65: buah | H65: =J65 -> 6120 | I65: 6800 | J65: =I65-(I65*10%) -> 6120 | K65: 11000
D66: 11 | F66: Bata ringan tebal 20 cm | G66: buah | H66: =J66 -> 16200 | I66: 18000 | J66: =I66-(I66*10%) -> 16200 | K66: 20000
D67: 12 | F67: Bata ringan tebal 7,5 cm | G67: buah | H67: =J67 -> 6120 | I67: 6800 | J67: =I67-(I67*10%) -> 6120 | K67: 8500
D68: 1 | F68: Bata rooster | G68: buah | H68: =J68 -> 5400 | I68: 6000 | J68: =I68-(I68*10%) -> 5400 | K68: 15000
D69: 14 | F69: Bata Berongga Uk. 12x11x24 | G69: buah | H69: =J69 -> 0 | J69: =I69-(I69*10%) -> 0 | K69: 15000
D70: 15 | F70: Batu alam andesit bakar | G70: m² | H70: =J70 -> 0 | J70: =I70-(I70*10%) -> 0 | K70: 179300
D71: 16 | F71: Batu alam andesit non bakar | G71: m² | H71: =J71 -> 0 | J71: =I71-(I71*10%) -> 0 | K71: 177500
D72: 17 | F72: Batu belah (base camp - lokasi pekerjaan) | G72: m3 | H72: =J72 -> 0 | J72: =I72-(I72*10%) -> 0 | K72: 339861
D73: 18 | F73: Batu belah (quarry - base camp) | G73: m3 | H73: =J73 -> 0 | J73: =I73-(I73*10%) -> 0 | K73: 235000
D74: 1 | F74: Batu belah (quarry - lokasi pekerjaan) | G74: m3 | H74: =J74 -> 322875 | I74: 358750 | J74: =I74-(I74*10%) -> 322875 | K74: 286500
D75: 20 | F75: Pasangan batu ukuran 20/50 t=40cm | G75: m3 | H75: =J75 -> 0 | J75: =I75-(I75*10%) -> 0 | K75: 286500
D76: 1 | F76: Fondasi pasangan batu | G76: m3 | H76: =J76 -> 322875 | I76: 358750 | J76: =I76-(I76*10%) -> 322875 | K76: 286500
D77: 22 | F77: Batu belah (quarry) | G77: m3 | H77: =J77 -> 0 | J77: =I77-(I77*10%) -> 0 | K77: 127500
D78: 23 | F78: Batu candi | G78: m² | H78: =J78 -> 0 | J78: =I78-(I78*10%) -> 0 | K78: 152000
D79: 24 | F79: Batu kali (quarry - base camp) | G79: m3 | H79: =J79 -> 0 | J79: =I79-(I79*10%) -> 0 | K79: 187400
D80: 25 | F80: Batu kali (quarry) | G80: m3 | H80: =J80 -> 0 | J80: =I80-(I80*10%) -> 0 | K80: 142500
D81: 26 | F81: Batu Muka ukuran 12x18 cm | G81: m2 | H81: =J81 -> 0 | J81: =I81-(I81*10%) -> 0 | K81: 97500
D82: 27 | F82: Batu | G82: m3 | H82: =J82 -> 0 | J82: =I82-(I82*10%) -> 0 | K82: 97500
D83: 28 | F83: Batu paras | G83: m3 | H83: =J83 -> 0 | J83: =I83-(I83*10%) -> 0 | K83: 125000
D84: 29 | F84: Batu pecah | G84: kg | H84: =J84 -> 0 | J84: =I84-(I84*10%) -> 0 | K84: 210
D85: 30 | F85: Batu pecah 3/5 | G85: m3 | H85: =J85 -> 0 | J85: =I85-(I85*10%) -> 0 | K85: 363800
D86: 31 | F86: Batu pecah 5/7 | G86: m3 | H86: =J86 -> 0 | J86: =I86-(I86*10%) -> 0 | K86: 351800
D87: 32 | F87: Batu putih | G87: m² | H87: =J87 -> 0 | J87: =I87-(I87*10%) -> 0 | K87: 123000
D88: 33 | F88: Batu putih breksi | G88: m² | H88: =J88 -> 0 | J88: =I88-(I88*10%) -> 0 | K88: 117700
D89: 34 | F89: Batu sikat | G89: kg | H89: =J89 -> 0 | J89: =I89-(I89*10%) -> 0 | K89: 6000
D90: 1 | F90: Batu split 1/2 | G90: m3 | H90: =J90 -> 292500 | I90: 325000 | J90: =I90-(I90*10%) -> 292500 | K90: 370200
D91: 1 | F91: Batu split 2/3 | G91: m3 | H91: =J91 -> 292500 | I91: 325000 | J91: =I91-(I91*10%) -> 292500 | K91: 352300
D92: 37 | F92: Koral Beton | G92: m3 | H92: =J92 -> 0 | J92: =I92-(I92*10%) -> 0 | K92: 352300
D93: 38 | F93: Batu tempel hitam | G93: m3 | H93: =J93 -> 0 | J93: =I93-(I93*10%) -> 0 | K93: 121600
D94: 39 | F94: Fly ash | G94: kg | H94: =J94 -> 0 | J94: =I94-(I94*10%) -> 0 | K94: 600
D95: 40 | F95: HB-10 | G95: buah | H95: =J95 -> 0 | J95: =I95-(I95*10%) -> 0 | K95: 12000
D96: 41 | F96: HB-15 | G96: buah | H96: =J96 -> 0 | J96: =I96-(I96*10%) -> 0 | K96: 12000
D97: 42 | F97: HB-20 | G97: buah | H97: =J97 -> 0 | J97: =I97-(I97*10%) -> 0 | K97: 13000
D98: 43 | F98: Kerikil | G98: kg | H98: =J98 -> 0 | J98: =I98-(I98*10%) -> 0 | K98: 210
D99: 44 | F99: Kerikil | G99: m3 | H99: =J99 -> 292500 | I99: 325000 | J99: =I99-(I99*10%) -> 292500 | K99: 352300
D100: 45 | F100: Koral bulat | G100: m3 | H100: =I100 -> 0 | J100: =I100-(I100*10%) -> 0 | K100: 225000
D101: 36 | F101: Pasir Beton | G101: kg | H101: =J101 -> 221.787 | I101: 246.43 | J101: =I101-(I101*10%) -> 221.787 | K101: 300
D102: 47 | F102: Pasir Beton | G102: m3 | H102: =J102 -> 0 | J102: =I102-(I102*10%) -> 0 | K102: 370200
D103: 48 | F103: Pasir beton (Base camp - lokasi pekerjaan) | G103: m3 | H103: =J103 -> 0 | J103: =I103-(I103*10%) -> 0 | K103: 422600
D104: 49 | F104: Pasir beton (quarry - Base camp) | G104: m3 | H104: =J104 -> 0 | J104: =I104-(I104*10%) -> 0 | K104: 325200
...

Sheet AHSP MCK
C4: Keuntungan | D4: 0.1
C5: 1.1.2.4 | D5: Pembuatan 1 m2 direksi keet (Kantor), los kerja dan gudang | K5: =ROUNDDOWN(J30,-2) -> 2089800 | L5: tidak ada perbahan | M5: Revisi
C6: No | D6: Uraian | F6: Sat. | G6: Koefisien | H6: Harga Satuan (Rp) | J6: Jumlah Harga (Rp)
C7: A | D7: TENAGA KERJA
C8: 1 | D8: Pekerja | E8: L.01 | F8: OH | G8: 1.2 | H8: =VLOOKUP(D8,upahbahan,3,FALSE) -> 100000 | J8: =G8*H8 -> 120000
C9: 2 | D9: Tukang batu | E9: L.02 | F9: OH | G9: 0.4 | H9: =VLOOKUP(D9,upahbahan,3,FALSE) -> 135000 | J9: =G9*H9 -> 54000
C10: 3 | D10: Kepala tukang | E10: L.03 | F10: OH | G10: 0.04 | H10: =VLOOKUP(D10,upahbahan,3,FALSE) -> 150000 | J10: =G10*H10 -> 6000
C11: 4 | D11: Mandor | E11: L.04 | F11: OH | G11: 0.12 | H11: =VLOOKUP(D11,upahbahan,3,FALSE) -> 160000 | J11: =G11*H11 -> 19200
C12: JUMLAH HARGA TENAGA KERJA | J12: =SUM(J8:J11) -> 199200
C13: B | D13: BAHAN
C14: 1 | D14: Kaso 5/7 | F14: m3 | G14: 0.35 | H14: =VLOOKUP(D14,upahbahan,3,FALSE) -> 2250000 | J14: =G14*H14 -> 787500
C15: 2 | D15: Multiplek tebal 4 mm | F15: lembar | G15: 1 | H15: =VLOOKUP(D15,upahbahan,3,FALSE) -> 64620 | J15: =G15*H15 -> 64620
C16: 3 | D16: Fondasi pasangan batu | F16: m3 | G16: 0.17 | H16: =VLOOKUP(D16,upahbahan,3,FALSE) -> 322875 | J16: =G16*H16 -> 54888.75
C17: 4 | D17: GRC Pelat t=4 mm uk 122x244 cm | F17: lembar | G17: 1.24 | H17: =VLOOKUP(D17,upahbahan,3,FALSE) -> 72000 | J17: =G17*H17 -> 89280
C18: 5 | D18: Paku | F18: kg | G18: 0.75 | H18: =VLOOKUP(D18,upahbahan,3,FALSE) -> 33075 | J18: =G18*H18 -> 24806.25
C19: 6 | D19: Asbes gelombang | F19: lembar | G19: 0.3 | H19: =VLOOKUP(D19,upahbahan,3,FALSE) -> 101475 | J19: =G19*H19 -> 30442.5
C20: 7 | D20: Paku asbes | F20: kg | G20: 0.1 | H20: ='Upah Bahan'!H1023 -> 33075 | J20: =G20*H20 -> 3307.5
C21: 8 | D21: Floor lantai (Beton lantai kerja) | F21: m3 | G21: 0.15 | H21: =VLOOKUP(D21,upahbahan,3,FALSE) -> 805600 | J21: =G21*H21 -> 120840
C22: 9 | D22: Pintu Double teakwood rangka kayu | F22: m2 | G22: 0.1 | H22: =VLOOKUP(D22,upahbahan,3,FALSE) -> 765000 | J22: =G22*H22 -> 76500
C23: 10 | D23: Frame besi kaca nako | F23: daun | G23: 1 | H23: =VLOOKUP(D23,upahbahan,3,FALSE) -> 36000 | J23: =G23*H23 -> 36000
C24: 11 | D24: cat dinding | F24: m2 | G24: 16.5 | H24: =VLOOKUP(D24,upahbahan,3,FALSE) -> 25000 | J24: =G24*H24 -> 412500
C25: JUMLAH HARGA BAHAN | J25: =SUM(J14:J24) -> 1700685
C26: C | D26: PERALATAN
C27: JUMLAH HARGA ALAT | J27: 0
C28: D | D28: Jumlah (A+B+C) | J28: =J12+J25+J27 -> 1899885
C29: E | D29: Biaya Umum dan Keuntungan 10%-15% x D | H29: =$D$4 -> 0.1 | J29: =J28*H29 -> 189988.5
C30: F | D30: Harga Satuan Pekerjaan (D+E) | J30: =SUM(J28:J29) -> 2089873.5
C32: 1.1.4.2 | D32: Pasangan 1 m' bouwplank | K32: =ROUNDDOWN(J50,-2) -> 74500 | L32: - | M32: -
C33: No | D33: Uraian | E33: Kode | F33: Sat. | G33: Koefisien | H33: Harga Satuan (Rp) | J33: Jumlah Harga (Rp)
C34: A | D34: TENAGA KERJA
C35: 1 | D35: Pekerja | E35: L.01 | F35: OH | G35: 0.012 | H35: =VLOOKUP(D35,upahbahan,3,FALSE) -> 100000 | J35: =G35*H35 -> 1200
C36: 2 | D36: Tukang kayu | E36: L.02 | F36: OH | G36: 0.006 | H36: =VLOOKUP(D36,upahbahan,3,FALSE) -> 135000 | J36: =G36*H36 -> 810
C37: 3 | D37: Kepala tukang | E37: L.03 | F37: OH | G37: 0.0006 | H37: =VLOOKUP(D37,upahbahan,3,FALSE) -> 150000 | J37: =G37*H37 -> 90
C38: 4 | D38: Mandor | E38: L.04 | F38: OH | G38: 0.0012 | H38: =VLOOKUP(D38,upahbahan,3,FALSE) -> 160000 | J38: =G38*H38 -> 192
C39: JUMLAH HARGA TENAGA KERJA | J39: =SUM(J35:J38) -> 2292
C40: B | D40: BAHAN
C41: 1 | D41: Kaso 5/7 | F41: m3 | G41: 0.013 | H41: =VLOOKUP(D41,upahbahan,3,FALSE) -> 2250000 | J41: =G41*H41 -> 29250
C42: 2 | D42: Kayu papan 3/20 cm | F42: m3 | G42: 0.007 | H42: =VLOOKUP(D42,upahbahan,3,FALSE) -> 3150000 | J42: =G42*H42 -> 22050
C43: 3 | D43: Paku 2 inch | F43: kg | G43: 0.02 | H43: =VLOOKUP(D43,upahbahan,3,FALSE) -> 33901.875 | J43: =G43*H43 -> 678.0375
C44: JUMLAH HARGA BAHAN | J44: =SUM(J41:J43) -> 51978.037
C45: C | D45: PERALATAN
C46: 1 | D46: Waterpass | F46: hari | G46: 0.006 | H46: =VLOOKUP(D14,upahbahan,3,FALSE) -> 2250000 | J46: =G46*H46 -> 13500
C47: JUMLAH HARGA ALAT | J47: =SUM(J46) -> 13500
C48: D | D48: Jumlah (A+B+C) | J48: =J39+J44+J47 -> 67770.038
C49: E | D49: Biaya Umum dan Keuntungan 10%-15% x D | H49: =$D$4 -> 0.1 | J49: =J48*H49 -> 6777.0038
C50: F | D50: Harga Satuan Pekerjaan (D+E) | J50: =SUM(J48:J49) -> 74547.041
C52: 1.2.1.1.1 | D52: Penggalian 1 m3 tanah biasa sedalam 0 s.d. 1 m untuk volume s.d. 200 m3 secara manual | K52: =ROUNDDOWN(I64,-2) -> 89100
C53: No | D53: Uraian | F53: Sat. | G53: Koefisien | H53: Harga Satuan (Rp) | I53: Jumlah Harga (Rp)
C54: A | D54: TENAGA KERJA
C55: 1 | D55: Pekerja | E55: L.01 | F55: OH | G55: 0.75 | H55: =VLOOKUP(D55,upahbahan,3,FALSE) -> 100000 | I55: =G55*H55 -> 75000
C56: 2 | D56: Mandor | E56: L.04 | F56: OH | G56: 0.038 | H56: =VLOOKUP(D56,upahbahan,3,FALSE) -> 160000 | I56: =G56*H56 -> 6080
C57: JUMLAH HARGA TENAGA KERJA | I57: =SUM(I55:I56) -> 81080
C58: B | D58: BAHAN
C59: JUMLAH HARGA BAHAN | I59: 0
C60: C | D60: PERALATAN
C61: JUMLAH HARGA ALAT | I61: 0
C62: D | D62: Jumlah (A+B+C) | I62: =I57+I59+I61 -> 81080
C63: E | D63: Biaya Umum dan Keuntungan 10%-15% x D | H63: =$D$4 -> 0.1 | I63: =I62*H63 -> 8108
C64: F | D64: Harga Satuan Pekerjaan (D+E) | I64: =SUM(I62:I63) -> 89188
C66: 1.3.1.1 | D66: 1 m3 urukan kembali galian tanah ( >0 s.d 200 m3) tanpa pemadatan secara manual | K66: =ROUNDDOWN(I78,-2) -> 59400
C67: No | D67: Uraian | E67: Kode | F67: Sat. | G67: Koefisien | H67: Harga Satuan (Rp) | I67: Jumlah Harga (Rp)
C68: A | D68: TENAGA KERJA | N68: Catatan:
C69: 1 | D69: Pekerja | E69: L.01 | F69: OH | G69: 0.5 | H69: =VLOOKUP(D69,upahbahan,3,FALSE) -> 100000 | I69: =G69*H69 -> 50000 | N69: Biaya Umum dan Keuntungan | Q69: 0.1
C70: 2 | D70: Mandor | E70: L.04 | F70: OH | G70: 0.025 | H70: =VLOOKUP(D70,upahbahan,3,FALSE) -> 160000 | I70: =G70*H70 -> 4000
C71: JUMLAH HARGA TENAGA KERJA | I71: =SUM(I69:I70) -> 54000
C72: B | D72: BAHAN
C73: JUMLAH HARGA BAHAN | I73: 0
C74: C | D74: PERALATAN
C75: JUMLAH HARGA ALAT | I75: 0
C76: D | D76: Jumlah (A+B+C) | I76: =I71+I73+I75 -> 54000
C77: E | D77: Biaya Umum dan Keuntungan 10% - 15% x D | H77: =$D$4 -> 0.1 | I77: =I76*H77 -> 5400
C78: F | D78: Harga Satuan Pekerjaan (D+E) | I78: =SUM(I76:I77) -> 59400
C81: 1.3.1.2 | D81: 1 m3 urukan pasir uruk untuk volume s.d 200 m3 tanpa pemadatan secara manual | K81: =ROUNDDOWN(I94,-2) -> 326700
C82: No | D82: Uraian | E82: Kode | F82: Sat. | G82: Koefisien | H82: Harga Satuan (Rp) | I82: Jumlah Harga (Rp)
C83: A | D83: TENAGA KERJA
C84: 1 | D84: Pekerja | E84: L.01 | F84: OH | G84: 0.3 | H84: =VLOOKUP(D84,upahbahan,3,FALSE) -> 100000 | I84: =G84*H84 -> 30000
C85: 2 | D85: Mandor | E85: L.04 | F85: OH | G85: 0.015 | H85: =VLOOKUP(D85,upahbahan,3,FALSE) -> 160000 | I85: =G85*H85 -> 2400
C86: JUMLAH HARGA TENAGA KERJA | I86: =SUM(I84:I85) -> 32400
C87: B | D87: BAHAN
C88: 1 | D88: Pasir urug (quarry - lokasi pekerjaan) | F88: m3 | G88: 1.2 | H88: =VLOOKUP(D88,upahbahan,3,FALSE) -> 220500 | I88: =G88*H88 -> 264600
C89: JUMLAH HARGA BAHAN | I89: =SUM(I88) -> 264600
C90: C | D90: PERALATAN
C91: JUMLAH HARGA ALAT | I91: 0
C92: D | D92: Jumlah (A+B+C) | I92: =I86+I89+I91 -> 297000
C93: E | D93: Biaya Umum dan Keuntungan 10% - 15% x D | H93: =$D$4 -> 0.1 | I93: =I92*H93 -> 29700
C94: F | D94: Harga Satuan Pekerjaan (D+E) | I94: =SUM(I92:I93) -> 326700
C96: 1.4.1.2 | D96: Mengangkut 1 m3 tanah lepas, jarak angkut > 10 m s.d 20 m | K96: =ROUNDDOWN(I108,-2) -> 26700
C97: No | D97: Uraian | E97: Kode | F97: Sat. | G97: Koefisien | H97: Harga Satuan (Rp) | I97: Jumlah Harga (Rp)
C98: A | D98: TENAGA KERJA
C99: 1 | D99: Pekerja | E99: L.01 | F99: OH | G99: 0.2254 | H99: =VLOOKUP(D99,upahbahan,3,FALSE) -> 100000 | I99: =H99*G99 -> 22540
C100: 2 | D100: Mandor | E100: L.04 | F100: OH | G100: 0.0112 | H100: =VLOOKUP(D100,upahbahan,3,FALSE) -> 160000 | I100: =H100*G100 -> 1792
C101: JUMLAH HARGA TENAGA KERJA | I101: =SUM(I99:I100) -> 24332
C102: B | D102: BAHAN
C103: JUMLAH HARGA BAHAN | I103: =SUM(I102) -> 0
C104: C | D104: PERALATAN
C105: JUMLAH HARGA ALAT | I105: =SUM(I104) -> 0
C106: D | D106: Jumlah (A+B+C) | I106: =I101+I103+I105 -> 24332
C107: E | D107: Biaya Umum dan Keuntungan 10% - 15% x D | H107: =$D$4 -> 0.1 | I107: =I106*H107 -> 2433.2
C108: F | D108: Harga Satuan Pekerjaan (D+E) | I108: =SUM(I106:I107) -> 26765.2
C110: 2.1.1.1 | D110: Pemasangan 1 m2 rangka atap pelana baja ringan (canai dingin) profil C75 | K110: =ROUNDDOWN(I126,-2) -> 177400
...

Sheet SMKK
B2: SISTEM MANAJEMEN KESELAMATAN KONSTRUKSI (SMKK)
B4: Sumber : PERMEN PUPR No. 10 Tahun Tahun 2021 Tentang Pedoman Sistem Manajemen Keselamatan Konstruksi
B7: NO. | C7: URAIAN PEKERJAAN | F7: SATUAN PEMBAYARAN | G7: KUANTITAS | H7: HARGA SATUAN (RP.) | I7: TOTAL HARGA (RP.) | J7: KETERANGAN | L7: NILAI TKDN | M7: HARGA TKDN
B8: 1 | C8: 2 | F8: 3 | G8: 4 | H8: 5 | I8: 6 = 4 * 5 | J8: 7 | L8: 8 | M8: 9
B10: I. | C10: PENYIAPAN RKK:
C11: a. | D11: Pembuatan Dokumen Rencana Keselamatan Konstruksi | F11: Set | G11: 1 | H11: 200000 | I11: =G11*H11 -> 200000 | J11: Memperhatikan jumlah dan jenis pekerjaan yang dikerjakan | L11: 0 | M11: =H11*L11 -> 0
C12: b. | D12: Pembuatan Prosedur dan Instruksi Kerja | F12: Set
C13: c. | D13: Penyiapan Formulir | F13: Set
C14: A. | D14: Sub Total Penyiapan RKK | I14: =SUM(I11) -> 200000 | M14: =SUM(M11) -> 0
B16: II. | C16: SOSIALISASI, PROMOSI, DAN PELATIHAN:
C17: a. | D17: Induksi K3 (Safety Induction) | F17: Org | G17: 4 | H17: 10000 | I17: =G17*H17 -> 40000 | J17: Memperhatikan perkiraan jumlah pekerja, tamu, dan staf | L17: 0 | M17: =H17*L17 -> 0
C18: b. | D18: Pertemuan Keselamatan (Safety Talk dan / atau Tool Box Meeting) | F18: Org | G18: =G17 -> 4 | H18: 10000 | I18: =G18*H18 -> 40000 | J18: Memperhatikan perkiraan jumlah pekerja dan risiko k3 pekerjaan | L18: 0 | M18: =H18*L18 -> 0
C19: c | D19: Spanduk (banner) | F19: Lbr | H19: ='[45]HARGA BAHAN & ALAT'!$F$189 -> 135900 | I19: =G19*H19 -> 0 | J19: Memperhatikan lokasi pekerjaan dan waktu pekerjaan | L19: ='[45]HARGA BAHAN & ALAT'!H189 -> #REF! | M19: =H19*L19 -> #REF!
C20: d. | D20: Poster | F20: Lbr | H20: ='[45]HARGA BAHAN & ALAT'!$F$168 -> 14000 | I20: =G20*H20 -> 0 | J20: Memperhatikan lokasi pekerjaan dan waktu pekerjaan | L20: ='[45]HARGA BAHAN & ALAT'!H168 -> #REF! | M20: =H20*L20 -> #REF!
C21: e. | D21: Papan Informasi K3 | F21: Bh | G21: 0 | H21: ='[45]HARGA BAHAN & ALAT'!$F$169 -> 426000 | I21: =G21*H21 -> 0 | J21: Memperhatikan risiko k3 pekerjaan | L21: ='[45]HARGA BAHAN & ALAT'!J169 -> 0 | M21: =H21*L21 -> 0
C22: B. | D22: Sub Total Sosialisasi, Promosi dan Pelatihan | I22: =SUM(I17:I21) -> 80000 | M22: =SUM(M17:M21) -> #REF!
B24: III. | C24: ALAT PELINDUNG KERJA (APK) DAN ALAT PELINDUNG DIRI (APD):
C25: a. | D25: APK Antara Lain:
D26: 1 | E26: Pembatas Area (Restricted Area) / Safety Line | F26: Bh | H26: ='[45]HARGA BAHAN & ALAT'!F170 -> 34000 | I26: =G26*H26 -> 0 | J26: Sesuai kebutuhan | L26: ='[45]HARGA BAHAN & ALAT'!J170 -> 0 | M26: =H26*L26 -> 0
C27: b. | D27: APD Antara Lain:
D28: 1 | E28: Topi Pelindung (Safety Helmet) | F28: Bh | G28: =G18 -> 4 | H28: 25000 | I28: =G28*H28 -> 100000 | J28: Memperhatikan perkiraan jumlah pekerja tamu dan staf | L28: ='[45]HARGA BAHAN & ALAT'!H171 -> 0.7112 | M28: =H28*L28 -> 17780 | N28: https://tkdn.kemenperin.go.id/sertifikat_perush.php?id=LXgDzIgDALi1Ge2ukHE7ZXx53avqEQjgBFBeb1z21ps,&id_siinas=LXgDzIgDALi1Ge2ukHE7ZXx53avqEQjgBFBeb1z21ps,
D29: 2 | E29: Sarung Tangan (Safety Gloves) | F29: Psg | G29: =G28 -> 4 | H29: 10000 | I29: =G29*H29 -> 40000 | J29: Sesuai kebutuhan | L29: ='[45]HARGA BAHAN & ALAT'!H175 -> 0.3263 | M29: =H29*L29 -> 3263 | N29: https://tkdn.kemenperin.go.id/sertifikat_perush.php?id=w-Y65P5c9W2YTOjPtMbiggEIxZYqgOC_2uf6vZXvY1s,&id_siinas=vq2DN3VwRxHs25X0BxmbQiFY8n_irbYjEg-5_LMePFo,
D30: 3 | E30: Sepatu Keselamatan (Safety Shoes) | F30: Psg | G30: =G29 -> 4 | H30: 87500 | I30: =G30*H30 -> 350000 | J30: Memperhatikan perkiraan jumlah pekerja tamu dan staf | L30: ='[45]HARGA BAHAN & ALAT'!H176 -> 0.8695 | M30: =H30*L30 -> 76081.25 | N30: https://tkdn.kemenperin.go.id/sertifikat_perush.php?id=qlXiOPwQVC1Ugd23hMrAjlt4wrfHvpLDs0C4F-q3-1E,&id_siinas=ajfIiFxWAc5tzDubq0-dX0MfNpFQ5ktPydWY9IqmyXk,
D31: 4 | E31: Rompi Keselamatan (Safety Vest) | F31: Bh | G31: =G30 -> 4 | H31: 10000 | I31: =G31*H31 -> 40000 | J31: Sesuai kebutuhan | L31: ='[45]HARGA BAHAN & ALAT'!H188 -> 0.7122 | M31: =H31*L31 -> 7122 | N31: https://tkdn.kemenperin.go.id/sertifikat_perush.php?id=BwjfXmFNy_PcPmlGSjWRfwFf_0CbZkh4h9MFN_ZqS8A,&id_siinas=cKhWiTRLRcHuRXFwucFMztay0TF-lws89_R8XrROL5Y,
C32: C. | D32: Sub Total Alat Pelindung Kerja dan Alat Pelindung Diri | I32: =SUM(I25:I31) -> 530000
B34: IV. | C34: ASURANSI DAN PERIZINAN:
C35: a. | D35: Asuransi JKK dan JKM | F35: Ls | H35: 600000 | I35: =G35*H35 -> 0 | L35: ='[45]HARGA BAHAN & ALAT'!H187 -> #REF! | M35: =H35*L35 -> #REF!
C36: D. | D36: Sub Total Asuransi dan Perizinan | I36: =SUM(I35:I35) -> 0 | M36: =SUM(M35:M35) -> #REF!
B38: V. | C38: PERSONEL K3 KONSTRUKSI:
C39: E. | D39: Sub Total Personel K3 Konstruksi | M39: =SUM(#REF!) -> #REF!
B41: VI. | C41: FASILITAS, SARANA DAN PRASARANA KESEHATAN:
C42: a. | D42: Peralatan P3K Umum (Kotak P3K, Obat Luka, Perban,dll) | F42: Ls | G42: 1 | H42: 190000 | I42: =G42*H42 -> 190000 | J42: Memperhatikan perkiraan jumlah pekerja dan risiko k3 pekerjaan | L42: ='[45]HARGA BAHAN & ALAT'!H178 -> 0 | M42: =H42*L42 -> 0
C43: F. | D43: Sub Total Fasilitas, Sarana, dan Prasarana Kesehatan | I43: =SUM(I42:I42) -> 190000 | M43: =SUM(M42:M42) -> 0
B45: VII. | C45: RAMBU-RAMBU YANG DIPERLUKAN:
C46: a. | D46: Rambu Petunjuk | F46: Bh | H46: ='[45]HARGA BAHAN & ALAT'!$F$179 -> 133200 | I46: =G46*H46 -> 0 | J46: Sesuai kebutuhan | L46: ='[45]HARGA BAHAN & ALAT'!$H$179 -> 0.4102 | M46: =H46*L46 -> 54638.64 | N46: https://tkdn.kemenperin.go.id/sertifikat_perush.php?id=QSsoMNgrkDEYcCxSuXBQOYxgtTtMbAZEyUEZIjoHkeM,&id_siinas=e_LvgcF-xqow-MxHTRxjI-78147nnLCAUxKl7HxUfnc,
C47: b. | D47: Rambu Larangan | F47: Bh | H47: ='[45]HARGA BAHAN & ALAT'!$F$179 -> 133200 | I47: =G47*H47 -> 0 | J47: Sesuai kebutuhan | L47: ='[45]HARGA BAHAN & ALAT'!$H$179 -> 0.4102 | M47: =H47*L47 -> 54638.64 | N47: https://tkdn.kemenperin.go.id/sertifikat_perush.php?id=QSsoMNgrkDEYcCxSuXBQOYxgtTtMbAZEyUEZIjoHkeM,&id_siinas=e_LvgcF-xqow-MxHTRxjI-78147nnLCAUxKl7HxUfnc,
C48: c. | D48: Rambu Peringatan | F48: Bh | H48: ='[45]HARGA BAHAN & ALAT'!$F$179 -> 133200 | I48: =G48*H48 -> 0 | J48: Sesuai kebutuhan | L48: ='[45]HARGA BAHAN & ALAT'!$H$179 -> 0.4102 | M48: =H48*L48 -> 54638.64 | N48: https://tkdn.kemenperin.go.id/sertifikat_perush.php?id=QSsoMNgrkDEYcCxSuXBQOYxgtTtMbAZEyUEZIjoHkeM,&id_siinas=e_LvgcF-xqow-MxHTRxjI-78147nnLCAUxKl7HxUfnc,
C49: d. | D49: Rambu Kewajiban | F49: Bh | H49: ='[45]HARGA BAHAN & ALAT'!$F$179 -> 133200 | I49: =G49*H49 -> 0 | J49: Sesuai kebutuhan | L49: ='[45]HARGA BAHAN & ALAT'!$H$179 -> 0.4102 | M49: =H49*L49 -> 54638.64 | N49: https://tkdn.kemenperin.go.id/sertifikat_perush.php?id=QSsoMNgrkDEYcCxSuXBQOYxgtTtMbAZEyUEZIjoHkeM,&id_siinas=e_LvgcF-xqow-MxHTRxjI-78147nnLCAUxKl7HxUfnc,
C50: G. | D50: Sub Total Rambu-rambu yang Diperlukan | I50: =SUM(I46:I49) -> 0
B52: VIII. | C52: KONSULTASI DENGAN AHLI TERKAIT KESELAMATAN KONSTRUKSI:
C53: a. | D53: Ahli Lingkungan | F53: OJ | G53: 0 | H53: 500000 | I53: =G53*H53 -> 0 | J53: Sesuai kebutuhan memperhatikan jenis pekerjaan dan waktu pelaksanaan pekerjaan | L53: 1 | M53: =H53*L53 -> 500000
C54: b. | D54: Ahli Perpipaan | F54: OJ | G54: 0 | H54: 500000 | I54: =G54*H54 -> 0 | L54: 1 | M54: =H54*L54 -> 500000
C55: H. | D55: Sub Total Konsultasi dengan Ahli Terkait Keselamatan Konstruksi | I55: =SUM(I53:I54) -> 0
B57: IX. | C57: LAIN-LAIN TERKAIT PENGENDALIAN RISIKO KESELAMATAN KONSTRUKSI:
C58: a. | D58: ='[45]HARGA BAHAN & ALAT'!D184 -> APAR 3 kg (+ Set Komplit (Tabung+ABC Power+ Nitrogen) | F58: Bh | G58: 0 | H58: ='[45]HARGA BAHAN & ALAT'!$F$184 -> 189000 | I58: =G58*H58 -> 0 | J58: Sesuai kebutuhan memperhatikan jenis pekerjaan dan risiko k3 pekerjaan | L58: ='[45]HARGA BAHAN & ALAT'!H184 -> 0.1673 | M58: =H58*L58 -> 31619.7 | N58: https://tkdn.kemenperin.go.id/sertifikat_perush.php?id=PoGlz6lDNjHjW3VZldQ4WzigaYNafopxEMoEvdhwHhY,&id_siinas=MR8DDg3dPaYUSfFePML5VMM14cs-AdtXrfiG2349nWY,
C59: b. | D59: Sirine | F59: Bh | I59: =G59*H59 -> 0 | M59: =H59*L59 -> 0
C60: b. | D60: Bendera K3 | F60: Bh | G60: 0 | H60: ='[45]HARGA BAHAN & ALAT'!$F$185 -> 52000 | I60: =G60*H60 -> 0 | J60: Sesuai kebutuhan | L60: ='[45]HARGA BAHAN & ALAT'!H185 -> #REF! | M60: =H60*L60 -> #REF!
C61: c. | D61: Lampu Darurat (Emergency Lamp) | F61: Bh | G61: 0 | H61: ='[45]HARGA BAHAN & ALAT'!$F$186 -> 135000 | I61: =G61*H61 -> 0 | J61: Sesuai kebutuhan | L61: ='[45]HARGA BAHAN & ALAT'!H186 -> 0.2538 | M61: =H61*L61 -> 34263 | N61: https://tkdn.kemenperin.go.id/sertifikat_perush.php?id=1dU3IX_7z_CFV_eTU6p_b-V79Fe7qPLM64ZY5mFyRqE,&id_siinas=j-Mc25-YrBhQ_AWr_-pp_xsKj_I_g5hXg-o_dsButnI,
C62: d. | D62: Pembuatan Kartu Identitas Pekerja (KIP) | F62: Lb | G62: 0 | H62: ='[45]HARGA BAHAN & ALAT'!$F$187 -> 10000 | I62: =G62*H62 -> 0 | J62: Sesuai kebutuhan memperhatikan jumlah pekerja | L62: ='[45]HARGA BAHAN & ALAT'!H187 -> #REF! | M62: =H62*L62 -> #REF!
C63: e. | D63: Program Inspeksi dan Audit Internal | F63: Ls | G63: 0 | H63: 500000 | I63: =G63*H63 -> 0 | J63: Sesuai kebutuhan memperhatikan jenis dan waktu pekerjaan | L63: 0 | M63: =H63*L63 -> 0
C64: f. | D64: Pelaporan dan Penyelidikan Insiden | F64: Ls | G64: 0 | H64: 500000 | I64: =G64*H64 -> 0 | J64: Sesuai kebutuhan memperhatikan jenis dan waktu pekerjaan | L64: 0 | M64: =H64*L64 -> 0
C65: I. | D65: Sub Total Lain-lain Terkait Pengendalian Risiko Keselamatan Konstruksi | I65: =SUM(I58:I64) -> 0
B67: JUMLAH I + II + III + IV + V + VI + VII + VIII + IX | I67: =I14+I22+I32+I36+I39+I43+I50+I55+I65 -> 1000000

Sheet Vol
A1: Perhitungan Tulangan
A2: Lantai
A3: Panjang | B3: 1.3 | C3: m
A4: Lebar | B4: 1.3 | C4: m
A5: Jarak | B5: 0.15 | C5: m
A7: Tul. Vertikal | B7: =B3/B5 -> 8.6666667 | C7: =ROUNDUP(B7,0) -> 9 | D7: meter
A8: Tul. Horizontal | B8: =B4/B5 -> 8.6666667 | C8: =ROUNDUP(B8,0) -> 9 | D8: meter
A10: Batang Vertikal | B10: =C7/E10 -> 0.75 | C10: batang | D10: 1 batang | E10: 12 | F10: meter
A11: Batang Horizontal | B11: =C8/E10 -> 0.75 | C11: batang | D11: Berat 1 batang | E11: 4.74 | F11: kg
A12: Total Batang | B12: =SUM(B10:B11) -> 1.5 | C12: batang
A13: Total Berat Lantai | B13: =B12*E11 -> 7.11 | C13: kg
A15: Dinding
A16: Panjang | B16: 1.3 | C16: m
A17: Lebar | B17: 1.5 | C17: m
A18: Jarak | B18: 0.15 | C18: m
A20: Tul. Vertikal | B20: =B16/B18 -> 8.6666667 | C20: =ROUNDUP(B20,0) -> 9 | D20: meter
A21: Tul. Horizontal | B21: =B17/B18 -> 10 | C21: =ROUNDUP(B21,0) -> 10 | D21: meter
A23: Batang Vertikal | B23: =C20/E23 -> 0.75 | C23: batang | D23: 1 batang | E23: 12 | F23: meter
A24: Batang Horizontal | B24: =C21/E23 -> 0.83333333 | C24: batang | D24: Berat 1 batang | E24: 4.74 | F24: kg
A25: Total Batang | B25: =SUM(B23:B24) -> 1.5833333 | C25: batang
A26: Total Berat Dinding | B26: =B25*E24 -> 7.505 | C26: kg | D26: =B26*4 -> 30.02
A28: Plat
A29: Panjang | B29: =4.65+2.65 -> 7.3 | C29: m
A30: Lebar | B30: =2+0.65 -> 2.65 | C30: m
A31: Jarak | B31: 0.15 | C31: m
A33: Tul. Vertikal | B33: =B29/B31 -> 48.666667 | C33: =ROUNDUP(B33,0) -> 49 | D33: meter
A34: Tul. Horizontal | B34: =B30/B31 -> 17.666667 | C34: =ROUNDUP(B34,0) -> 18 | D34: meter
A36: Batang Vertikal | B36: =C33/E36 -> 4.0833333 | C36: batang | D36: 1 batang | E36: 12 | F36: meter
A37: Batang Horizontal | B37: =C34/E36 -> 1.5 | C37: batang | D37: Berat 1 batang | E37: 4.74 | F37: kg
A38: Total Batang | B38: =SUM(B36:B37) -> 5.5833333 | C38: batang
A39: Total Berat plat | B39: =B38*E37 -> 26.465 | C39: kg
A41: Kawat Bendrat
A42: Berat Besi | B42: =(B39+D26+B13) -> 63.595 | C42: kg
A43: Koefisien | B43: 0.015
A44: Total | B44: =B43*B42 -> 0.953925 | C44: kg
A46: Sloof
A47: Panjang | B47: 2.6 | C47: m | D47: Panjang Sengkang | E47: 0.08
A48: Lebar | B48: 1.35 | C48: m | D48: Lebar Sengkang | E48: 0.13
A49: Jarak | B49: 0.15 | C49: m | D49: Bending | E49: 0.05
A51: Panjang total | B51: =(B47+B47+B48+B48+B48)*4 -> 37 | C51: m
A52: Panjang (btg) | B52: =B51/12 -> 3.0833333 | C52: btg
A53: Berat jenis | B53: 4.74 | C53: kg
A54: Total Tul. Utama | B54: =B53*B52 -> 14.615 | C54: kg
A55: Jumlah sengkang | B55: =B51/B49 -> 246.66667 | C55: buah
A56: Panjang 1 sengkang | B56: =(E47*2)+(E48*2)+E49 -> 0.47 | C56: m
A57: total panjang sengkang | B57: =B56*B55 -> 115.93333 | C57: m
A58: total panjang sengkang (btg) | B58: =B57/12 -> 9.6611111 | C58: btg
A59: Total Tul. Sengkang | B59: =B53*B58 -> 45.793667 | C59: kg
A62: Kolom
A63: Tinggi 1 | B63: 2.7 | D63: Panjang Sengkang | E63: 0.08
A64: Tinggi 2 | B64: 2.7 | D64: Lebar Sengkang | E64: 0.13
D65: Bending | E65: 0.05
A66: Panjang 1 | B66: =B63*2 -> 5.4 | C66: m
A67: Panjang 2 | B67: =B64*2 -> 5.4 | C67: m
A68: total | B68: =SUM(B66:B67) -> 10.8 | C68: m
A69: panjang (btg) | B69: =B68/12 -> 0.9 | C69: btg
A70: Berat jenis | B70: 4.74 | C70: kg
A71: Jumlah Sengkang | B71: =B68/0.15 -> 72
A72: Panjang 1 sengkang
A80: Sloof
A81: Panjang | B81: =1.5+1.9+1.5+1.9 -> 6.8 | C81: m | D81: Panjang Sengkang | E81: 0.08
A82: Lebar | B82: 1.35 | C82: m | D82: Lebar Sengkang | E82: 0.13
A83: Jarak | B83: 0.15 | C83: m | D83: Bending | E83: 0.05
A85: Panjang total | B85: =(B81+B81+B82+B82+B82)*4 -> 70.6 | C85: m
A86: Panjang (btg) | B86: =B85/12 -> 5.8833333 | C86: btg
A87: Berat jenis | B87: 4.74 | C87: kg
A88: Total Tul. Utama | B88: =B87*B86 -> 27.887 | C88: kg
A89: Jumlah sengkang | B89: =B85/B83 -> 470.66667 | C89: buah
A90: Panjang 1 sengkang | B90: =(E81*2)+(E82*2)+E83 -> 0.47 | C90: m
A91: total panjang sengkang | B91: =B90*B89 -> 221.21333 | C91: m
A92: total panjang sengkang (btg) | B92: =B91/12 -> 18.434444 | C92: btg
A93: Total Tul. Sengkang | B93: =B87*B92 -> 87.379267 | C93: kg

Sheet Harsat MCK
B2: DAFTAR HARGA SATUAN PEKERJAAN (DHSP)
B3: BIDANG CIPTA KARYA
B4: Berdasarkan SE Bina Konstruksi Nomor 30/SE/Dk/2025
B6: KODE PRODUCT | C6: BIDANG | D6: URAIAN PEKERJAAN | E6: VOLUME | F6: HARGA SATUAN | G6: PAGU
G7: =SUM(G8:G55,G62:G76,G79:G91) -> 4230165.3 | H7: =(G7*11%)+G7 -> 4695483.5
B8: 1.1.2.4 | C8: BIDANG CIPTA KARYA | D8: Sewa Direksi Keet | E8: 1 | F8: 500000 | G8: =E8*F8 -> 500000
B9: 1.1.4.2 | C9: BIDANG UMUM | D9: Pasangan 1 m' bouwplank | E9: =(1.5*2)+(1.9*2) -> 6.8 | F9: =VLOOKUP(D9,'AHSP MCK'!D:K,8,FALSE) -> 74500 | G9: =E9*F9 -> 506600
B10: 1.2.1.1.1 | C10: BIDANG UMUM | D10: Penggalian 1 m3 tanah biasa sedalam 0 s.d. 1 m untuk volume s.d. 200 m3 secara manual | E10: =0.4*0.4*(1.5+1.5+1.9+1.9) -> 1.088 | F10: =VLOOKUP(D10,'AHSP MCK'!D:K,8,FALSE) -> 89100 | G10: =E10*F10 -> 96940.8
B11: 1.3.1.1 | C11: BIDANG UMUM | D11: 1 m3 urukan kembali galian tanah ( >0 s.d 200 m3) tanpa pemadatan secara manual | E11: =E10/4 -> 0.272 | F11: =VLOOKUP(D11,'AHSP MCK'!D:K,8,FALSE) -> 59400 | G11: =E11*F11 -> 16156.8
B12: 1.3.1.2 | C12: BIDANG UMUM | D12: 1 m3 urukan pasir uruk untuk volume s.d 200 m3 tanpa pemadatan secara manual | E12: 0.1 | F12: =VLOOKUP(D12,'AHSP MCK'!D:K,8,FALSE) -> 326700 | G12: =E12*F12 -> 32670
B13: 1.4.1.2 | C13: BIDANG UMUM | D13: Mengangkut 1 m3 tanah lepas, jarak angkut > 10 m s.d 20 m | E13: =E10-E11 -> 0.816 | F13: =VLOOKUP(D13,'AHSP MCK'!D:K,8,FALSE) -> 26700 | G13: =E13*F13 -> 21787.2
B14: 2.1.1.1 | C14: BIDANG CIPTA KARYA | D14: Pemasangan 1 m2 rangka atap pelana baja ringan (canai dingin) profil C75 | E14: =3.12*2 -> 6.24 | F14: =VLOOKUP(D14,'AHSP MCK'!D:K,8,FALSE) -> 177400 | G14: =E14*F14 -> 1106976
B15: 2.2.1.1.3 | C15: BIDANG CIPTA KARYA | D15: 1 kg Penulangan Kolom, Balok, Ring Balk dan Sloof untuk BjTP diameter <12 mm cara Manual | F15: =VLOOKUP(D15,'AHSP MCK'!D:K,7,FALSE) -> 0 | G15: =E15*F15 -> 0
B16: 2.2.1.3.2 | C16: BIDANG CIPTA KARYA | D16: Pemasangan 1 m2 bekisting untuk sloof (3 kali pakai) | F16: =VLOOKUP(D16,'AHSP MCK'!D:K,7,FALSE) -> 0 | G16: =E16*F16 -> 0
B17: 2.2.1.3.2 | C17: BIDANG CIPTA KARYA | D17: Pemasangan 1 m2 bekisting untuk sloof (3 kali pakai) | F17: =VLOOKUP(D17,'AHSP MCK'!D:K,7,FALSE) -> 0 | G17: =E17*F17 -> 0
B18: 2.2.1.3.3 | C18: BIDANG CIPTA KARYA | D18: Pemasangan 1 m2 bekisting untuk kolom (3 kali pakai) | F18: =VLOOKUP(D18,'AHSP MCK'!D:K,7,FALSE) -> 0 | G18: =E18*F18 -> 0
B19: 2.2.1.3.4 | C19: BIDANG CIPTA KARYA | D19: Pemasangan 1 m2 bekisting untuk balok (3 kali pakai) | F19: =VLOOKUP(D19,'AHSP MCK'!D:K,7,FALSE) -> 0 | G19: =E19*F19 -> 0
B20: 2.2.1.3.5 | C20: BIDANG CIPTA KARYA | D20: Pemasangan 1 m2 bekisting untuk plat lantai (3 kali pakai) | F20: =VLOOKUP(D20,'AHSP MCK'!D:K,7,FALSE) -> 0 | G20: =E20*F20 -> 0
B21: 2.2.1.4.5 | C21: BIDANG CIPTA KARYA | D21: 1 m3 beton mutu sedang f'c 20 MPa, slump (100 ± 25) mm, agregat maks 19 mm secara manual | F21: =VLOOKUP(D21,'AHSP MCK'!D:K,7,FALSE) -> 0 | G21: =E21*F21 -> 0
B22: 2.2.1.10.1 | C22: BIDANG CIPTA KARYA | D22: Pembuatan 1 m' kolom praktis beton bertulang (11x11) | E22: =(2.4*2)+(2*1.8) -> 8.4 | F22: =VLOOKUP(D22,'AHSP MCK'!D:K,7,FALSE) -> 0 | G22: =E22*F22 -> 0
B23: 2.2.1.10.2 | C23: BIDANG CIPTA KARYA | D23: Pembuatan 1 m' balok praktis beton bertulang (10x15) | E23: =(1.9*2)+(1.2*2)+(1.9*2)+(1.5*2) -> 13 | F23: =VLOOKUP(D23,'AHSP MCK'!D:K,7,FALSE) -> 0 | G23: =E23*F23 -> 0 | I23: =0.1*0.15*(1.5+1.5+1.9+1.9) -> 0.102
B24: 2.2.2.1.8 | C24: BIDANG CIPTA KARYA | D24: Pemasangan 1 m3 pondasi batu belah mortar tipe O 2,4 Mpa (setara 1SP : 5PP), cara manual | E24: =((0.2+0.4)/2*0.4*(1.9+1.9+1.5+1.5)) -> 0.816 | F24: =VLOOKUP(D24,'AHSP MCK'!D:K,7,FALSE) -> 0 | G24: =E24*F24 -> 0 | I24: =I23*2 -> 0.204
B25: 3.1.3.7 | C25: BIDANG CIPTA KARYA | D25: Pemasangan 1 m2 atap metal lembaran | E25: =E14 -> 6.24 | F25: =VLOOKUP(D25,'AHSP MCK'!D:K,7,FALSE) -> 0 | G25: =E25*F25 -> 0
B26: 3.3.6 | C26: BIDANG CIPTA KARYA | D26: Pemasangan 1 m' lisplank non kayu (GRC, serat semen) lebar 20 cm | E26: =3.12+3.12+2+0.5 -> 8.74 | F26: =VLOOKUP(D26,'AHSP MCK'!D:K,7,FALSE) -> 0 | G26: =E26*F26 -> 0
B27: 3.5.2.1 | C27: BIDANG CIPTA KARYA | D27: Pemasangan 1 m2 plafon papan gypsum tebal 9 mm | E27: =1.2*1.6 -> 1.92 | F27: =VLOOKUP(D27,'AHSP MCK'!D:K,7,FALSE) -> 0 | G27: =E27*F27 -> 0
B28: 3.5.2.6 | C28: BIDANG CIPTA KARYA | D28: Pemasangan 1 m' list plafon gypsum | F28: =VLOOKUP(D28,'AHSP MCK'!D:K,7,FALSE) -> 0 | G28: =E28*F28 -> 0
B29: 3.5.3.1 | C29: BIDANG CIPTA KARYA | D29: Pemasangan 1 m2 rangka plafon besi hollow 40.40, modul 60x60 cm | E29: =E27 -> 1.92 | F29: =VLOOKUP(D29,'AHSP MCK'!D:K,7,FALSE) -> 0 | G29: =E29*F29 -> 0
B30: 3.6.3.4 | C30: BIDANG CIPTA KARYA | D30: Pemasangan 1 m2 glass block 20x20 cm, 1PC : 3PP | F30: =VLOOKUP(D30,'AHSP MCK'!D:K,7,FALSE) -> 0 | G30: =E30*F30 -> 0
B31: 3.6.3.5 | C31: BIDANG CIPTA KARYA | D31: Pemasangan 1 m2 dinding kerawang (rooster) 20x20 (Setara Campuran 1SP : 3PP) | E31: 2 | F31: =VLOOKUP(D31,'AHSP MCK'!D:K,7,FALSE) -> 0 | G31: =E31*F31 -> 0
B32: 3.6.4.2 | C32: BIDANG CIPTA KARYA | D32: Pemasangan 1 m2 dinding bata ringan tebal 7.5 cm dengan mortar siap pakai | E32: =(1.2*2.7)+(1.2*2.1)+(1.6*2.1*2)+(0.5*1.6*0.4*2)-(0.7*2)-(0.2*0.2*2) -> 11.64 | F32: =VLOOKUP(D32,'AHSP MCK'!D:K,7,FALSE) -> 0 | G32: =E32*F32 -> 0
B33: 3.7.5 | C33: BIDANG CIPTA KARYA | D33: Pemasangan 1 m2 plesteran 1SP : 5PP tebal 15 mm | E33: =(E32*2)-E38 -> 18.38 | F33: =VLOOKUP(D33,'AHSP MCK'!D:K,7,FALSE) -> 0 | G33: =E33*F33 -> 0
B34: 3.7.8 | C34: BIDANG CIPTA KARYA | D34: Pemasangan 1 m2 acian | E34: =E33 -> 18.38 | F34: =VLOOKUP(D34,'AHSP MCK'!D:K,7,FALSE) -> 0 | G34: =E34*F34 -> 0
B35: 3.8.10.1 | C35: BIDANG CIPTA KARYA | D35: Pengecatan 1 m2 tembok baru Interior( 1 lapis cat dasar, 2 lapis cat penutup) | E35: =E34 -> 18.38 | F35: =VLOOKUP(D35,'AHSP MCK'!D:K,7,FALSE) -> 0 | G35: =E35*F35 -> 0
B36: 3.8.20.1 | C36: BIDANG CIPTA KARYA | D36: Pengecatan 1 m2 plafon Interior ( 1 lapis Cat Dasar dan 2 Lapis Cat Penutup) | E36: =E29 -> 1.92 | F36: =VLOOKUP(D36,'AHSP MCK'!D:K,7,FALSE) -> 0 | G36: =E36*F36 -> 0
B37: 3.9.7.3 | C37: BIDANG CIPTA KARYA | D37: Pemasangan 1 m2 lantai keramik artistik uk. 20x20 cm (1SP : 2PP) | E37: =2.75*1.5 -> 4.125 | F37: =VLOOKUP(D37,'AHSP MCK'!D:K,7,FALSE) -> 0 | G37: =E37*F37 -> 0
B38: 3.10.1.4 | C38: BIDANG CIPTA KARYA | D38: Pemasangan 1 m2 dinding keramik uk. 20x20 cm (1SP : 2PP) | E38: =(1*(1.2+1.2+1.6+1.6))-(1*0.7) -> 4.9 | F38: =VLOOKUP(D38,'AHSP MCK'!D:K,7,FALSE) -> 0 | G38: =E38*F38 -> 0
B39: 3.11.1.4 | C39: BIDANG CIPTA KARYA | D39: Pemasangan 1 m2 pintu aluminium strip lebar 8 cm | E39: =2*0.7 -> 1.4 | F39: =VLOOKUP(D39,'AHSP MCK'!D:K,7,FALSE) -> 0 | G39: =E39*F39 -> 0
B40: 3.18.1.1 | C40: BIDANG CIPTA KARYA | D40: Pemasangan 1 buah wastafel | F40: =VLOOKUP(D40,'AHSP MCK'!D:K,7,FALSE) -> 0 | G40: =E40*F40 -> 0
B41: 3.18.3.2 | C41: BIDANG CIPTA KARYA | D41: Pemasangan 1 buah closet jongkok | E41: 1 | F41: =VLOOKUP(D41,'AHSP MCK'!D:K,7,FALSE) -> 0 | G41: =E41*F41 -> 0
B42: 3.18.6.1 | C42: BIDANG CIPTA KARYA | D42: Pemasangan 1 buah floor drain stainless steel | E42: 1 | F42: =VLOOKUP(D42,'AHSP MCK'!D:K,7,FALSE) -> 0 | G42: =E42*F42 -> 0
B43: 3.18.6.2.1 | C43: BIDANG CIPTA KARYA | D43: Pemasangan 1 buah kran diameter ½" atau 3/4" | E43: 1 | F43: =VLOOKUP(D43,'AHSP MCK'!D:K,7,FALSE) -> 0 | G43: =E43*F43 -> 0
B44: 5.1.1.1.24 | C44: BIDANG CIPTA KARYA | D44: Pemasangan 1 m' kabel NYY 3 x 1,5 mm² | E44: 10 | F44: =VLOOKUP(D44,'AHSP MCK'!D:K,7,FALSE) -> 0 | G44: =E44*F44 -> 0
B45: 5.1.5.1 | C45: BIDANG CIPTA KARYA | D45: Pemasanga 1 Unit Saklar Tunggal | F45: =VLOOKUP(D45,'AHSP MCK'!D:K,7,FALSE) -> 0 | G45: =E45*F45 -> 0
B46: 5.1.5.2 | C46: BIDANG CIPTA KARYA | D46: Pemasanga 1 Unit Saklar Ganda | E46: 1 | F46: =VLOOKUP(D46,'AHSP MCK'!D:K,7,FALSE) -> 0 | G46: =E46*F46 -> 0
B47: 5.1.5.9 | C47: BIDANG CIPTA KARYA | D47: Pemasanga 1 Unit Stop Kontak (1 P, 10 A, 200 W+ cover,hand Dryer 1 Ph. 1000 w) | E47: 1 | F47: =VLOOKUP(D47,'AHSP MCK'!D:K,7,FALSE) -> 0 | G47: =E47*F47 -> 0
B48: 5.1.6.1 | C48: BIDANG CIPTA KARYA | D48: Pemasangan 1 unit kWh Meter Token 1 Phase | F48: =VLOOKUP(D48,'AHSP MCK'!D:K,7,FALSE) -> 0 | G48: =E48*F48 -> 0
B49: 5.3.1.1 | C49: BIDANG CIPTA KARYA | D49: Pemasangan 1 titik Instalasi Lampu | E49: 2 | F49: =VLOOKUP(D49,'AHSP MCK'!D:K,7,FALSE) -> 0 | G49: =E49*F49 -> 0
B50: 5.3.1.21 | C50: BIDANG CIPTA KARYA | D50: Pemasangan 1 Unit Fitting + 7 Watt LED | E50: 2 | F50: =VLOOKUP(D50,'AHSP MCK'!D:K,7,FALSE) -> 0 | G50: =E50*F50 -> 0
B51: 5.5.4.11 | C51: BIDANG CIPTA KARYA | D51: Pemasangan 1 m' pipa PVC AW, DN. 1/2" (15 mm) + Isolasi | E51: 4 | F51: =VLOOKUP(D51,'AHSP MCK'!D:K,7,FALSE) -> 0 | G51: =E51*F51 -> 0
B52: 5.5.4.12 | C52: BIDANG CIPTA KARYA | D52: Pemasangan 1 m' pipa PVC AW, DN. 3/4" (20 mm) + Isolasi | E52: 4 | F52: =VLOOKUP(D52,'AHSP MCK'!D:K,7,FALSE) -> 0 | G52: =E52*F52 -> 0
B53: 5.5.4.13 | C53: BIDANG CIPTA KARYA | D53: Pemasangan 1 m' pipa PVC AW, DN. 1" (25 mm) + Isolasi | F53: =VLOOKUP(D53,'AHSP MCK'!D:K,7,FALSE) -> 0 | G53: =E53*F53 -> 0
B54: 5.5.4.16 | C54: BIDANG CIPTA KARYA | D54: Pemasangan 1 m' pipa PVC AW, DN. 2" (50 mm) + Isolasi | F54: =VLOOKUP(D54,'AHSP MCK'!D:K,7,FALSE) -> 0 | G54: =E54*F54 -> 0
B55: 5.5.4.18 | C55: BIDANG CIPTA KARYA | D55: Pemasangan 1 m' pipa PVC AW, DN. 3" (80 mm) + Isolasi | E55: 4 | F55: =VLOOKUP(D55,'AHSP MCK'!D:K,7,FALSE) -> 0 | G55: =E55*F55 -> 0
B56: 6.1.1.7 | C56: BIDANG CIPTA KARYA | D56: Pemasangan 1 unit tangki toren kap. 0,7 m3 | F56: =VLOOKUP(D56,'AHSP MCK'!D:K,7,FALSE) -> 0 | G56: =E56*F56 -> 0
B57: 6.1.1.8 | C57: BIDANG CIPTA KARYA | D57: Pemasangan 1 unit tangki toren kap. 1,5 m3 | F57: =VLOOKUP(D57,'AHSP MCK'!D:K,7,FALSE) -> 0 | G57: =E57*F57 -> 0
B58: 6.1.1.18 | C58: BIDANG CIPTA KARYA | D58: Pemasangan 1 buah Tangki Toren Kap. 0,5 m3 | F58: =VLOOKUP(D58,'AHSP MCK'!D:K,7,FALSE) -> 0 | G58: =E58*F58 -> 0
B59: 6.1.2.4 | C59: BIDANG CIPTA KARYA | D59: Pemasangan 1 unit pompa jet 27 lpm | F59: =VLOOKUP(D59,'AHSP MCK'!D:K,7,FALSE) -> 0 | G59: =E59*F59 -> 0
B60: 7.2.1.1 | C60: BIDANG CIPTA KARYA | D60: 1 m3 Beton Kurus fc 10 Mpa untuk Jalan Lingkungan (Jalan Lokal) Semi Mekanis | F60: =VLOOKUP(D60,'AHSP MCK'!D:K,7,FALSE) -> 0 | G60: =E60*F60 -> 0
B61: Pekerjaan Tangki Septik
B62: 1.2.1.1.1 | C62: BIDANG UMUM | D62: Penggalian 1 m3 tanah biasa sedalam 0 s.d. 1 m untuk volume s.d. 200 m3 secara manual | E62: =2.45*1.5*1.3 -> 4.7775 | F62: =VLOOKUP(D62,'AHSP MCK'!D:K,8,FALSE) -> 89100 | G62: =E62*F62 -> 425675.25
B63: 1.4.1.2 | C63: BIDANG UMUM | D63: Mengangkut 1 m3 tanah lepas, jarak angkut > 10 m s.d 20 m | E63: =E62 -> 4.7775 | F63: =VLOOKUP(D63,'AHSP MCK'!D:K,8,FALSE) -> 26700 | G63: =E63*F63 -> 127559.25
B64: 2.2.1.1.1 | C64: BIDANG CIPTA KARYA | D64: 1 kg penulangan slab untuk BjTP atau BjTS dia. < 12 mm, cara manual (untuk bangunan gedung) | E64: =Vol!B13 -> 7.11 | F64: =VLOOKUP(D64,'AHSP MCK'!D:K,7,FALSE) -> 0 | G64: =E64*F64 -> 0
B65: 2.2.1.4.5 | C65: BIDANG CIPTA KARYA | D65: 1 m3 beton mutu sedang f'c 20 MPa, slump (100 ± 25) mm, agregat maks 19 mm secara manual | E65: =1.3*1.3*0.07 -> 0.1183 | F65: =VLOOKUP(D65,'AHSP MCK'!D:K,7,FALSE) -> 0 | G65: =E65*F65 -> 0
B66: 2.2.1.3.6 | C66: BIDANG CIPTA KARYA | D66: Pemasangan 1 m2 bekisting untuk dinding shearwall (3 kali pakai) | F66: =VLOOKUP(D66,'AHSP MCK'!D:K,7,FALSE) -> 0 | G66: =E66*F66 -> 0
B67: 2.2.1.3.5 | C67: BIDANG CIPTA KARYA | D67: Pemasangan 1 m2 bekisting untuk plat lantai (3 kali pakai) | E67: =2.45*1.3 -> 3.185 | F67: =VLOOKUP(D67,'AHSP MCK'!D:K,7,FALSE) -> 0 | G67: =E67*F67 -> 0
B68: 3.6.4.2 | C68: BIDANG CIPTA KARYA | D68: Pemasangan 1 m2 dinding bata ringan tebal 7.5 cm dengan mortar siap pakai | E68: =(2.45*1.5*2)+(1.3*1.5*3)+(1.2*1) -> 14.4 | F68: =VLOOKUP(D68,'AHSP MCK'!D:K,7,FALSE) -> 0 | G68: =E68*F68 -> 0
B69: 2.2.1.10.1 | C69: BIDANG CIPTA KARYA | D69: Pembuatan 1 m' kolom praktis beton bertulang (11x11) | E69: =1.5*4 -> 6 | F69: =VLOOKUP(D69,'AHSP MCK'!D:K,7,FALSE) -> 0 | G69: =E69*F69 -> 0
B70: 2.2.1.10.2 | C70: BIDANG CIPTA KARYA | D70: Pembuatan 1 m' balok praktis beton bertulang (10x15) | F70: =VLOOKUP(D70,'AHSP MCK'!D:K,7,FALSE) -> 0 | G70: =E70*F70 -> 0
B71: 3.7.8 | C71: BIDANG CIPTA KARYA | D71: Pemasangan 1 m2 acian | E71: =E68/2 -> 7.2 | F71: =VLOOKUP(D71,'AHSP MCK'!D:K,7,FALSE) -> 0 | G71: =E71*F71 -> 0
B72: 3.7.5 | C72: BIDANG CIPTA KARYA | D72: Pemasangan 1 m2 plesteran 1SP : 5PP tebal 15 mm | E72: =E71 -> 7.2 | F72: =VLOOKUP(D72,'AHSP MCK'!D:K,7,FALSE) -> 0 | G72: =E72*F72 -> 0
B73: 3.8.10.1 | C73: BIDANG CIPTA KARYA | D73: Pengecatan 1 m2 tembok baru Interior( 1 lapis cat dasar, 2 lapis cat penutup) | E73: =2.45*1.3 -> 3.185 | F73: =VLOOKUP(D73,'AHSP MCK'!D:K,7,FALSE) -> 0 | G73: =E73*F73 -> 0
B74: 5.5.4.13 | C74: BIDANG CIPTA KARYA | D74: Pemasangan 1 m' pipa PVC AW, DN. 1" (25 mm) + Isolasi | E74: 1.5 | F74: 47400 | G74: =E74*F74 -> 71100
B75: 5.5.4.18 | C75: BIDANG CIPTA KARYA | D75: Pemasangan 1 m' pipa PVC AW, DN. 3" (80 mm) + Isolasi | E75: 4 | F75: 169300 | G75: =E75*F75 -> 677200
D76: Pemasangan 1 buah Grease Trap uk. 0.6x0.6x0.6 | E76: 1 | F76: =VLOOKUP(D76,'AHSP MCK'!D:K,7,FALSE) -> 0
B77: SMKK
D78: Sosialisasi, Promosi dan Pelatihan
D79: Induksi Keselamatan Konstruksi (Safety Induction) | E79: 3 | F79: =SMKK!H17 -> 10000 | G79: =E79*F79 -> 30000
D80: Pengarahan Keselamatan Konstruksi (Safety Briefing) (khusus untuk pekerja) | E80: 3 | F80: =SMKK!H18 -> 10000 | G80: =E80*F80 -> 30000
D81: APK, antara lain :
D82: Pengarahan Keselamatan Konstruksi (Safety Briefing) (khusus untuk pekerja) | E82: 3
D83: APD, antara lain :
D84: 1) Helm pelindung (safety helmet) | E84: 3 | F84: =SMKK!H28 -> 25000 | G84: =E84*F84 -> 75000
D85: 7) Sarung tangan kerja (safety gloves) | E85: 3 | F85: =SMKK!H29 -> 10000 | G85: =E85*F85 -> 30000
D86: 11) Sepatu keselamatan (toe cap) | E86: 3 | F86: =SMKK!H30 -> 87500 | G86: =E86*F86 -> 262500
D87: 16) Rompi keselamatan (safety vest) | E87: 3 | F87: =SMKK!H31 -> 10000 | G87: =E87*F87 -> 30000
D88: Asuransi:
D89: Asuransi (Construction All Risk/CAR) | E89: 1
D90: Fasilitas Sarana, Prasarana, dan Alat Kesehatan:
D91: Peralatan P3K (Kotak P3K, Alat pengukur suhu badan, tandu, obat luka, dll) | E91: 1 | F91: =SMKK!H42 -> 190000 | G91: =E91*F91 -> 190000

Sheet Harga Satuan
B2: DAFTAR HARGA SATUAN PEKERJAAN (DHSP)
B3: BIDANG CIPTA KARYA
B4: Berdasarkan SE Bina Konstruksi Nomor 30/SE/Dk/2025
B6: NO | C6: URAIAN PEKERJAAN | D6: SATUAN | E6: HARGA SATUAN | F6: KETERANGAN
B7: =Persiapan!C2 -> 1. | C7: =VLOOKUP(B7,Persiapan!C:M,2,FALSE) -> PERSIAPAN LAPANGAN / SITE WORK
B8: =Persiapan!C3 -> 1.1 | C8: =VLOOKUP(B8,Persiapan!C:M,2,FALSE) -> PEKERJAAN PERSIAPAN
B9: =Persiapan!C4 -> 1.1.1 | C9: =VLOOKUP(B9,Persiapan!C:M,2,FALSE) -> Pembuatan Pagar Proyek
B10: =Persiapan!C5 -> 1.1.1.1 | C10: =VLOOKUP(B10,Persiapan!C:M,2,FALSE) -> Pembuatan 1 m’ pagar sementara dari kayu tinggi 2 meter | D10: m' | E10: =VLOOKUP(C10,Persiapan!$D$5:$K$679,8,FALSE) -> 348000 | F10: =VLOOKUP(C10,Persiapan!$D$5:$M$679,10,FALSE) -> - | G10: =VLOOKUP(C10,Persiapan!$D$5:$L$679,9,FALSE) -> -
B11: =Persiapan!C30 -> 1.1.1.2 | C11: =VLOOKUP(B11,Persiapan!C:M,2,FALSE) -> Pembuatan 1 m’ pagar sementara dari seng gelombang rangka kayu tinggi 2 meter | D11: m' | E11: =VLOOKUP(C11,Persiapan!$D$5:$K$679,8,FALSE) -> 245600 | F11: =VLOOKUP(C11,Persiapan!$D$5:$M$679,10,FALSE) -> 0 | G11: =VLOOKUP(C11,Persiapan!$D$5:$L$679,9,FALSE) -> 0
B12: =Persiapan!C54 -> 1.1.1.3 | C12: =VLOOKUP(B12,Persiapan!C:M,2,FALSE) -> Pembuatan 1 m’ pagar sementara dari kawat duri tinggi 2 meter | D12: m' | E12: =VLOOKUP(C12,Persiapan!$D$5:$K$679,8,FALSE) -> 206200 | F12: =VLOOKUP(C12,Persiapan!$D$5:$M$679,10,FALSE) -> Revisis | G12: =VLOOKUP(C12,Persiapan!$D$5:$L$679,9,FALSE) -> tidak ada perubahan
B13: =Persiapan!C78 -> 1.1.1.4 | C13: =VLOOKUP(B13,Persiapan!C:M,2,FALSE) -> Pembuatan 1 m’ pagar sementara seng gelombang rangka baja L.40.40.4 tinggi pagar 1.8 meter | D13: m' | E13: =VLOOKUP(C13,Persiapan!$D$5:$K$679,8,FALSE) -> 275500 | F13: =VLOOKUP(C13,Persiapan!$D$5:$M$679,10,FALSE) -> - | G13: =VLOOKUP(C13,Persiapan!$D$5:$L$679,9,FALSE) -> -
B14: =Persiapan!C98 -> 1.1.1.5 | C14: =VLOOKUP(B14,Persiapan!C:M,2,FALSE) -> Pembuatan 1 m2 pagar BRC Galvanis | D14: m2 | E14: =VLOOKUP(C14,Persiapan!$D$5:$K$679,8,FALSE) -> #VALUE! | F14: =VLOOKUP(C14,Persiapan!$D$5:$M$679,10,FALSE) -> - | G14: =VLOOKUP(C14,Persiapan!$D$5:$L$679,9,FALSE) -> -
B15: =Persiapan!C115 -> 1.1.1.6 | C15: =VLOOKUP(B15,Persiapan!C:M,2,FALSE) -> Pemasangan 1 m2 panel beton pracetak 50x50x240 untuk pagar | D15: m2 | E15: =VLOOKUP(C15,Persiapan!$D$5:$K$679,8,FALSE) -> 186000 | F15: =VLOOKUP(C15,Persiapan!$D$5:$M$679,10,FALSE) -> Revisi | G15: =VLOOKUP(C15,Persiapan!$D$5:$L$679,9,FALSE) -> tidak ada perubahan
B16: =Persiapan!C137 -> 1.1.2 | C16: =VLOOKUP(B16,Persiapan!C:M,2,FALSE) -> Alat dan/atau sarana penunjang | E16: =VLOOKUP(C16,Persiapan!$D$5:$K$679,8,FALSE) -> 0 | F16: =VLOOKUP(C16,Persiapan!$D$5:$M$679,10,FALSE) -> 0 | G16: =VLOOKUP(C16,Persiapan!$D$5:$L$679,9,FALSE) -> 0
B17: =Persiapan!C139 -> 1.1.2.1 | C17: =VLOOKUP(B17,Persiapan!C:M,2,FALSE) -> 1 buah papan nama pekerjaan ukuran 0.8x1.2 menggunakan multiflex 18 mm, frame besi siku dan tiang kayu 8/12 | D17: buah | E17: =VLOOKUP(C17,Persiapan!$D$5:$K$679,8,FALSE) -> 809500 | F17: =VLOOKUP(C17,Persiapan!$D$5:$M$679,10,FALSE) -> - | G17: =VLOOKUP(C17,Persiapan!$D$5:$L$679,9,FALSE) -> -
B18: =Persiapan!C164 -> 1.1.2.2 | C18: =VLOOKUP(B18,Persiapan!C:M,2,FALSE) -> 1 buah papan nama pekerjaan ukuran 0.6x08 menggunakan multiplex 10 mm, frame allumunium siku dan tiang kayu 5/7, printing banner plastik | D18: buah | E18: =VLOOKUP(C18,Persiapan!$D$5:$K$679,8,FALSE) -> 407100 | F18: =VLOOKUP(C18,Persiapan!$D$5:$M$679,10,FALSE) -> - | G18: =VLOOKUP(C18,Persiapan!$D$5:$L$679,9,FALSE) -> -
B19: =Persiapan!C188 -> 1.1.2.3 | C19: =VLOOKUP(B19,Persiapan!C:M,2,FALSE) -> Pembuatan 1 m2 kantor sementara/rumah jaga/gudang semen dan peralatan lantai plesteran, dinding setengah tembok | D19: m2 | E19: =VLOOKUP(C19,Persiapan!$D$5:$K$679,8,FALSE) -> 938400 | F19: =VLOOKUP(C19,Persiapan!$D$5:$M$679,10,FALSE) -> - | G19: =VLOOKUP(C19,Persiapan!$D$5:$L$679,9,FALSE) -> -
B20: =Persiapan!C219 -> 1.1.2.4 | C20: =VLOOKUP(B20,Persiapan!C:M,2,FALSE) -> Pembuatan 1 m2 direksi keet (Kantor), los kerja dan gudang | D20: m2 | E20: =VLOOKUP(C20,Persiapan!$D$5:$K$679,8,FALSE) -> 2086200 | F20: =VLOOKUP(C20,Persiapan!$D$5:$M$679,10,FALSE) -> Revisi | G20: =VLOOKUP(C20,Persiapan!$D$5:$L$679,9,FALSE) -> tidak ada perbahan
B21: =Persiapan!C246 -> 1.1.2.5 | C21: =VLOOKUP(B21,Persiapan!C:M,2,FALSE) -> Pembuatan 1 m2 jalan sementara lapis macadam | D21: m2 | E21: =VLOOKUP(C21,Persiapan!$D$5:$K$679,8,FALSE) -> 1262000 | F21: =VLOOKUP(C21,Persiapan!$D$5:$M$679,10,FALSE) -> - | G21: =VLOOKUP(C21,Persiapan!$D$5:$L$679,9,FALSE) -> -
B22: =Persiapan!C270 -> 1.1.2.6 | C22: =VLOOKUP(B22,Persiapan!C:M,2,FALSE) -> Pembuatan 1 m2 jalan sementara (Jalan Tanah) | D22: m2 | E22: =VLOOKUP(C22,Persiapan!$D$5:$K$679,8,FALSE) -> 128900 | F22: =VLOOKUP(C22,Persiapan!$D$5:$M$679,10,FALSE) -> - | G22: =VLOOKUP(C22,Persiapan!$D$5:$L$679,9,FALSE) -> -
B23: =Persiapan!C286 -> 1.1.2.7 | C23: =VLOOKUP(B23,Persiapan!C:M,2,FALSE) -> Pembuatan 1 m2 jalan sementara (Jalan Kerikil) | D23: m2 | E23: =VLOOKUP(C23,Persiapan!$D$5:$K$679,8,FALSE) -> 190800 | F23: =VLOOKUP(C23,Persiapan!$D$5:$M$679,10,FALSE) -> - | G23: =VLOOKUP(C23,Persiapan!$D$5:$L$679,9,FALSE) -> -
B24: =Persiapan!C303 -> 1.1.3 | C24: =VLOOKUP(B24,Persiapan!C:M,2,FALSE) -> Pembersihan dan Pengupasan Permukaan Tanah
B25: =Persiapan!C304 -> 1.1.3.1 | C25: =VLOOKUP(B25,Persiapan!C:M,2,FALSE) -> 1 m3 Pembersihan dan pengupasan permukaan tanah (striping) s.d. tanaman ∅ 2 cm | D25: m2 | E25: =VLOOKUP(C25,Persiapan!$D$5:$K$679,8,FALSE) -> 11800 | F25: =VLOOKUP(C25,Persiapan!$D$5:$M$679,10,FALSE) -> - | G25: =VLOOKUP(C25,Persiapan!$D$5:$L$679,9,FALSE) -> -
B26: =Persiapan!C318 -> 1.1.3.2 | C26: =VLOOKUP(B26,Persiapan!C:M,2,FALSE) -> Tebas tebang 1 m2 tanaman/tumbuhan ∅ < 5 cm | D26: m2 | E26: =VLOOKUP(C26,Persiapan!$D$5:$K$679,8,FALSE) -> 3800 | F26: =VLOOKUP(C26,Persiapan!$D$5:$M$679,10,FALSE) -> - | G26: =VLOOKUP(C26,Persiapan!$D$5:$L$679,9,FALSE) -> -
B27: =Persiapan!C332 -> 1.1.3.3. | C27: =VLOOKUP(B27,Persiapan!C:M,2,FALSE) -> Tebas tebang 1 m 2 tanaman/tumbuhan ∅ >5 s.d. 15 cm | D27: m2 | E27: =VLOOKUP(C27,Persiapan!$D$5:$K$679,8,FALSE) -> 6300 | F27: =VLOOKUP(C27,Persiapan!$D$5:$M$679,10,FALSE) -> - | G27: =VLOOKUP(C27,Persiapan!$D$5:$L$679,9,FALSE) -> -
B28: =Persiapan!C346 -> 1.1.3.4 | C28: =VLOOKUP(B28,Persiapan!C:M,2,FALSE) -> Tebas tebang 1 batang pohon/tumbuhan ∅ >15 s.d. 30 cm | D28: btg | E28: =VLOOKUP(C28,Persiapan!$D$5:$K$679,8,FALSE) -> 21900 | F28: =VLOOKUP(C28,Persiapan!$D$5:$M$679,10,FALSE) -> - | G28: =VLOOKUP(C28,Persiapan!$D$5:$L$679,9,FALSE) -> -
B29: =Persiapan!C361 -> 1.1.3.5 | C29: =VLOOKUP(B29,Persiapan!C:M,2,FALSE) -> Tebas tebang 1 batang pohon/tumbuhan ∅ > 30 s.d 50 cm | D29: btg | E29: =VLOOKUP(C29,Persiapan!$D$5:$K$679,8,FALSE) -> 22100 | F29: =VLOOKUP(C29,Persiapan!$D$5:$M$679,10,FALSE) -> - | G29: =VLOOKUP(C29,Persiapan!$D$5:$L$679,9,FALSE) -> -
B30: =Persiapan!C376 -> 1.1.3.6 | C30: =VLOOKUP(B30,Persiapan!C:M,2,FALSE) -> Tebas tebang 1 batang pohon/tumbuhan ∅ > 50 s.d 75 cm (diameter pohon diukur 1 m di atas permukaan tanah) | D30: btg | E30: =VLOOKUP(C30,Persiapan!$D$5:$K$679,8,FALSE) -> 48000 | F30: =VLOOKUP(C30,Persiapan!$D$5:$M$679,10,FALSE) -> - | G30: =VLOOKUP(C30,Persiapan!$D$5:$L$679,9,FALSE) -> -
B31: =Persiapan!C391 -> 1.1.3.7 | C31: =VLOOKUP(B31,Persiapan!C:M,2,FALSE) -> Tebas tebang 1 batang pohon/tumbuhan ∅ > 75 cm (diameter pohon diukur 1 m di atas permukaan tanah) | D31: btg | E31: =VLOOKUP(C31,Persiapan!$D$5:$K$679,8,FALSE) -> 61600 | F31: =VLOOKUP(C31,Persiapan!$D$5:$M$679,10,FALSE) -> - | G31: =VLOOKUP(C31,Persiapan!$D$5:$L$679,9,FALSE) -> -
B32: =Persiapan!C406 -> 1.1.3.8 | C32: =VLOOKUP(B32,Persiapan!C:M,2,FALSE) -> Gali dan cabut 1 tunggul pohon tanaman keras ∅ > 5 s.d. 15 cm (termasuk pembuangan sisa tunggul tanpa menutup kembali bekas lubang) | D32: tgl | E32: =VLOOKUP(C32,Persiapan!$D$5:$K$679,8,FALSE) -> 47900 | F32: =VLOOKUP(C32,Persiapan!$D$5:$M$679,10,FALSE) -> - | G32: =VLOOKUP(C32,Persiapan!$D$5:$L$679,9,FALSE) -> -
B33: =Persiapan!C421 -> 1.1.3.9 | C33: =VLOOKUP(B33,Persiapan!C:M,2,FALSE) -> Gali dan cabut 1 tunggul pohon tanaman keras ∅ > 15 cm s.d. 30 cm (termasuk pembuangan sisa tunggul tanpa menutup kembali bekas lubang) | D33: tgl | E33: =VLOOKUP(C33,Persiapan!$D$5:$K$679,8,FALSE) -> 67500 | F33: =VLOOKUP(C33,Persiapan!$D$5:$M$679,10,FALSE) -> - | G33: =VLOOKUP(C33,Persiapan!$D$5:$L$679,9,FALSE) -> -
B34: =Persiapan!C436 -> 1.1.3.10 | C34: =VLOOKUP(B34,Persiapan!C:M,2,FALSE) -> Gali dan cabut 1 tunggul pohon tanaman keras ∅ > 30 cm s.d. 50 cm (termasuk pembuangan sisa tunggul tanpa menutup kembali bekas lubang) | D34: tgl | E34: =VLOOKUP(C34,Persiapan!$D$5:$K$679,8,FALSE) -> 95800 | F34: =VLOOKUP(C34,Persiapan!$D$5:$M$679,10,FALSE) -> - | G34: =VLOOKUP(C34,Persiapan!$D$5:$L$679,9,FALSE) -> -
B35: =Persiapan!C451 -> 1.1.3.11 | C35: =VLOOKUP(B35,Persiapan!C:M,2,FALSE) -> Gali dan cabut 1 tunggul pohon tanaman keras ∅ > 50 cm s.d. 75 cm (termasuk pembuangan sisa tunggul tanpa menutup kembali bekas lubang) | D35: tgl | E35: =VLOOKUP(C35,Persiapan!$D$5:$K$679,8,FALSE) -> 148800 | F35: =VLOOKUP(C35,Persiapan!$D$5:$M$679,10,FALSE) -> - | G35: =VLOOKUP(C35,Persiapan!$D$5:$L$679,9,FALSE) -> -
B36: =Persiapan!C466 -> 1.1.3.12 | C36: =VLOOKUP(B36,Persiapan!C:M,2,FALSE) -> Gali dan cabut 1 tunggul pohon tanaman keras ∅ > 75 cm (termasuk pembuangan sisa tunggul tanpa menutup kembali bekas lubang) | D36: tgl | E36: =VLOOKUP(C36,Persiapan!$D$5:$K$679,8,FALSE) -> 216700 | F36: =VLOOKUP(C36,Persiapan!$D$5:$M$679,10,FALSE) -> - | G36: =VLOOKUP(C36,Persiapan!$D$5:$L$679,9,FALSE) -> -
B37: =Persiapan!C481 -> 1.1.3.13 | C37: =VLOOKUP(B37,Persiapan!C:M,2,FALSE) -> Gali dan cabut 1 tunggul pohon tanaman keras ∅ > 5 s.d. 15 cm (termasuk pembuangan sisa tunggul dengan menutup kembali bekas lubang) | D37: tgl | E37: =VLOOKUP(C37,Persiapan!$D$5:$K$679,8,FALSE) -> 48900 | F37: =VLOOKUP(C37,Persiapan!$D$5:$M$679,10,FALSE) -> - | G37: =VLOOKUP(C37,Persiapan!$D$5:$L$679,9,FALSE) -> -
B38: =Persiapan!C496 -> 1.1.3.14 | C38: =VLOOKUP(B38,Persiapan!C:M,2,FALSE) -> Gali dan cabut 1 tunggul pohon tanaman keras ∅ > 15 cm s.d. 30 cm (termasuk pembuangan sisa tunggul dengan menutup kembali bekas lubang) | D38: tgl | E38: =VLOOKUP(C38,Persiapan!$D$5:$K$679,8,FALSE) -> 78000 | F38: =VLOOKUP(C38,Persiapan!$D$5:$M$679,10,FALSE) -> - | G38: =VLOOKUP(C38,Persiapan!$D$5:$L$679,9,FALSE) -> -
B39: =Persiapan!C512 -> 1.1.3.15 | C39: =VLOOKUP(B39,Persiapan!C:M,2,FALSE) -> Gali dan cabut 1 tunggul pohon tanaman keras ∅ > 15 cm s.d. 50 cm (termasuk pembuangan sisa tunggul dengan menutup kembali bekas lubang) | D39: Ha | E39: =VLOOKUP(C39,Persiapan!$D$5:$K$679,8,FALSE) -> 111900 | F39: =VLOOKUP(C39,Persiapan!$D$5:$M$679,10,FALSE) -> - | G39: =VLOOKUP(C39,Persiapan!$D$5:$L$679,9,FALSE) -> -
B40: =Persiapan!C527 -> 1.1.3.16 | C40: =VLOOKUP(B40,Persiapan!C:M,2,FALSE) -> Gali dan cabut 1 tunggul pohon tanaman keras ∅ > 15 cm s.d. 75 cm (termasuk pembuangan sisa tunggul dengan menutup kembali bekas lubang) | D40: m' | E40: =VLOOKUP(C40,Persiapan!$D$5:$K$679,8,FALSE) -> 175600 | F40: =VLOOKUP(C40,Persiapan!$D$5:$M$679,10,FALSE) -> - | G40: =VLOOKUP(C40,Persiapan!$D$5:$L$679,9,FALSE) -> -
B41: =Persiapan!C543 -> 1.1.3.17 | C41: =VLOOKUP(B41,Persiapan!C:M,2,FALSE) -> Gali dan cabut 1 tunggul pohon tanaman keras ∅ > 75 cm (termasuk pembuangan sisa tunggul dengan menutup kembali bekas lubang) | D41: m' | E41: =VLOOKUP(C41,Persiapan!$D$5:$K$679,8,FALSE) -> 268600 | F41: =VLOOKUP(C41,Persiapan!$D$5:$M$679,10,FALSE) -> - | G41: =VLOOKUP(C41,Persiapan!$D$5:$L$679,9,FALSE) -> -
B42: =Persiapan!C559 -> 1.1.4 | C42: =VLOOKUP(B42,Persiapan!C:M,2,FALSE) -> Pengukuran dan Pasangan Bouwplank | E42: =VLOOKUP(C42,Persiapan!$D$5:$K$679,8,FALSE) -> 0 | F42: =VLOOKUP(C42,Persiapan!$D$5:$M$679,10,FALSE) -> 0 | G42: =VLOOKUP(C42,Persiapan!$D$5:$L$679,9,FALSE) -> 0
B43: =Persiapan!C560 -> 1.1.4.1 | C43: =VLOOKUP(B43,Persiapan!C:M,2,FALSE) -> Pengukuran ulang topografi seluas 1 Ha | D43: Ha | E43: =VLOOKUP(C43,Persiapan!$D$5:$K$679,8,FALSE) -> 2081300 | F43: =VLOOKUP(C43,Persiapan!$D$5:$M$679,10,FALSE) -> - | G43: =VLOOKUP(C43,Persiapan!$D$5:$L$679,9,FALSE) -> -
B44: =Persiapan!C581 -> 1.1.4.2 | C44: =VLOOKUP(B44,Persiapan!C:M,2,FALSE) -> Pasangan 1 m' bouwplank | D44: m' | E44: =VLOOKUP(C44,Persiapan!$D$5:$K$679,8,FALSE) -> 60300 | F44: =VLOOKUP(C44,Persiapan!$D$5:$M$679,10,FALSE) -> - | G44: =VLOOKUP(C44,Persiapan!$D$5:$L$679,9,FALSE) -> -
B45: =Persiapan!C602 -> 1.1.4.3 | C45: =VLOOKUP(B45,Persiapan!C:M,2,FALSE) -> Patok Kayu (kaso5/7) Panjang 0,5 m' | D45: m' | E45: =VLOOKUP(C45,Persiapan!$D$5:$K$679,8,FALSE) -> 88200 | F45: =VLOOKUP(C45,Persiapan!$D$5:$M$679,10,FALSE) -> - | G45: =VLOOKUP(C45,Persiapan!$D$5:$L$679,9,FALSE) -> -
B46: =Persiapan!C622 -> 1.1.4.4 | C46: =VLOOKUP(B46,Persiapan!C:M,2,FALSE) -> 1 Buah Patok Kayu (Kaso 5/7) panjang 1 m' | D46: m' | E46: =VLOOKUP(C46,Persiapan!$D$5:$K$679,8,FALSE) -> 57600 | F46: =VLOOKUP(C46,Persiapan!$D$5:$M$679,10,FALSE) -> - | G46: =VLOOKUP(C46,Persiapan!$D$5:$L$679,9,FALSE) -> -
B47: =Persiapan!C641 -> 1.1.4.5 | C47: =VLOOKUP(B47,Persiapan!C:M,2,FALSE) -> Patok Tetap Bantu (PTB) | D47: m' | E47: =VLOOKUP(C47,Persiapan!$D$5:$K$679,8,FALSE) -> 140100 | F47: =VLOOKUP(C47,Persiapan!$D$5:$M$679,10,FALSE) -> - | G47: =VLOOKUP(C47,Persiapan!$D$5:$L$679,9,FALSE) -> -
B48: =Persiapan!C661 -> 1.1.4.6 | C48: =VLOOKUP(B48,Persiapan!C:M,2,FALSE) -> Patok Tetap Utama (PTU) | D48: m' | E48: =VLOOKUP(C48,Persiapan!$D$5:$K$679,8,FALSE) -> 206700 | F48: =VLOOKUP(C48,Persiapan!$D$5:$M$679,10,FALSE) -> - | G48: =VLOOKUP(C48,Persiapan!$D$5:$L$679,9,FALSE) -> -
B49: ='Galian Tanah'!C3 -> 1.2 | C49: =VLOOKUP(B49,'Galian Tanah'!C:K,2,FALSE) -> PEKERJAAN GALIAN TANAH
B50: ='Galian Tanah'!C4 -> 1.2.1 | C50: =VLOOKUP(B50,'Galian Tanah'!C:K,2,FALSE) -> Tanah Biasa
B51: ='Galian Tanah'!C5 -> 1.2.1.1 | C51: =VLOOKUP(B51,'Galian Tanah'!C:K,2,FALSE) -> Cara Manual
B52: ='Galian Tanah'!C6 -> 1.2.1.1.1 | C52: =VLOOKUP(B52,'Galian Tanah'!C:K,2,FALSE) -> Penggalian 1 m3 tanah biasa sedalam 0 s.d. 1 m untuk volume s.d. 200 m3 secara manual | D52: m3 | E52: =VLOOKUP(C52,'Galian Tanah'!$D$6:$J$723,7,FALSE) -> 89100 | F52: =VLOOKUP(C52,'Galian Tanah'!$D$6:$K$723,8,FALSE) -> 0 | G52: =VLOOKUP(C52,'Galian Tanah'!$D$6:$L$723,9,FALSE) -> 0
B53: ='Galian Tanah'!C20 -> 1.2.1.1.2 | C53: =VLOOKUP(B53,'Galian Tanah'!C:K,2,FALSE) -> Penggalian 1 m3 tanah biasa sedalam 0 s.d. 1 m untuk volume 200 m3 s.d 2.000 m3 secara manual | D53: m3 | E53: =VLOOKUP(C53,'Galian Tanah'!$D$6:$J$723,7,FALSE) -> 71800 | F53: =VLOOKUP(C53,'Galian Tanah'!$D$6:$K$723,8,FALSE) -> 0 | G53: =VLOOKUP(C53,'Galian Tanah'!$D$6:$L$723,9,FALSE) -> 0
B54: ='Galian Tanah'!C34 -> 1.2.1.1.3 | C54: =VLOOKUP(B54,'Galian Tanah'!C:K,2,FALSE) -> Penggalian 1 m3 tanah biasa sedalam 0 s.d. 1 m untuk volume > 2.000 m3 secara Manual | D54: m3 | E54: =VLOOKUP(C54,'Galian Tanah'!$D$6:$J$723,7,FALSE) -> 51000 | F54: =VLOOKUP(C54,'Galian Tanah'!$D$6:$K$723,8,FALSE) -> 0 | G54: =VLOOKUP(C54,'Galian Tanah'!$D$6:$L$723,9,FALSE) -> 0
B55: ='Galian Tanah'!C48 -> 1.2.1.1.4 | C55: =VLOOKUP(B55,'Galian Tanah'!C:K,2,FALSE) -> Penggalian 1 m3 tanah biasa sedalam > 1 s.d. 2 m untuk volume s.d 200 m3 secara manual | D55: m3 | E55: =VLOOKUP(C55,'Galian Tanah'!$D$6:$J$723,7,FALSE) -> 106900 | F55: =VLOOKUP(C55,'Galian Tanah'!$D$6:$K$723,8,FALSE) -> 0 | G55: =VLOOKUP(C55,'Galian Tanah'!$D$6:$L$723,9,FALSE) -> 0
B56: ='Galian Tanah'!C62 -> 1.2.1.1.5 | C56: =VLOOKUP(B56,'Galian Tanah'!C:K,2,FALSE) -> Penggalian 1 m3 tanah biasa sedalam > 1 s.d. 2 m untuk volume > 200 m3 secara manual | D56: m3 | E56: =VLOOKUP(C56,'Galian Tanah'!$D$6:$J$723,7,FALSE) -> 86100 | F56: =VLOOKUP(C56,'Galian Tanah'!$D$6:$K$723,8,FALSE) -> 0 | G56: =VLOOKUP(C56,'Galian Tanah'!$D$6:$L$723,9,FALSE) -> 0
B57: ='Galian Tanah'!C76 -> 1.2.1.1.6 | C57: =VLOOKUP(B57,'Galian Tanah'!C:K,2,FALSE) -> Penggalian 1 m3 tanah biasa sedalam > 2 s.d. 3 m untuk volume s.d 200 m3 secara manual | D57: m3 | E57: =VLOOKUP(C57,'Galian Tanah'!$D$6:$J$723,7,FALSE) -> 127200 | F57: =VLOOKUP(C57,'Galian Tanah'!$D$6:$K$723,8,FALSE) -> 0 | G57: =VLOOKUP(C57,'Galian Tanah'!$D$6:$L$723,9,FALSE) -> 0
B58: ='Galian Tanah'!C90 -> 1.2.1.1.7 | C58: =VLOOKUP(B58,'Galian Tanah'!C:K,2,FALSE) -> Penggalian 1 m3 tanah biasa sedalam > 2 s.d. 3 m untuk volume > 200 m3 secara manual | D58: m3 | E58: =VLOOKUP(C58,'Galian Tanah'!$D$6:$J$723,7,FALSE) -> 96900 | F58: =VLOOKUP(C58,'Galian Tanah'!$D$6:$K$723,8,FALSE) -> 0 | G58: =VLOOKUP(C58,'Galian Tanah'!$D$6:$L$723,9,FALSE) -> 0
B59: ='Galian Tanah'!C104 -> 1.2.1.1.8 | C59: =VLOOKUP(B59,'Galian Tanah'!C:K,2,FALSE) -> Penggalian 1 m3 tanah biasa sedalam > 3 m, setiap penambahan kedalaman 1 m secara manual | D59: m3 | E59: =VLOOKUP(C59,'Galian Tanah'!$D$6:$J$723,7,FALSE) -> 9500 | F59: =VLOOKUP(C59,'Galian Tanah'!$D$6:$K$723,8,FALSE) -> 0 | G59: =VLOOKUP(C59,'Galian Tanah'!$D$6:$L$723,9,FALSE) -> 0
B60: ='Galian Tanah'!C118 -> 1.2.1.2 | C60: =VLOOKUP(B60,'Galian Tanah'!C:K,2,FALSE) -> Cara Semi Mekanis | F60: =VLOOKUP(C60,'Galian Tanah'!$D$6:$K$723,8,FALSE) -> 0 | G60: =VLOOKUP(C60,'Galian Tanah'!$D$6:$L$723,9,FALSE) -> 0
B61: ='Galian Tanah'!C119 -> 1.2.1.2.1 | C61: =VLOOKUP(B61,'Galian Tanah'!C:K,2,FALSE) -> Penggalian 1 m3 tanh biasa sedalam > 0 s.d 1 m secara semi mekanis | D61: m3 | E61: =VLOOKUP(C61,'Galian Tanah'!$D$6:$J$723,7,FALSE) -> 131000 | F61: =VLOOKUP(C61,'Galian Tanah'!$D$6:$K$723,8,FALSE) -> 0 | G61: =VLOOKUP(C61,'Galian Tanah'!$D$6:$L$723,9,FALSE) -> 0
B62: ='Galian Tanah'!C134 -> 1.2.1.2.2 | C62: =VLOOKUP(B62,'Galian Tanah'!C:K,2,FALSE) -> Penggalian 1 m3 tanah biasa sedalam >1 s.d 2 m secara semi mekanis | D62: m3 | E62: =VLOOKUP(C62,'Galian Tanah'!$D$6:$J$723,7,FALSE) -> 142800 | F62: =VLOOKUP(C62,'Galian Tanah'!$D$6:$K$723,8,FALSE) -> 0 | G62: =VLOOKUP(C62,'Galian Tanah'!$D$6:$L$723,9,FALSE) -> 0
B63: ='Galian Tanah'!C149 -> 1.2.1.2.3 | C63: =VLOOKUP(B63,'Galian Tanah'!C:K,2,FALSE) -> Penggalian 1 m3 tanah biasa sedalam >2 s.d 3 m secara semi mekanis | D63: m3 | E63: =VLOOKUP(C63,'Galian Tanah'!$D$6:$J$723,7,FALSE) -> 158400 | F63: =VLOOKUP(C63,'Galian Tanah'!$D$6:$K$723,8,FALSE) -> 0 | G63: =VLOOKUP(C63,'Galian Tanah'!$D$6:$L$723,9,FALSE) -> 0
B64: ='Galian Tanah'!C166 -> 1.2.1.2.4 | C64: =VLOOKUP(B64,'Galian Tanah'!C:K,2,FALSE) -> Penggalian 1 m3 tanah biasa > 3 m untuk setiap penambahan kedalaman 1 m secara semi mekanis | D64: m3 | E64: =VLOOKUP(C64,'Galian Tanah'!$D$6:$J$723,7,FALSE) -> 17100 | F64: =VLOOKUP(C64,'Galian Tanah'!$D$6:$K$723,8,FALSE) -> 0 | G64: =VLOOKUP(C64,'Galian Tanah'!$D$6:$L$723,9,FALSE) -> 0
B65: ='Galian Tanah'!C181 -> 1.2.2 | C65: =VLOOKUP(B65,'Galian Tanah'!C:K,2,FALSE) -> Pasir
B66: ='Galian Tanah'!C182 -> 1.2.2.1 | C66: =VLOOKUP(B66,'Galian Tanah'!C:K,2,FALSE) -> Cara Manual
B67: ='Galian Tanah'!C183 -> 1.2.2.1.1 | C67: =VLOOKUP(B67,'Galian Tanah'!C:K,2,FALSE) -> Penggalian 1 m3 pasir sedalam >0 s.d 1 m secara manual | D67: m3 | E67: =VLOOKUP(C67,'Galian Tanah'!$D$6:$J$723,7,FALSE) -> 84200 | F67: =VLOOKUP(C67,'Galian Tanah'!$D$6:$K$723,8,FALSE) -> 0 | G67: =VLOOKUP(C67,'Galian Tanah'!$D$6:$L$723,9,FALSE) -> 0
B68: ='Galian Tanah'!C197 -> 1.2.2.1.2 | C68: =VLOOKUP(B68,'Galian Tanah'!C:K,2,FALSE) -> Penggalian 1 m3 pasir sedalam > 1 s.d 2 m secara manual | D68: m3 | E68: =VLOOKUP(C68,'Galian Tanah'!$D$6:$J$723,7,FALSE) -> 89400 | F68: =VLOOKUP(C68,'Galian Tanah'!$D$6:$K$723,8,FALSE) -> 0 | G68: =VLOOKUP(C68,'Galian Tanah'!$D$6:$L$723,9,FALSE) -> 0
B69: ='Galian Tanah'!C211 -> 1.2.2.1.3 | C69: =VLOOKUP(B69,'Galian Tanah'!C:K,2,FALSE) -> Penggalian 1 m3 pasir sedalam > 2 s.d 3 m secara manual | D69: m3 | E69: =VLOOKUP(C69,'Galian Tanah'!$D$6:$J$723,7,FALSE) -> 117300 | F69: =VLOOKUP(C69,'Galian Tanah'!$D$6:$K$723,8,FALSE) -> 0 | G69: =VLOOKUP(C69,'Galian Tanah'!$D$6:$L$723,9,FALSE) -> 0
B70: ='Galian Tanah'!C226 -> 1.2.2.1.4 | C70: =VLOOKUP(B70,'Galian Tanah'!C:K,2,FALSE) -> Penggalian 1 m3 pasir sedalam > 3 m tiap tambahan dalam 1 msecara manual | D70: m3 | E70: =VLOOKUP(C70,'Galian Tanah'!$D$6:$J$723,7,FALSE) -> 12700 | F70: =VLOOKUP(C70,'Galian Tanah'!$D$6:$K$723,8,FALSE) -> 0 | G70: =VLOOKUP(C70,'Galian Tanah'!$D$6:$L$723,9,FALSE) -> 0
B71: ='Galian Tanah'!C241 -> 1.2.2.2 | C71: =VLOOKUP(B71,'Galian Tanah'!C:K,2,FALSE) -> Cara Semi Mekanis | F71: =VLOOKUP(C71,'Galian Tanah'!$D$6:$K$723,8,FALSE) -> 0 | G71: =VLOOKUP(C71,'Galian Tanah'!$D$6:$L$723,9,FALSE) -> 0
B72: ='Galian Tanah'!C242 -> 1.2.2.2.1 | C72: =VLOOKUP(B72,'Galian Tanah'!C:K,2,FALSE) -> Penggalian 1 m3 pasir sedalam > 0 s.d 1 m secara semi mekanis | D72: m3 | E72: =VLOOKUP(C72,'Galian Tanah'!$D$6:$J$723,7,FALSE) -> 44200 | F72: =VLOOKUP(C72,'Galian Tanah'!$D$6:$K$723,8,FALSE) -> 0 | G72: =VLOOKUP(C72,'Galian Tanah'!$D$6:$L$723,9,FALSE) -> 0
B73: ='Galian Tanah'!C257 -> 1.2.2.2.2 | C73: =VLOOKUP(B73,'Galian Tanah'!C:K,2,FALSE) -> Penggalian 1 m3 pasir sedalam > 1 s.d 2 m secara semi mekanis | D73: m3 | E73: =VLOOKUP(C73,'Galian Tanah'!$D$6:$J$723,7,FALSE) -> 50700 | F73: =VLOOKUP(C73,'Galian Tanah'!$D$6:$K$723,8,FALSE) -> 0 | G73: =VLOOKUP(C73,'Galian Tanah'!$D$6:$L$723,9,FALSE) -> 0
B74: ='Galian Tanah'!C273 -> 1.2.2.2.3 | C74: =VLOOKUP(B74,'Galian Tanah'!C:K,2,FALSE) -> Penggalian 1 m3 pasir sedalam > 2 s.d 3 m secara semi mekanis | D74: m3 | E74: =VLOOKUP(C74,'Galian Tanah'!$D$6:$J$723,7,FALSE) -> 57900 | F74: =VLOOKUP(C74,'Galian Tanah'!$D$6:$K$723,8,FALSE) -> 0 | G74: =VLOOKUP(C74,'Galian Tanah'!$D$6:$L$723,9,FALSE) -> 0
B75: ='Galian Tanah'!C289 -> 1.2.2.2.4 | C75: =VLOOKUP(B75,'Galian Tanah'!C:K,2,FALSE) -> Penggalian 1 m3 pasir sedalam > 3 m secara semi mekanis untuk setiap tambahan dalm 1 m | D75: m3 | E75: =VLOOKUP(C75,'Galian Tanah'!$D$6:$J$723,7,FALSE) -> 8600 | F75: =VLOOKUP(C75,'Galian Tanah'!$D$6:$K$723,8,FALSE) -> 0 | G75: =VLOOKUP(C75,'Galian Tanah'!$D$6:$L$723,9,FALSE) -> 0
B76: ='Galian Tanah'!C305 -> 1.2.3 | C76: =VLOOKUP(B76,'Galian Tanah'!C:K,2,FALSE) -> Tanah Berbatu
B77: ='Galian Tanah'!C306 -> 1.2.3.1 | C77: =VLOOKUP(B77,'Galian Tanah'!C:K,2,FALSE) -> Cara Manual | F77: =VLOOKUP(C77,'Galian Tanah'!$D$6:$K$723,8,FALSE) -> 0 | G77: =VLOOKUP(C77,'Galian Tanah'!$D$6:$L$723,9,FALSE) -> 0
B78: ='Galian Tanah'!C307 -> 1.2.3.1.1 | C78: =VLOOKUP(B78,'Galian Tanah'!C:K,2,FALSE) -> Penggalian 1 m3 tanah berbatu sedalam > 0 s.d 1 m secara Manual | D78: m3 | E78: =VLOOKUP(C78,'Galian Tanah'!$D$6:$J$723,7,FALSE) -> 150900 | F78: =VLOOKUP(C78,'Galian Tanah'!$D$6:$K$723,8,FALSE) -> 0 | G78: =VLOOKUP(C78,'Galian Tanah'!$D$6:$L$723,9,FALSE) -> 0
B79: ='Galian Tanah'!C322 -> 1.2.3.1.2 | C79: =VLOOKUP(B79,'Galian Tanah'!C:K,2,FALSE) -> Penggalian 1 m3 tanah berbatu sedalam > 1 s.d 2 m secara Manual | D79: m3 | E79: =VLOOKUP(C79,'Galian Tanah'!$D$6:$J$723,7,FALSE) -> 191400 | F79: =VLOOKUP(C79,'Galian Tanah'!$D$6:$K$723,8,FALSE) -> 0 | G79: =VLOOKUP(C79,'Galian Tanah'!$D$6:$L$723,9,FALSE) -> 0
B80: ='Galian Tanah'!C336 -> 1.2.3.1.3 | C80: =VLOOKUP(B80,'Galian Tanah'!C:K,2,FALSE) -> Penggalian 1 m3 tanah berbatu sedalam > 2 s.d 3 m secara Manual | D80: m3 | E80: =VLOOKUP(C80,'Galian Tanah'!$D$6:$J$723,7,FALSE) -> 210500 | F80: =VLOOKUP(C80,'Galian Tanah'!$D$6:$K$723,8,FALSE) -> 0 | G80: =VLOOKUP(C80,'Galian Tanah'!$D$6:$L$723,9,FALSE) -> 0
B81: ='Galian Tanah'!C350 -> 1.2.3.1.4 | C81: =VLOOKUP(B81,'Galian Tanah'!C:K,2,FALSE) -> Penggalian 1 m3 tanah berbatu sedalam >3 m, setiap tambah dalam 1 m secara Manual | D81: m3 | E81: =VLOOKUP(C81,'Galian Tanah'!$D$6:$J$723,7,FALSE) -> 17800 | F81: =VLOOKUP(C81,'Galian Tanah'!$D$6:$K$723,8,FALSE) -> 0 | G81: =VLOOKUP(C81,'Galian Tanah'!$D$6:$L$723,9,FALSE) -> 0
B82: ='Galian Tanah'!C365 -> 1.2.3.2 | C82: =VLOOKUP(B82,'Galian Tanah'!C:K,2,FALSE) -> Cara Semi Mekanis | F82: =VLOOKUP(C82,'Galian Tanah'!$D$6:$K$723,8,FALSE) -> 0 | G82: =VLOOKUP(C82,'Galian Tanah'!$D$6:$L$723,9,FALSE) -> 0
B83: ='Galian Tanah'!C366 -> 1.2.3.2.1 | C83: =VLOOKUP(B83,'Galian Tanah'!C:K,2,FALSE) -> Penggalian 1 m3 tanah berbatu sedalam > 0 s.d 1 m secara semi mekanis | D83: m3 | E83: =VLOOKUP(C83,'Galian Tanah'!$D$6:$J$723,7,FALSE) -> 229800 | F83: =VLOOKUP(C83,'Galian Tanah'!$D$6:$K$723,8,FALSE) -> 0 | G83: =VLOOKUP(C83,'Galian Tanah'!$D$6:$L$723,9,FALSE) -> 0
B84: ='Galian Tanah'!C381 -> 1.2.3.2.2 | C84: =VLOOKUP(B84,'Galian Tanah'!C:K,2,FALSE) -> Penggalian 1 m3 tanah berbatu sedalam > 1 s.d 2 m secara semi mekanis | D84: m3 | E84: =VLOOKUP(C84,'Galian Tanah'!$D$6:$J$723,7,FALSE) -> 250200 | F84: =VLOOKUP(C84,'Galian Tanah'!$D$6:$K$723,8,FALSE) -> 0 | G84: =VLOOKUP(C84,'Galian Tanah'!$D$6:$L$723,9,FALSE) -> 0
B85: ='Galian Tanah'!C396 -> 1.2.3.2.3 | C85: =VLOOKUP(B85,'Galian Tanah'!C:K,2,FALSE) -> Penggalian 1 m3 tanah berbatu sedalam > 2 s.d 3 m secara semi mekanis | D85: m3 | E85: =VLOOKUP(C85,'Galian Tanah'!$D$6:$J$723,7,FALSE) -> 276800 | F85: =VLOOKUP(C85,'Galian Tanah'!$D$6:$K$723,8,FALSE) -> 0 | G85: =VLOOKUP(C85,'Galian Tanah'!$D$6:$L$723,9,FALSE) -> 0
B86: ='Galian Tanah'!C411 -> 1.2.3.2.4 | C86: =VLOOKUP(B86,'Galian Tanah'!C:K,2,FALSE) -> Penggalian 1 m3 tanah berbatu sedalam > 3 , setiap tambahan dalam 1 m secara semi mekanis | D86: m3 | E86: =VLOOKUP(C86,'Galian Tanah'!$D$6:$J$723,7,FALSE) -> 30500 | F86: =VLOOKUP(C86,'Galian Tanah'!$D$6:$K$723,8,FALSE) -> 0 | G86: =VLOOKUP(C86,'Galian Tanah'!$D$6:$L$723,9,FALSE) -> 0
B87: ='Galian Tanah'!C426 -> 1.2.4 | C87: =VLOOKUP(B87,'Galian Tanah'!C:K,2,FALSE) -> Tanah Keras atau Cadas
B88: ='Galian Tanah'!C427 -> 1.2.4.1 | C88: =VLOOKUP(B88,'Galian Tanah'!C:K,2,FALSE) -> Cara Manual | F88: =VLOOKUP(C88,'Galian Tanah'!$D$6:$K$723,8,FALSE) -> 0 | G88: =VLOOKUP(C88,'Galian Tanah'!$D$6:$L$723,9,FALSE) -> 0
B89: ='Galian Tanah'!C428 -> 1.2.4.1.1 | C89: =VLOOKUP(B89,'Galian Tanah'!C:K,2,FALSE) -> Penggalian 1 m3 cadas atau tanah keras sedalam > 0 s.d 1 m untuk volume s.d 200m3 secara manual | D89: m3 | E89: =VLOOKUP(C89,'Galian Tanah'!$D$6:$J$723,7,FALSE) -> 178200 | F89: =VLOOKUP(C89,'Galian Tanah'!$D$6:$K$723,8,FALSE) -> 0 | G89: =VLOOKUP(C89,'Galian Tanah'!$D$6:$L$723,9,FALSE) -> 0
B90: ='Galian Tanah'!C442 -> 1.2.4.1.2 | C90: =VLOOKUP(B90,'Galian Tanah'!C:K,2,FALSE) -> Penggalian 1 m3 cadas atau tanah keras sedalam > 0 s.d 1 m untuk volume > 200 m3 secara manual | D90: m3 | E90: =VLOOKUP(C90,'Galian Tanah'!$D$6:$J$723,7,FALSE) -> 139700 | F90: =VLOOKUP(C90,'Galian Tanah'!$D$6:$K$723,8,FALSE) -> 0 | G90: =VLOOKUP(C90,'Galian Tanah'!$D$6:$L$723,9,FALSE) -> 0
B91: ='Galian Tanah'!C457 -> 1.2.4.1.3 | C91: =VLOOKUP(B91,'Galian Tanah'!C:K,2,FALSE) -> Penggalian 1 m3 cadas atau tanah keras sedalam > 1 s.d 2 m untuk volume s.d 200 m3 secara manual | D91: m3 | E91: =VLOOKUP(C91,'Galian Tanah'!$D$6:$J$723,7,FALSE) -> 175500 | F91: =VLOOKUP(C91,'Galian Tanah'!$D$6:$K$723,8,FALSE) -> 0 | G91: =VLOOKUP(C91,'Galian Tanah'!$D$6:$L$723,9,FALSE) -> 0
B92: ='Galian Tanah'!C471 -> 1.2.4.1.4 | C92: =VLOOKUP(B92,'Galian Tanah'!C:K,2,FALSE) -> Penggalian 1 m3 cadas atau tanah keras sedalam > 1 s.d 2 m untuk volume > 200 m3 secara manual | D92: m3 | E92: =VLOOKUP(C92,'Galian Tanah'!$D$6:$J$723,7,FALSE) -> 177600 | F92: =VLOOKUP(C92,'Galian Tanah'!$D$6:$K$723,8,FALSE) -> 0 | G92: =VLOOKUP(C92,'Galian Tanah'!$D$6:$L$723,9,FALSE) -> 0
B93: ='Galian Tanah'!C485 -> 1.2.4.1.5 | C93: =VLOOKUP(B93,'Galian Tanah'!C:K,2,FALSE) -> Penggalian 1 m3 cadas atau tanah keras sedalam > 2 s.d 3 m untuk volume >s.d 200 m3 secara manual | D93: m3 | E93: =VLOOKUP(C93,'Galian Tanah'!$D$6:$J$723,7,FALSE) -> 191400 | F93: =VLOOKUP(C93,'Galian Tanah'!$D$6:$K$723,8,FALSE) -> 0 | G93: =VLOOKUP(C93,'Galian Tanah'!$D$6:$L$723,9,FALSE) -> 0
B94: ='Galian Tanah'!C499 -> 1.2.4.1.6 | C94: =VLOOKUP(B94,'Galian Tanah'!C:K,2,FALSE) -> Penggalian 1 m3 cadas atau tanah keras sedalam > 3 m tiap tambahan dalam 1 m secara manual | D94: m3 | E94: =VLOOKUP(C94,'Galian Tanah'!$D$6:$J$723,7,FALSE) -> 12700 | F94: =VLOOKUP(C94,'Galian Tanah'!$D$6:$K$723,8,FALSE) -> 0 | G94: =VLOOKUP(C94,'Galian Tanah'!$D$6:$L$723,9,FALSE) -> 0
B95: ='Galian Tanah'!C513 -> 1.2.4.2 | C95: =VLOOKUP(B95,'Galian Tanah'!C:K,2,FALSE) -> Cara Semi Mekanis | F95: =VLOOKUP(C95,'Galian Tanah'!$D$6:$K$723,8,FALSE) -> 0 | G95: =VLOOKUP(C95,'Galian Tanah'!$D$6:$L$723,9,FALSE) -> 0
B96: ='Galian Tanah'!C514 -> 1.2.4.2.1 | C96: =VLOOKUP(B96,'Galian Tanah'!C:K,2,FALSE) -> Penggalian 1 m3 cadas atau tanah keras sedalam > 0 s.d 1 m secara semi mekanis | D96: m3 | E96: =VLOOKUP(C96,'Galian Tanah'!$D$6:$J$723,7,FALSE) -> 188300 | F96: =VLOOKUP(C96,'Galian Tanah'!$D$6:$K$723,8,FALSE) -> 0 | G96: =VLOOKUP(C96,'Galian Tanah'!$D$6:$L$723,9,FALSE) -> 0
B97: ='Galian Tanah'!C530 -> 1.2.4.2.2 | C97: =VLOOKUP(B97,'Galian Tanah'!C:K,2,FALSE) -> Penggalian 1 m3 cadas atau tanah keras sedalam > 1 s.d 2 m secara semi mekanis | D97: m3 | E97: =VLOOKUP(C97,'Galian Tanah'!$D$6:$J$723,7,FALSE) -> 205100 | F97: =VLOOKUP(C97,'Galian Tanah'!$D$6:$K$723,8,FALSE) -> 0 | G97: =VLOOKUP(C97,'Galian Tanah'!$D$6:$L$723,9,FALSE) -> 0
B98: ='Galian Tanah'!C545 -> 1.2.4.2.3 | C98: =VLOOKUP(B98,'Galian Tanah'!C:K,2,FALSE) -> Penggalian 1 m3 cadas atau tanah keras sedalam > 2 s.d 3 m secara semi mekanis | D98: m3 | E98: =VLOOKUP(C98,'Galian Tanah'!$D$6:$J$723,7,FALSE) -> 227100 | F98: =VLOOKUP(C98,'Galian Tanah'!$D$6:$K$723,8,FALSE) -> 0 | G98: =VLOOKUP(C98,'Galian Tanah'!$D$6:$L$723,9,FALSE) -> 0
B99: ='Galian Tanah'!C560 -> 1.2.4.2.4 | C99: =VLOOKUP(B99,'Galian Tanah'!C:K,2,FALSE) -> Penggalian 1 m3 cadas atau tanah keras sedalam > 3 m tiap tambahan dalam 1 m secara semi mekanis | D99: m3 | E99: =VLOOKUP(C99,'Galian Tanah'!$D$6:$J$723,7,FALSE) -> 22800 | F99: =VLOOKUP(C99,'Galian Tanah'!$D$6:$K$723,8,FALSE) -> 0 | G99: =VLOOKUP(C99,'Galian Tanah'!$D$6:$L$723,9,FALSE) -> 0
B100: ='Galian Tanah'!C576 -> 1.2.5 | C100: =VLOOKUP(B100,'Galian Tanah'!C:K,2,FALSE) -> Lumpur
B101: ='Galian Tanah'!C577 -> 1.2.5.1 | C101: =VLOOKUP(B101,'Galian Tanah'!C:K,2,FALSE) -> Cara Manual | F101: =VLOOKUP(C101,'Galian Tanah'!$D$6:$K$723,8,FALSE) -> 0 | G101: =VLOOKUP(C101,'Galian Tanah'!$D$6:$L$723,9,FALSE) -> 0
B102: ='Galian Tanah'!C578 -> 1.2.5.1.1 | C102: =VLOOKUP(B102,'Galian Tanah'!C:K,2,FALSE) -> Penggalian 1 m3 galian lumpur sedalam >0 s.d 1 m untuk volume s.d 200 m3 secara manual | D102: m3 | E102: =VLOOKUP(C102,'Galian Tanah'!$D$6:$J$723,7,FALSE) -> 142500 | F102: =VLOOKUP(C102,'Galian Tanah'!$D$6:$K$723,8,FALSE) -> 0 | G102: =VLOOKUP(C102,'Galian Tanah'!$D$6:$L$723,9,FALSE) -> 0
...

Sheet RAB
B2: REKAPITULASI RENCANA ANGGARAN BIAYA
B3: UNIT KERJA | D3: : DINAS PERUMAHAN DAN KAWASAN PERMUKIMAN
B4: PROGRAM | D4: : PROGRAM PENGELOLAAN DAN PENGEMBANGAN SISTEM AIR LIMBAH
B5: KEGIATAN | D5: : PENGELOLAAN DAN PENGEMBANGAN SISTEM AIR LIMBAH DOMESTIK DALAM
D6: DAERAH KABUPATEN/KOTA
B7: PEKERJAAN | D7: : PEMBANGUNAN MCK INDIVIDU DESA CILOTO KEC. CIPANAS
B8: LOKASI PEKERJAAN | D8: : DESA CILOTO KECAMATAN CIPANAS
B9: SUMBER DANA | D9: : DAU
B10: TAHUN ANGGARAN | D10: : 2026
B12: No | C12: Item Pekerjaan | E12: Satuan | F12: Volume | G12: Harga Satuan | H12: Jumlah Harga Satuan
B15: =B79 -> I | C15: =C79 -> Pekerjaan Persiapan | E15: paket | F15: 1 | G15: =H83 -> 200000 | H15: =F15*G15 -> 200000
B16: =B85 -> II | C16: =C85 -> SMKK | E16: paket | F16: 1 | G16: =H94 -> 495000 | H16: =F16*G16 -> 495000
B17: =B95 -> III | C17: =C95 -> Lokasi I
B18: =B96 -> III | C18: =C96 -> Pekerjaan Tanah | E18: paket | F18: 1 | G18: =H102 -> 0 | H18: =F18*G18 -> 0
B19: =B104 -> IV | C19: =C104 -> Pekerjaan Pondasi | E19: paket | F19: 1 | G19: =H107 -> 0 | H19: =F19*G19 -> 0
B20: =B109 -> A | C20: =C109 -> Pekerjaan Beton | E20: paket | F20: 1 | G20: =H145 -> 0 | H20: =F20*G20 -> 0
B21: =B147 -> A | C21: =C147 -> Pekerjaan Dinding | E21: paket | F21: 1 | G21: =H154 -> 197751 | H21: =F21*G21 -> 197751
B22: =B156 -> B | C22: =C156 -> Pekerjaan Penutup Lantai dan Dinding | E22: paket | F22: 1 | G22: =H161 -> 3598262.4 | H22: =F22*G22 -> 3598262.4
B23: =B163 -> C | C23: =C163 -> Pekerjaan Atap | E23: paket | F23: 1 | G23: =H168 -> 584797.5 | H23: =F23*G23 -> 584797.5
B24: =B170 -> D | C24: =C170 -> Pekerjaan Langit-Langit | E24: paket | F24: 1 | G24: =H175 -> 419265.6 | H24: =F24*G24 -> 419265.6
B25: =B177 -> E | C25: =C177 -> Pekerjaan Pengecatan | E25: paket | F25: 1 | G25: =H181 -> 1255508 | H25: =F25*G25 -> 1255508
B26: =B183 -> F | C26: =C183 -> Pekerjaan Sanitasi | E26: paket | F26: 1 | G26: =H196 -> 5135900 | H26: =F26*G26 -> 5135900
B27: =B198 -> G | C27: =C198 -> Pekerjaan Tangki Septik | E27: paket | F27: 1 | G27: =H218 -> 5622639.6 | H27: =F27*G27 -> 5622639.6
B28: =B220 -> H | C28: =C220 -> Pekerjaan Listrik | E28: paket | F28: 1 | G28: =H228 -> 606100 | H28: =F28*G28 -> 606100
B29: =B230 -> I | C29: =C230 -> Pekerjaan Lain-Lain | E29: paket | F29: 1 | G29: =H236 -> 2116798 | H29: =F29*G29 -> 2116798 | O29: =SUM(H18:H29) -> 19537022
B30: =B237 -> IV | C30: =C237 -> Lokasi II
B31: =B238 -> A | C31: =C238 -> Pekerjaan Tanah | E31: paket | F31: 1 | G31: =H244 -> 0 | H31: =F31*G31 -> 0
B32: =B246 -> IV | C32: =C246 -> Pekerjaan Pondasi | E32: paket | F32: 1 | G32: =H249 -> 0 | H32: =F32*G32 -> 0
B33: =B251 -> V | C33: =C251 -> Pekerjaan Beton | E33: paket | F33: 1 | G33: =H287 -> 0 | H33: =F33*G33 -> 0
B34: =B289 -> A | C34: =C289 -> Pekerjaan Dinding | E34: paket | F34: 1 | G34: =H296 -> 796582.5 | H34: =F34*G34 -> 796582.5
B35: =B298 -> B | C35: =C298 -> Pekerjaan Penutup Lantai dan Dinding | E35: paket | F35: 1 | G35: =H303 -> 6157750.1 | H35: =F35*G35 -> 6157750.1
B36: =B305 -> C | C36: =C305 -> Pekerjaan Atap | E36: paket | F36: 1 | G36: =H310 -> 2887680.8 | H36: =F36*G36 -> 2887680.8
B37: =B312 -> D | C37: =C312 -> Pekerjaan Langit-Langit | E37: paket | F37: 1 | G37: =H317 -> 1182238.5 | H37: =F37*G37 -> 1182238.5
B38: =B319 -> E | C38: =C319 -> Pekerjaan Pengecatan | E38: paket | F38: 1 | G38: =H323 -> 2249992.5 | H38: =F38*G38 -> 2249992.5
B39: =B325 -> F | C39: =C325 -> Pekerjaan Sanitasi | E39: paket | F39: 1 | G39: =H338 -> 3186800 | H39: =F39*G39 -> 3186800
B40: =B340 -> G | C40: =C340 -> Pekerjaan Tangki Septik | E40: paket | F40: 1 | G40: =H360 -> 5622639.6 | H40: =F40*G40 -> 5622639.6
B41: =B362 -> H | C41: =C362 -> Pekerjaan Listrik | E41: paket | F41: 1 | G41: =H370 -> 606100 | H41: =F41*G41 -> 606100
B42: =B372 -> I | C42: =C372 -> Pekerjaan Lain-Lain | E42: paket | F42: 1 | G42: =H378 -> 2126798 | H42: =F42*G42 -> 2126798 | O42: =SUM(H31:H42) -> 24816582
C44: Jumlah | H44: =SUM(H15:H42) -> 45048604
C45: PPN | F45: 0.11 | H45: =H44*F45 -> 4955346.4
C46: Total | H46: =H45+H44 -> 50003951
C47: Dibulatkan | H47: =ROUNDDOWN(H46,-4) -> 50000000 | O47: =50000000-H47 -> 0
C48: Terbilang | E48: =PROPER([46]!terbilang(H47))&" Rupiah" -> Lima Puluh Juta Rupiah
C49: Jangka Waktu Pelaksanaan | E49: 45 (Empat Puluh Lima) Hari Kalender
G52: Cianjur, 2026
G54: Disusun dan Ditetapkan Oleh :
G55: Kepala Bidang Air Minum dan Sanitasi
G56: Dinas Perumahan dan Kawasan Permukiman Kabupaten Cianjur
G57: Selaku Pejabat Pembuat Komitmen TA. 2026
G62: AGUNG DELI SAHPUTRA, ST
G63: NIP. 19771121 200604 1 010
B66: RENCANA ANGGARAN BIAYA
B67: =B3 -> UNIT KERJA | D67: =D3 -> : DINAS PERUMAHAN DAN KAWASAN PERMUKIMAN
B68: =B4 -> PROGRAM | D68: =D4 -> : PROGRAM PENGELOLAAN DAN PENGEMBANGAN SISTEM AIR LIMBAH
B69: =B5 -> KEGIATAN | D69: =D5 -> : PENGELOLAAN DAN PENGEMBANGAN SISTEM AIR LIMBAH DOMESTIK DALAM
D70: =D6 -> DAERAH KABUPATEN/KOTA
B71: =B7 -> PEKERJAAN | D71: =D7 -> : PEMBANGUNAN MCK INDIVIDU DESA CILOTO KEC. CIPANAS
B72: =B8 -> LOKASI PEKERJAAN | D72: =D8 -> : DESA CILOTO KECAMATAN CIPANAS
B73: =B9 -> SUMBER DANA | D73: =D9 -> : DAU
B74: =B10 -> TAHUN ANGGARAN | D74: =D10 -> : 2026 | P74: VOL
P75: 6PK | Q75: 12PK | R75: 17PK | S75: 21PK | T75: 23PK
A76: No | B76: No | C76: Item Pekerjaan | E76: Satuan | F76: Volume | G76: Harga Satuan | H76: Jumlah Harga Satuan | I76: Bobot Pekerjaan terhadap Nilai HPS | J76: Kode Produk | K76: Bidang Master Produk | L76: Bidang SBU terkait | M76: Rekomendasi Metode Pemilihan per item pekerjaan | N76: Ket | R76: SUMUR
H78: =H83+H94+H102+H107+H145+H154+H161+H168+H175+H181+H196+H218+H228+H236 -> 20232022 | I78: =SUM(I80:I237) -> 0.98010579
B79: I | C79: Pekerjaan Persiapan
A80: 1 | B80: 1 | C80: Sewa Direksi Keet | E80: Ls | F80: 1 | G80: 200000 | H80: =G80*F80 -> 200000 | I80: =G80*F80/$H$78 -> 0.0098853194 | J80: 1.1.2.4 | K80: BIDANG CIPTA KARYA | L80: 41019 | M80: e-purchasing | P80: 1 | Q80: 1 | R80: 1 | S80: 1 | T80: 1
A81: 2 | B81: 2 | C81: Pasangan 1 m' bouwplank | E81: m' | G81: =VLOOKUP(C81,'AHSP MCK'!D:K,8,FALSE) -> 74500 | H81: =G81*F81 -> 0 | I81: =G81*F81/$H$78 -> 0 | J81: 1.1.4.2 | K81: BIDANG UMUM | L81: 41019 | M81: e-purchasing | P81: =(5.55*3)+(2.75*5) -> 30.4 | Q81: =(2.85*3)+(2.2*3) -> 15.15 | R81: =(2.85*3)+(2.75*3) -> 16.8 | S81: =(2.85*3)+(2.75*3) -> 16.8
C83: JUMLAH | H83: =SUM(H80:H81) -> 200000
B85: II | C85: SMKK
A86: 69 | B86: 1 | C86: Induksi K3 (Safety Induction) | E86: Org | F86: 2 | G86: 10000 | H86: =G86*F86 -> 20000 | I86: =G86*F86/$H$78 -> 0.00098853194 | J86: komp.2.a | K86: SMKK | L86: 41019 | M86: e-purchasing | P86: 5 | Q86: 5 | R86: 5 | S86: 5 | T86: 5
A87: 70 | B87: 2 | C87: Pertemuan Keselamatan (Safety Talk dan / atau Tool Box Meeting) | E87: Org | F87: 2 | G87: 10000 | H87: =G87*F87 -> 20000 | I87: =G87*F87/$H$78 -> 0.00098853194 | J87: komp.2.e | K87: SMKK | L87: 41019 | M87: e-purchasing | P87: 5 | Q87: 5 | R87: 5 | S87: 5 | T87: 5
A88: 71 | B88: 3 | C88: Topi Pelindung (Safety Helmet) | E88: Bh | F88: 2 | G88: 25000 | H88: =G88*F88 -> 50000 | I88: =G88*F88/$H$78 -> 0.0024713298 | J88: komp.3.k | K88: SMKK | L88: 41019 | M88: e-purchasing | P88: 5 | Q88: 5 | R88: 5 | S88: 5 | T88: 5
A89: 72 | B89: 4 | C89: Sarung Tangan (Safety Gloves) | E89: bh | F89: 2 | G89: 10000 | H89: =G89*F89 -> 20000 | I89: =G89*F89/$H$78 -> 0.00098853194 | J89: komp.3.s | K89: SMKK | L89: 41019 | M89: e-purchasing | P89: 5 | Q89: 5 | R89: 5 | S89: 5 | T89: 5
A90: 73 | B90: 5 | C90: Sepatu Keselamatan (Safety Shoes) | E90: psg | F90: 2 | G90: 87500 | H90: =G90*F90 -> 175000 | I90: =G90*F90/$H$78 -> 0.0086496545 | J90: komp.3.t | K90: SMKK | L90: 41019 | M90: e-purchasing | P90: 5 | Q90: 5 | R90: 5 | S90: 5 | T90: 5
A91: 74 | B91: 6 | C91: Rompi Keselamatan (Safety Vest) | E91: psg | F91: 2 | G91: 10000 | H91: =G91*F91 -> 20000 | I91: =G91*F91/$H$78 -> 0.00098853194 | J91: komp.3.y | K91: SMKK | L91: 41019 | M91: e-purchasing | P91: 5 | Q91: 5 | R91: 5 | S91: 5 | T91: 5
A92: 75 | B92: 7 | C92: Peralatan P3K Umum (Kotak P3K, Tandu, Obat Luka, Perban,dll) | E92: set | F92: 1 | G92: 190000 | H92: =G92*F92 -> 190000 | I92: =G92*F92/$H$78 -> 0.0093910534 | J92: komp.6.a | K92: SMKK | L92: 41019 | M92: e-purchasing | P92: 1 | Q92: 1 | R92: 1 | S92: 1 | T92: 1
C94: JUMLAH | H94: =SUM(H86:H92) -> 495000
B95: III | C95: Lokasi I
B96: III | C96: Pekerjaan Tanah
A97: 3 | B97: 1 | C97: Penggalian 1 m3 tanah biasa sedalam 0 s.d. 1 m untuk volume s.d. 200 m3 secara manual | E97: m³ | G97: =VLOOKUP(C97,'AHSP MCK'!D:K,8,FALSE) -> 89100 | H97: =G97*F97 -> 0 | I97: =G97*F97/$H$78 -> 0 | J97: 1.2.1.1.1 | K97: BIDANG UMUM | L97: 41019 | M97: e-purchasing | P97: =0.5*0.5*(5.55+4.35+(1.9*5)) -> 4.85 | Q97: =0.5*0.5*((2.23*3)+(2.85*2)) -> 3.0975 | R97: =0.5*0.5*((2.75*3)+(2.85*2)) -> 3.4875
A98: 4 | B98: 2 | C98: 1 m3 urukan kembali galian tanah ( >0 s.d 200 m3) tanpa pemadatan secara manual | E98: m³ | G98: =VLOOKUP(C98,'AHSP MCK'!D:K,8,FALSE) -> 59400 | H98: =G98*F98 -> 0 | I98: =G98*F98/$H$78 -> 0 | J98: 1.3.1.1 | K98: BIDANG UMUM | L98: 41019 | M98: e-purchasing | P98: =P97/4 -> 1.2125 | Q98: =Q97/4 -> 0.774375 | R98: =R97/4 -> 0.871875
A99: 5 | B99: 3 | C99: 1 m3 urukan pasir uruk untuk volume s.d 200 m3 tanpa pemadatan secara manual | E99: m³ | G99: =VLOOKUP(C99,'AHSP MCK'!D:K,8,FALSE) -> 326700 | H99: =G99*F99 -> 0 | I99: =G99*F99/$H$78 -> 0 | J99: 1.3.1.2 | K99: BIDANG UMUM | L99: 41019 | M99: e-purchasing
A100: 6 | B100: 4 | C100: Mengangkut 1 m3 tanah lepas, jarak angkut > 10 m s.d 20 m | E100: m³ | G100: =VLOOKUP(C100,'AHSP MCK'!D:K,8,FALSE) -> 26700 | H100: =G100*F100 -> 0 | I100: =G100*F100/$H$78 -> 0 | J100: 1.4.1.2 | K100: BIDANG UMUM | L100: 41019 | M100: e-purchasing | P100: =P97-P98 -> 3.6375 | Q100: =Q97-Q98 -> 2.323125 | R100: =R97-R98 -> 2.615625
C102: JUMLAH | H102: =SUM(H97:H100) -> 0
B104: IV | C104: Pekerjaan Pondasi
A105: 17 | B105: 1 | C105: Pemasangan 1 m3 pondasi batu belah mortar tipe O 2,4 Mpa (setara 1SP : 5PP), cara manual | E105: m³ | G105: =VLOOKUP(C105,'AHSP MCK'!D:K,8,FALSE) -> 1104800 | H105: =G105*F105 -> 0 | I105: =G105*F105/$H$78 -> 0 | J105: 2.2.2.1.8 | K105: BIDANG CIPTA KARYA | L105: 41019 | M105: e-purchasing | P105: =(0.25+0.5)/2*0.5*(5.55+4.35+(1.9*5)) -> 3.6375 | Q105: =(0.25+0.5)/2*0.5*((2.85*2)+(1.93*3)) -> 2.154375 | R105: =(0.25+0.5)/2*0.5*((2.85*2)+(1.9*3)) -> 2.1375
C107: JUMLAH | H107: =H105 -> 0
B109: A | C109: Pekerjaan Beton
B110: A.1 | C110: Pekerjaan Sloof Beton
A111: 8 | B111: 1 | C111: 1 kg Penulangan Kolom, Balok, Ring Balk dan Sloof untuk BjTP diameter <12 mm cara Manual | E111: kg | G111: =VLOOKUP(C111,'AHSP MCK'!D:K,8,FALSE) -> 15900 | H111: =G111*F111 -> 0 | I111: =G111*F111/$H$78 -> 0 | J111: 2.2.1.1.3 | K111: BIDANG CIPTA KARYA | L111: 41019 | M111: e-purchasing
A112: 9 | B112: 2 | C112: Pemasangan 1 m2 bekisting untuk sloof (3 kali pakai) | E112: m² | G112: =VLOOKUP(C112,'AHSP MCK'!D:K,8,FALSE) -> 183600 | H112: =G112*F112 -> 0 | I112: =G112*F112/$H$78 -> 0 | J112: 2.2.1.3.2 | K112: BIDANG CIPTA KARYA | L112: 41019 | M112: e-purchasing
A113: 14 | B113: 3 | C113: 1 m3 beton mutu sedang f'c 20 MPa, slump (100 ± 25) mm, agregat maks 19 mm secara manual | E113: m³ | G113: =VLOOKUP(C113,'AHSP MCK'!D:K,8,FALSE) -> 1291800 | H113: =G113*F113 -> 0 | I113: =G113*F113/$H$78 -> 0 | J113: 2.2.1.4.5 | K113: BIDANG CIPTA KARYA | L113: 41019 | M113: e-purchasing
A114: 16 | B114: 1 | C114: Pembuatan 1 m' balok praktis beton bertulang (10x15) | E114: m' | G114: =VLOOKUP(C114,'AHSP MCK'!D:K,8,FALSE) -> 147800 | H114: =G114*F114 -> 0 | I114: =G114*F114/$H$78 -> 0 | J114: 2.2.1.10.2 | K114: BIDANG CIPTA KARYA | L114: 41019 | M114: e-purchasing | P114: =5.55+4.35+(1.9*5) -> 19.4 | Q114: =(2.85*2)+(2.23*3) -> 12.39 | R114: =(2.85*2)+(1.9*3) -> 11.4 | T114: =4.15+2.15+0.65+1.075 -> 8.025
B116: B | C116: Pekerjaan Plat Lantai Beton
B117: 1 | C117: 1 kg penulangan slab untuk BjTP atau BjTS dia. < 12 mm, cara manual (untuk bangunan gedung) | E117: kg | G117: =VLOOKUP(C117,'AHSP MCK'!D:K,8,FALSE) -> 17100 | H117: =G117*F117 -> 0 | I117: =G117*F117/$H$78 -> 0 | J117: 2.2.1.1.1 | K117: BIDANG CIPTA KARYA | L117: 41019 | M117: e-purchasing | T117: 7.11
A118: 13 | B118: 2 | C118: Pemasangan 1 m2 bekisting untuk plat lantai (3 kali pakai) | E118: m² | G118: =VLOOKUP(C118,'AHSP MCK'!D:K,8,FALSE) -> 225000 | H118: =G118*F118 -> 0 | I118: =G118*F118/$H$78 -> 0 | J118: 2.2.1.3.5 | K118: BIDANG CIPTA KARYA | L118: 41019 | M118: e-purchasing | T118: =0.35*2.15 -> 0.7525
A119: 14 | B119: 3 | C119: 1 m3 beton mutu sedang f'c 20 MPa, slump (100 ± 25) mm, agregat maks 19 mm secara manual | E119: m³ | G119: =VLOOKUP(C119,'AHSP MCK'!D:K,8,FALSE) -> 1291800 | H119: =G119*F119 -> 0 | I119: =G119*F119/$H$78 -> 0 | J119: 2.2.1.4.5 | K119: BIDANG CIPTA KARYA | L119: 41019 | M119: e-purchasing | T119: =0.35*2.15*0.15 -> 0.112875
B122: C | C122: Pekerjaan Kolom Beton
A123: 8 | B123: 1 | C123: 1 kg Penulangan Kolom, Balok, Ring Balk dan Sloof untuk BjTP diameter <12 mm cara Manual | E123: kg | G123: =VLOOKUP(C123,'AHSP MCK'!D:K,8,FALSE) -> 15900 | H123: =G123*F123 -> 0 | I123: =G123*F123/$H$78 -> 0 | J123: 2.2.1.1.3 | K123: BIDANG CIPTA KARYA | L123: 41019 | M123: e-purchasing
A124: 11 | B124: 2 | C124: Pemasangan 1 m2 bekisting untuk kolom (3 kali pakai) | E124: m² | G124: =VLOOKUP(C124,'AHSP MCK'!D:K,8,FALSE) -> 216900 | H124: =G124*F124 -> 0 | I124: =G124*F124/$H$78 -> 0 | J124: 2.2.1.3.3 | K124: BIDANG CIPTA KARYA | L124: 41019 | M124: e-purchasing
A125: 14 | B125: 3 | C125: 1 m3 beton mutu sedang f'c 20 MPa, slump (100 ± 25) mm, agregat maks 19 mm secara manual | E125: m³ | G125: =VLOOKUP(C125,'AHSP MCK'!D:K,8,FALSE) -> 1291800 | H125: =G125*F125 -> 0 | I125: =G125*F125/$H$78 -> 0 | J125: 2.2.1.4.5 | K125: BIDANG CIPTA KARYA | L125: 41019 | M125: e-purchasing
...

Sheet RAB (2)
B2: REKAPITULASI RENCANA ANGGARAN BIAYA
B3: UNIT KERJA : DINAS PERUMAHAN DAN KAWASAN PERMUKIMAN
B4: PROGRAM : PROGRAM PENGELOLAAN DAN PENGEMBANGAN SISTEM AIR LIMBAH
B5: KEGIATAN : PENGELOLAAN DAN PENGEMBANGAN SISTEM AIR LIMBAH DOMESTIK DALAM DAERAH KABUPATEN/KOTA
B6: PEKERJAAN :
B7: LOKASI PEKERJAAN :
B8: SUMBER DANA :
B9: TAHUN ANGGARAN :
B11: No | C11: Item Pekerjaan | D11: Satuan | E11: Volume | F11: Harga Satuan | G11: Jumlah Harga Satuan
B14: =B68 -> I | C14: =C68 -> Pekerjaan Persiapan | D14: paket | E14: 1 | F14: =G72 -> 1733880 | G14: =E14*F14 -> 1733880
B15: =B74 -> II | C15: =C74 -> SMKK | D15: paket | E15: 1 | F15: =G83 -> 647500 | G15: =E15*F15 -> 647500
B16: =B85 -> III | C16: =C85 -> Pekerjaan Tanah | D16: paket | E16: 1 | F16: =G91 -> 146662.4 | G16: =E16*F16 -> 146662.4
B17: =B93 -> IV | C17: =C93 -> Pekerjaan Pondasi | D17: paket | E17: 1 | F17: =G96 -> 829056 | G17: =E17*F17 -> 829056
B18: =B98 -> V | C18: =C98 -> Pekerjaan Beton | D18: paket | E18: 1 | F18: =G134 -> 2635800 | G18: =E18*F18 -> 2635800
B19: =B136 -> VI | C19: =C136 -> Pekerjaan Dinding | D19: paket | E19: 1 | F19: =G143 -> 3108700 | G19: =E19*F19 -> 3108700
B20: =B145 -> VII | C20: =C145 -> Pekerjaan Penutup Lantai dan Dinding | D20: paket | E20: 1 | F20: =G150 -> 2078797.5 | G20: =E20*F20 -> 2078797.5
B21: =B152 -> VIII | C21: =C152 -> Pekerjaan Atap | D21: paket | E21: 1 | F21: =G157 -> 2374552 | G21: =E21*F21 -> 2374552
B22: =B159 -> IX | C22: =C159 -> Pekerjaan Langit-Langit | D22: paket | E22: 1 | F22: =G164 -> 1109124 | G22: =E22*F22 -> 1109124
B23: =B166 -> X | C23: =C166 -> Pekerjaan Pengecatan | D23: paket | E23: 1 | F23: =G170 -> 881520 | G23: =E23*F23 -> 881520
B24: =B172 -> XI | C24: =C172 -> Pekerjaan Sanitasi | D24: paket | E24: 1 | F24: =G185 -> 1610800 | G24: =E24*F24 -> 1610800
B25: =B187 -> XII | C25: =C187 -> Pekerjaan Tangki Septik | D25: paket | E25: 1 | F25: =G205 -> 9044973 | G25: =E25*F25 -> 9044973
B26: =B207 -> XIII | C26: =C207 -> Pekerjaan Listrik | D26: paket | E26: 1 | F26: =G216 -> 387100 | G26: =E26*F26 -> 387100
B27: =B218 -> XIV | C27: =C218 -> Pekerjaan Lain-Lain | D27: paket | E27: 1 | F27: =G223 -> 1679580 | G27: =E27*F27 -> 1679580
C29: Jumlah | G29: =SUM(G14:G27) -> 28268045
C30: PPN | E30: 0.11 | G30: =G29*E30 -> 3109484.9
C31: Total | G31: =G30+G29 -> 31377530
C32: Dibulatkan | G32: =ROUNDDOWN(G31,-3) -> 31377000
C33: Terbilang | D33: =PROPER([46]!terbilang(G32))&" Rupiah" -> Tiga Puluh Satu Juta Tiga Ratus Tujuh Puluh Tujuh Ribu Rupiah
C34: Jangka Waktu Pelaksanaan | D34: 45 (Empat Puluh Lima) Hari Kalender
B56: RENCANA ANGGARAN BIAYA
B57: =B3 -> UNIT KERJA : DINAS PERUMAHAN DAN KAWASAN PERMUKIMAN
B58: =B4 -> PROGRAM : PROGRAM PENGELOLAAN DAN PENGEMBANGAN SISTEM AIR LIMBAH
B59: =B5 -> KEGIATAN : PENGELOLAAN DAN PENGEMBANGAN SISTEM AIR LIMBAH DOMESTIK DALAM DAERAH KABUPATEN/KOTA
B60: =B6 -> PEKERJAAN :
B61: =B7 -> LOKASI PEKERJAAN :
B62: =B8 -> SUMBER DANA :
B63: =B9 -> TAHUN ANGGARAN : | O63: VOL
O64: 6PK | P64: 12PK | Q64: 17PK | R64: 21PK | S64: 23PK
A65: No | B65: No | C65: Item Pekerjaan | D65: Satuan | E65: Volume | F65: Harga Satuan | G65: Jumlah Harga Satuan | H65: Bobot Pekerjaan terhadap Nilai HPS | I65: Kode Produk | J65: Bidang Master Produk | K65: Bidang SBU terkait | L65: Rekomendasi Metode Pemilihan per item pekerjaan | M65: Ket | Q65: SUMUR
G67: =G72+G83+G91+G96+G134+G143+G150+G157+G164+G170+G185+G205+G216+G223 -> 28268045 | H67: =SUM(H69:H224) -> 1
B68: I | C68: Pekerjaan Persiapan
A69: 1 | B69: 1 | C69: Sewa Direksi Keet | D69: ls | E69: 1 | F69: 978400 | G69: =F69*E69 -> 978400 | H69: =F69*E69/$G$67 -> 0.03461152 | I69: 1.1.2.4 | J69: BIDANG CIPTA KARYA | K69: 41019 | L69: e-purchasing | O69: 1 | P69: 1 | Q69: 1 | R69: 1 | S69: 1
A70: 2 | B70: 2 | C70: Pasangan 1 m' bouwplank | D70: m' | E70: =(1.5*2)+(1.9*2) -> 6.8 | F70: 111100 | G70: =F70*E70 -> 755480 | H70: =F70*E70/$G$67 -> 0.026725584 | I70: 1.1.4.2 | J70: BIDANG UMUM | K70: 41019 | L70: e-purchasing | O70: =(5.55*3)+(2.75*5) -> 30.4 | P70: =(2.85*3)+(2.2*3) -> 15.15 | Q70: =(2.85*3)+(2.75*3) -> 16.8 | R70: =(2.85*3)+(2.75*3) -> 16.8
C72: JUMLAH | G72: =SUM(G69:G70) -> 1733880
B74: II | C74: SMKK
A75: 69 | B75: 1 | C75: Induksi K3 (Safety Induction) | D75: Org | E75: 3 | F75: 10000 | G75: =F75*E75 -> 30000 | H75: =F75*E75/$G$67 -> 0.001061269 | I75: komp.2.a | J75: SMKK | K75: 41019 | L75: e-purchasing | O75: 5 | P75: 5 | Q75: 5 | R75: 5 | S75: 5
A76: 70 | B76: 2 | C76: Pertemuan Keselamatan (Safety Talk dan / atau Tool Box Meeting) | D76: Org | E76: 3 | F76: 10000 | G76: =F76*E76 -> 30000 | H76: =F76*E76/$G$67 -> 0.001061269 | I76: komp.2.e | J76: SMKK | K76: 41019 | L76: e-purchasing | O76: 5 | P76: 5 | Q76: 5 | R76: 5 | S76: 5
A77: 71 | B77: 3 | C77: Topi Pelindung (Safety Helmet) | D77: Bh | E77: 3 | F77: 25000 | G77: =F77*E77 -> 75000 | H77: =F77*E77/$G$67 -> 0.0026531725 | I77: komp.3.k | J77: SMKK | K77: 41019 | L77: e-purchasing | O77: 5 | P77: 5 | Q77: 5 | R77: 5 | S77: 5
A78: 72 | B78: 4 | C78: Sarung Tangan (Safety Gloves) | D78: bh | E78: 3 | F78: 10000 | G78: =F78*E78 -> 30000 | H78: =F78*E78/$G$67 -> 0.001061269 | I78: komp.3.s | J78: SMKK | K78: 41019 | L78: e-purchasing | O78: 5 | P78: 5 | Q78: 5 | R78: 5 | S78: 5
A79: 73 | B79: 5 | C79: Sepatu Keselamatan (Safety Shoes) | D79: psg | E79: 3 | F79: 87500 | G79: =F79*E79 -> 262500 | H79: =F79*E79/$G$67 -> 0.0092861038 | I79: komp.3.t | J79: SMKK | K79: 41019 | L79: e-purchasing | O79: 5 | P79: 5 | Q79: 5 | R79: 5 | S79: 5
A80: 74 | B80: 6 | C80: Rompi Keselamatan (Safety Vest) | D80: psg | E80: 3 | F80: 10000 | G80: =F80*E80 -> 30000 | H80: =F80*E80/$G$67 -> 0.001061269 | I80: komp.3.y | J80: SMKK | K80: 41019 | L80: e-purchasing | O80: 5 | P80: 5 | Q80: 5 | R80: 5 | S80: 5
A81: 75 | B81: 7 | C81: Peralatan P3K Umum (Kotak P3K, Tandu, Obat Luka, Perban,dll) | D81: set | E81: 1 | F81: 190000 | G81: =F81*E81 -> 190000 | H81: =F81*E81/$G$67 -> 0.0067213704 | I81: komp.6.a | J81: SMKK | K81: 41019 | L81: e-purchasing | O81: 1 | P81: 1 | Q81: 1 | R81: 1 | S81: 1
C83: JUMLAH | G83: =SUM(G75:G81) -> 647500
B85: III | C85: Pekerjaan Tanah
A86: 3 | B86: 1 | C86: Penggalian 1 m3 tanah biasa sedalam 0 s.d. 1 m untuk volume s.d. 200 m3 secara manual | D86: m³ | E86: =0.4*0.4*(1.5+1.5+1.9+1.9) -> 1.088 | F86: 98400 | G86: =F86*E86 -> 107059.2 | H86: =F86*E86/$G$67 -> 0.003787287 | I86: 1.2.1.1.1 | J86: BIDANG UMUM | K86: 41019 | L86: e-purchasing | O86: =0.5*0.5*(5.55+4.35+(1.9*5)) -> 4.85 | P86: =0.5*0.5*((2.23*3)+(2.85*2)) -> 3.0975 | Q86: =0.5*0.5*((2.75*3)+(2.85*2)) -> 3.4875
A87: 4 | B87: 2 | C87: 1 m3 urukan kembali galian tanah ( >0 s.d 200 m3) tanpa pemadatan secara manual | D87: m³ | E87: =E86/4 -> 0.272 | F87: 65500 | G87: =F87*E87 -> 17816 | H87: =F87*E87/$G$67 -> 0.00063025229 | I87: 1.3.1.1 | J87: BIDANG UMUM | K87: 41019 | L87: e-purchasing | O87: =O86/4 -> 1.2125 | P87: =P86/4 -> 0.774375 | Q87: =Q86/4 -> 0.871875
A88: 5 | B88: 3 | C88: 1 m3 urukan pasir uruk untuk volume s.d 200 m3 tanpa pemadatan secara manual | D88: m³ | F88: =VLOOKUP(C88,'AHSP MCK'!D:K,8,FALSE) -> 326700 | G88: =F88*E88 -> 0 | H88: =F88*E88/$G$67 -> 0 | I88: 1.3.1.2 | J88: BIDANG UMUM | K88: 41019 | L88: e-purchasing
A89: 6 | B89: 4 | C89: Mengangkut 1 m3 tanah lepas, jarak angkut > 10 m s.d 20 m | D89: m³ | E89: =E86-E87 -> 0.816 | F89: =VLOOKUP(C89,'AHSP MCK'!D:K,8,FALSE) -> 26700 | G89: =F89*E89 -> 21787.2 | H89: =F89*E89/$G$67 -> 0.000770736 | I89: 1.4.1.2 | J89: BIDANG UMUM | K89: 41019 | L89: e-purchasing | O89: =O86-O87 -> 3.6375 | P89: =P86-P87 -> 2.323125 | Q89: =Q86-Q87 -> 2.615625
C91: JUMLAH | G91: =SUM(G86:G89) -> 146662.4
B93: IV | C93: Pekerjaan Pondasi
A94: 17 | B94: 1 | C94: Pemasangan 1 m3 pondasi batu belah mortar tipe O 2,4 Mpa (setara 1SP : 5PP), cara manual | D94: m³ | E94: =((0.2+0.4)/2*0.4*(1.9+1.9+1.5+1.5)) -> 0.816 | F94: 1016000 | G94: =F94*E94 -> 829056 | H94: =F94*E94/$G$67 -> 0.029328381 | I94: 2.2.2.1.8 | J94: BIDANG CIPTA KARYA | K94: 41019 | L94: e-purchasing | O94: =(0.25+0.5)/2*0.5*(5.55+4.35+(1.9*5)) -> 3.6375 | P94: =(0.25+0.5)/2*0.5*((2.85*2)+(1.93*3)) -> 2.154375 | Q94: =(0.25+0.5)/2*0.5*((2.85*2)+(1.9*3)) -> 2.1375
C96: JUMLAH | G96: =G94 -> 829056
B98: V | C98: Pekerjaan Beton
B99: A | C99: Pekerjaan Sloof Beton
A100: 8 | B100: 1 | C100: 1 kg Penulangan Kolom, Balok, Ring Balk dan Sloof untuk BjTP diameter <12 mm cara Manual | D100: kg | F100: =VLOOKUP(C100,'AHSP MCK'!D:K,8,FALSE) -> 15900 | G100: =F100*E100 -> 0 | H100: =F100*E100/$G$67 -> 0 | I100: 2.2.1.1.3 | J100: BIDANG CIPTA KARYA | K100: 41019 | L100: e-purchasing
A101: 9 | B101: 2 | C101: Pemasangan 1 m2 bekisting untuk sloof (3 kali pakai) | D101: m² | F101: =VLOOKUP(C101,'AHSP MCK'!D:K,8,FALSE) -> 183600 | G101: =F101*E101 -> 0 | H101: =F101*E101/$G$67 -> 0 | I101: 2.2.1.3.2 | J101: BIDANG CIPTA KARYA | K101: 41019 | L101: e-purchasing
A102: 14 | B102: 3 | C102: 1 m3 beton mutu sedang f'c 20 MPa, slump (100 ± 25) mm, agregat maks 19 mm secara manual | D102: m³ | F102: =VLOOKUP(C102,'AHSP MCK'!D:K,8,FALSE) -> 1291800 | G102: =F102*E102 -> 0 | H102: =F102*E102/$G$67 -> 0 | I102: 2.2.1.4.5 | J102: BIDANG CIPTA KARYA | K102: 41019 | L102: e-purchasing
A103: 16 | B103: 1 | C103: Pembuatan 1 m' balok praktis beton bertulang (10x15) | D103: m' | E103: =(1.5*2)+(1.9*2) -> 6.8 | F103: 132600 | G103: =F103*E103 -> 901680 | H103: =F103*E103/$G$67 -> 0.031897501 | I103: 2.2.1.10.2 | J103: BIDANG CIPTA KARYA | K103: 41019 | L103: e-purchasing | O103: =5.55+4.35+(1.9*5) -> 19.4 | P103: =(2.85*2)+(2.23*3) -> 12.39 | Q103: =(2.85*2)+(1.9*3) -> 11.4 | S103: =4.15+2.15+0.65+1.075 -> 8.025
B105: B | C105: Pekerjaan Plat Lantai Beton
B106: 1 | C106: 1 kg penulangan slab untuk BjTP atau BjTS dia. < 12 mm, cara manual (untuk bangunan gedung) | D106: kg | F106: =VLOOKUP(C106,'AHSP MCK'!D:K,8,FALSE) -> 17100 | G106: =F106*E106 -> 0 | H106: =F106*E106/$G$67 -> 0 | I106: 2.2.1.1.1 | J106: BIDANG CIPTA KARYA | K106: 41019 | L106: e-purchasing | S106: 7.11
A107: 13 | B107: 2 | C107: Pemasangan 1 m2 bekisting untuk plat lantai (3 kali pakai) | D107: m² | F107: =VLOOKUP(C107,'AHSP MCK'!D:K,8,FALSE) -> 225000 | G107: =F107*E107 -> 0 | H107: =F107*E107/$G$67 -> 0 | I107: 2.2.1.3.5 | J107: BIDANG CIPTA KARYA | K107: 41019 | L107: e-purchasing | S107: =0.35*2.15 -> 0.7525
A108: 14 | B108: 3 | C108: 1 m3 beton mutu sedang f'c 20 MPa, slump (100 ± 25) mm, agregat maks 19 mm secara manual | D108: m³ | F108: =VLOOKUP(C108,'AHSP MCK'!D:K,8,FALSE) -> 1291800 | G108: =F108*E108 -> 0 | H108: =F108*E108/$G$67 -> 0 | I108: 2.2.1.4.5 | J108: BIDANG CIPTA KARYA | K108: 41019 | L108: e-purchasing | S108: =0.35*2.15*0.15 -> 0.112875
B111: C | C111: Pekerjaan Kolom Beton
A112: 8 | B112: 1 | C112: 1 kg Penulangan Kolom, Balok, Ring Balk dan Sloof untuk BjTP diameter <12 mm cara Manual | D112: kg | F112: =VLOOKUP(C112,'AHSP MCK'!D:K,8,FALSE) -> 15900 | G112: =F112*E112 -> 0 | H112: =F112*E112/$G$67 -> 0 | I112: 2.2.1.1.3 | J112: BIDANG CIPTA KARYA | K112: 41019 | L112: e-purchasing
A113: 11 | B113: 2 | C113: Pemasangan 1 m2 bekisting untuk kolom (3 kali pakai) | D113: m² | F113: =VLOOKUP(C113,'AHSP MCK'!D:K,8,FALSE) -> 216900 | G113: =F113*E113 -> 0 | H113: =F113*E113/$G$67 -> 0 | I113: 2.2.1.3.3 | J113: BIDANG CIPTA KARYA | K113: 41019 | L113: e-purchasing
A114: 14 | B114: 3 | C114: 1 m3 beton mutu sedang f'c 20 MPa, slump (100 ± 25) mm, agregat maks 19 mm secara manual | D114: m³ | F114: =VLOOKUP(C114,'AHSP MCK'!D:K,8,FALSE) -> 1291800 | G114: =F114*E114 -> 0 | H114: =F114*E114/$G$67 -> 0 | I114: 2.2.1.4.5 | J114: BIDANG CIPTA KARYA | K114: 41019 | L114: e-purchasing
A115: 15 | B115: 1 | C115: Pembuatan 1 m' kolom praktis beton bertulang (11x11) | D115: m' | E115: =(2.4*2)+(2*1.8) -> 8.4 | F115: 99100 | G115: =F115*E115 -> 832440 | H115: =F115*E115/$G$67 -> 0.029448092 | I115: 2.2.1.10.1 | J115: BIDANG CIPTA KARYA | K115: 41019 | L115: e-purchasing | O115: =2.7*10 -> 27 | P115: =2.7*6 -> 16.2 | Q115: =2.7*6 -> 16.2 | S115: =2.7*7 -> 18.9
B117: D | C117: Pekerjaan Balok Beton
A118: 8 | B118: 1 | C118: 1 kg Penulangan Kolom, Balok, Ring Balk dan Sloof untuk BjTP diameter <12 mm cara Manual | D118: kg | F118: =VLOOKUP(C118,'AHSP MCK'!D:K,8,FALSE) -> 15900 | G118: =F118*E118 -> 0 | H118: =F118*E118/$G$67 -> 0 | I118: 2.2.1.1.3 | J118: BIDANG CIPTA KARYA | K118: 41019 | L118: e-purchasing
A119: 12 | B119: 2 | C119: Pemasangan 1 m2 bekisting untuk balok (3 kali pakai) | D119: m² | F119: =VLOOKUP(C119,'AHSP MCK'!D:K,8,FALSE) -> 223000 | G119: =F119*E119 -> 0 | H119: =F119*E119/$G$67 -> 0 | I119: 2.2.1.3.4 | J119: BIDANG CIPTA KARYA | K119: 41019 | L119: e-purchasing
A120: 14 | B120: 3 | C120: 1 m3 beton mutu sedang f'c 20 MPa, slump (100 ± 25) mm, agregat maks 19 mm secara manual | D120: m³ | F120: =VLOOKUP(C120,'AHSP MCK'!D:K,8,FALSE) -> 1291800 | G120: =F120*E120 -> 0 | H120: =F120*E120/$G$67 -> 0 | I120: 2.2.1.4.5 | J120: BIDANG CIPTA KARYA | K120: 41019 | L120: e-purchasing
A121: 16 | B121: 1 | C121: Pembuatan 1 m' balok praktis beton bertulang (10x15) | D121: m' | E121: =(1.5*2)+(1.9*2) -> 6.8 | F121: =F103 -> 132600 | G121: =F121*E121 -> 901680 | H121: =F121*E121/$G$67 -> 0.031897501 | I121: 2.2.1.10.2 | J121: BIDANG CIPTA KARYA | K121: 41019 | L121: e-purchasing | O121: =(5.55*2)+(1.9*5) -> 20.6 | P121: =(2.85*2)+(2.23*3) -> 12.39 | Q121: =(2.85*2)+(1.9*3) -> 11.4 | S121: =(4.15*2)+1.35+0.65+2.15 -> 12.45
B123: E | C123: Pekerjaan Plat Beton
B124: 1 | C124: 1 kg penulangan slab untuk BjTP atau BjTS dia. < 12 mm, cara manual (untuk bangunan gedung) | D124: kg | F124: =VLOOKUP(C124,'AHSP MCK'!D:K,8,FALSE) -> 17100 | G124: =F124*E124 -> 0 | H124: =F124*E124/$G$67 -> 0 | I124: 2.2.1.1.1 | J124: BIDANG CIPTA KARYA | K124: 41019 | L124: e-purchasing | O124: 25.67 | P124: 18.17 | Q124: 18.17 | S124: 26.47
A125: 13 | B125: 2 | C125: Pemasangan 1 m2 bekisting untuk plat lantai (3 kali pakai) | D125: m² | F125: =VLOOKUP(C125,'AHSP MCK'!D:K,8,FALSE) -> 225000 | G125: =F125*E125 -> 0 | H125: =F125*E125/$G$67 -> 0 | I125: 2.2.1.3.5 | J125: BIDANG CIPTA KARYA | K125: 41019 | L125: e-purchasing | O125: =6.55*3.03 -> 19.8465 | P125: =2.85*2.9 -> 8.265 | Q125: =2.85*2.9 -> 8.265 | S125: =(4.65*2)+(0.65*2.65) -> 11.0225
A126: 14 | B126: 3 | C126: 1 m3 beton mutu sedang f'c 20 MPa, slump (100 ± 25) mm, agregat maks 19 mm secara manual | D126: m³ | F126: =VLOOKUP(C126,'AHSP MCK'!D:K,8,FALSE) -> 1291800 | G126: =F126*E126 -> 0 | H126: =F126*E126/$G$67 -> 0 | I126: 2.2.1.4.5 | J126: BIDANG CIPTA KARYA | K126: 41019 | L126: e-purchasing | O126: =6.55*3.03*0.1 -> 1.98465 | P126: =2.85*2.9*0.1 -> 0.8265 | Q126: =2.85*2.9*0.1 -> 0.8265 | S126: =((4.65*2)+(2.65*0.65))*0.1 -> 1.10225
B128: F | C128: Pekerjaan Lisplank Beton
A129: 8 | B129: 1 | C129: 1 kg Penulangan Lisplank diameter <12 mm | D129: kg | F129: =VLOOKUP(C129,'AHSP MCK'!D:K,8,FALSE) -> 17400 | G129: =F129*E129 -> 0 | H129: =F129*E129/$G$67 -> 0 | I129: 2.2.1.1.3 | J129: BIDANG CIPTA KARYA | K129: 41019 | L129: e-purchasing
A130: 9 | B130: 2 | C130: Pemasangan 1 m2 bekisting untuk Lisplank | D130: m² | F130: =VLOOKUP(C130,'AHSP MCK'!D:K,8,FALSE) -> 196200 | G130: =F130*E130 -> 0 | H130: =F130*E130/$G$67 -> 0 | I130: 2.2.1.3.2 | J130: BIDANG CIPTA KARYA | K130: 41019 | L130: e-purchasing
A131: 14 | B131: 3 | C131: 1 m3 beton mutu sedang f'c 20 MPa, slump (100 ± 25) mm, agregat maks 19 mm secara manual | D131: m³ | F131: =VLOOKUP(C131,'AHSP MCK'!D:K,8,FALSE) -> 1291800 | G131: =F131*E131 -> 0 | H131: =F131*E131/$G$67 -> 0 | I131: 2.2.1.4.5 | J131: BIDANG CIPTA KARYA | K131: 41019 | L131: e-purchasing
B132: 4 | C132: 1 m 3 Lisplank Beton Bertulang (150 kg + Bekisting) | D132: m³ | G132: =F132*E132 -> 0 | H132: =F132*E132/$G$67 -> 0 | O132: =0.3*0.08*(6.55+3.03+3.03) -> 0.30264 | P132: =0.3*0.08*(2.9+2.9+3.85) -> 0.2316 | Q132: =0.3*0.08*(2.9+2.9+3.85) -> 0.2316
C134: JUMLAH | G134: =SUM(G100:G132) -> 2635800
B136: VI | C136: Pekerjaan Dinding
A137: 25 | B137: 1 | C137: Pemasangan 1 m2 dinding bata ringan tebal 7,5 cm dengan mortar siap pakai | D137: m² | E137: =(1.2*2.7)+(1.2*2.1)+(1.6*2.1*2)+(0.5*1.6*0.4*2)-(0.7*2)-(0.2*0.2*2) -> 11.64 | F137: 98200 | G137: =F137*E137 -> 1143048 | H137: =F137*E137/$G$67 -> 0.040436047 | I137: 3.6.4.2 | J137: BIDANG CIPTA KARYA | K137: 41019 | L137: e-purchasing | O137: =(2.7*((1.2*6)+(1.6*4)))+(1.5*(1.2+1.6))-(2*0.7)-(0.2*0.2*18) -> 38.8 | P137: =(2.7*((1.2*4)+(1.93*3)))-(0.2*0.2*6*2)-(0.7*2*2) -> 25.313 | Q137: =(2.7*((1.2*4)+(1.9*3)))-(0.2*0.2*6*2)-(0.7*2*2) -> 25.07 | S137: =(2.7*(2+2+1.35+2+0.65+2))-(0.2*0.2*6)-(2*0.7) -> 25.36
A138: 26 | B138: 2 | C138: Pemasangan 1 m2 plesteran 1SP : 5PP tebal 15 mm | D138: m² | E138: =(E137*2)-E147 -> 18.38 | F138: 56400 | G138: =F138*E138 -> 1036632 | H138: =F138*E138/$G$67 -> 0.036671514 | I138: 3.7.5 | J138: BIDANG CIPTA KARYA | K138: 41019 | L138: e-purchasing | O138: =(O137*2)-O147 -> 51.35 | P138: =(P137*2)-P147 -> 33.946 | Q138: =(Q137*2)-Q147 -> 33.64 | S138: =(S137*2)-S147 -> 38.72
A139: 27 | B139: 3 | C139: Pemasangan 1 m2 acian | D139: m² | E139: =E138 -> 18.38 | F139: 47000 | G139: =F139*E139 -> 863860 | H139: =F139*E139/$G$67 -> 0.030559595 | I139: 3.7.8 | J139: BIDANG CIPTA KARYA | K139: 41019 | L139: e-purchasing | O139: =O138 -> 51.35 | P139: =P138 -> 33.946 | Q139: =Q138 -> 33.64 | S139: =S138 -> 38.72
A140: 24 | B140: 4 | C140: Pemasangan 1 m2 dinding kerawang (rooster) 20x20 (Setara Campuran 1SP : 3PP) | D140: m² | E140: =0.2*0.2*2 -> 0.08 | F140: 670100 | G140: =F140*E140 -> 53608 | H140: =F140*E140/$G$67 -> 0.001896417 | I140: 3.6.3.5 | J140: BIDANG CIPTA KARYA | K140: 41019 | L140: e-purchasing | O140: =0.2*0.2*4 -> 0.16 | P140: =0.2*0.2*4*2 -> 0.32 | Q140: =0.2*0.2*4*2 -> 0.32 | S140: =0.2*0.2*3 -> 0.12
A141: 23 | B141: 5 | C141: Pemasangan 1 m2 glass block 20x20 cm, 1PC : 3PP | D141: m² | E141: =0.2*0.2*2 -> 0.08 | F141: 144400 | G141: =F141*E141 -> 11552 | H141: =F141*E141/$G$67 -> 0.00040865932 | I141: 3.6.3.4 | J141: BIDANG CIPTA KARYA | K141: 41019 | L141: e-purchasing | O141: =0.2*0.2*2 -> 0.08 | P141: =0.2*0.2*2 -> 0.08 | Q141: =0.2*0.2*2 -> 0.08 | S141: =0.2*0.2*3 -> 0.12
C143: JUMLAH | G143: =SUM(G137:G141) -> 3108700
B145: VII | C145: Pekerjaan Penutup Lantai dan Dinding
...

Sheet RAB (3)
B2: REKAPITULASI RENCANA ANGGARAN BIAYA
B3: UNIT KERJA : DINAS PERUMAHAN DAN KAWASAN PERMUKIMAN
B4: PROGRAM : PROGRAM PENGELOLAAN DAN PENGEMBANGAN SISTEM AIR LIMBAH
B5: KEGIATAN : PENGELOLAAN DAN PENGEMBANGAN SISTEM AIR LIMBAH DOMESTIK DALAM DAERAH KABUPATEN/KOTA
B6: PEKERJAAN :
B7: LOKASI PEKERJAAN :
B8: SUMBER DANA :
B9: TAHUN ANGGARAN :
B11: No | C11: Item Pekerjaan | D11: Satuan | E11: Volume | F11: Harga Satuan | G11: Jumlah Harga Satuan
B14: =B68 -> I | C14: =C68 -> Pekerjaan Persiapan | D14: paket | E14: 1 | F14: =G72 -> 475250.4 | G14: =E14*F14 -> 475250.4
B15: =B74 -> II | C15: =C74 -> SMKK | D15: paket | E15: 1 | F15: =G83 -> 647500 | G15: =E15*F15 -> 647500
B16: =B85 -> III | C16: =C85 -> Pekerjaan Tanah | D16: paket | E16: 1 | F16: =G91 -> 134884.8 | G16: =E16*F16 -> 134884.8
B17: =B93 -> IV | C17: =C93 -> Pekerjaan Pondasi | D17: paket | E17: 1 | F17: =G96 -> 901516.8 | G17: =E17*F17 -> 901516.8
B18: =B98 -> V | C18: =C98 -> Pekerjaan Beton | D18: paket | E18: 1 | F18: =G134 -> 2898800 | G18: =E18*F18 -> 2898800
B19: =B136 -> VI | C19: =C136 -> Pekerjaan Dinding | D19: paket | E19: 1 | F19: =G143 -> 3027782 | G19: =E19*F19 -> 3027782
B20: =B145 -> VII | C20: =C145 -> Pekerjaan Penutup Lantai dan Dinding | D20: paket | E20: 1 | F20: =G150 -> 2189457.5 | G20: =E20*F20 -> 2189457.5
B21: =B152 -> VIII | C21: =C152 -> Pekerjaan Atap | D21: paket | E21: 1 | F21: =G157 -> 3585888 | G21: =E21*F21 -> 3585888
B22: =B159 -> IX | C22: =C159 -> Pekerjaan Langit-Langit | D22: paket | E22: 1 | F22: =G164 -> 1326204 | G22: =E22*F22 -> 1326204
B23: =B166 -> X | C23: =C166 -> Pekerjaan Pengecatan | D23: paket | E23: 1 | F23: =G170 -> 936423 | G23: =E23*F23 -> 936423
B24: =B172 -> XI | C24: =C172 -> Pekerjaan Sanitasi | D24: paket | E24: 1 | F24: =G185 -> 1980700 | G24: =E24*F24 -> 1980700
B25: =B187 -> XII | C25: =C187 -> Pekerjaan Tangki Septik | D25: paket | E25: 1 | F25: =G205 -> 3896531.6 | G25: =E25*F25 -> 3896531.6
B26: =B207 -> XIII | C26: =C207 -> Pekerjaan Listrik | D26: paket | E26: 1 | F26: =G215 -> 606100 | G26: =E26*F26 -> 606100
B27: =B217 -> XIV | C27: =C217 -> Pekerjaan Lain-Lain | D27: paket | E27: 1 | F27: =G222 -> 2030840 | G27: =E27*F27 -> 2030840
C29: Jumlah | G29: =SUM(G14:G27) -> 24637878
C30: PPN | E30: 0.11 | G30: =G29*E30 -> 2710166.6
C31: Total | G31: =G30+G29 -> 27348045
C32: Dibulatkan | G32: =ROUNDDOWN(G31,-3) -> 27348000
C33: Terbilang | D33: =PROPER([46]!terbilang(G32))&" Rupiah" -> Dua Puluh Tujuh Juta Tiga Ratus Empat Puluh Delapan Ribu Rupiah
C34: Jangka Waktu Pelaksanaan | D34: 45 (Empat Puluh Lima) Hari Kalender
B56: RENCANA ANGGARAN BIAYA
B57: =B3 -> UNIT KERJA : DINAS PERUMAHAN DAN KAWASAN PERMUKIMAN
B58: =B4 -> PROGRAM : PROGRAM PENGELOLAAN DAN PENGEMBANGAN SISTEM AIR LIMBAH
B59: =B5 -> KEGIATAN : PENGELOLAAN DAN PENGEMBANGAN SISTEM AIR LIMBAH DOMESTIK DALAM DAERAH KABUPATEN/KOTA
B60: =B6 -> PEKERJAAN :
B61: =B7 -> LOKASI PEKERJAAN :
B62: =B8 -> SUMBER DANA :
B63: =B9 -> TAHUN ANGGARAN : | O63: VOL
O64: 6PK | P64: 12PK | Q64: 17PK | R64: 21PK | S64: 23PK
A65: No | B65: No | C65: Item Pekerjaan | D65: Satuan | E65: Volume | F65: Harga Satuan | G65: Jumlah Harga Satuan | H65: Bobot Pekerjaan terhadap Nilai HPS | I65: Kode Produk | J65: Bidang Master Produk | K65: Bidang SBU terkait | L65: Rekomendasi Metode Pemilihan per item pekerjaan | M65: Ket | Q65: SUMUR
G67: =G72+G83+G91+G96+G134+G143+G150+G157+G164+G170+G185+G205+G215+G222 -> 24637878 | H67: =SUM(H69:H223) -> 1
B68: I | C68: Pekerjaan Persiapan
A69: 1 | B69: 1 | C69: Sewa Direksi Keet | D69: Ls | E69: 0.2 | F69: 1000000 | G69: =F69*E69 -> 200000 | H69: =F69*E69/$G$67 -> 0.0081175822 | I69: 1.1.2.4 | J69: BIDANG CIPTA KARYA | K69: 41019 | L69: e-purchasing | O69: 1 | P69: 1 | Q69: 1 | R69: 1 | S69: 1
A70: 2 | B70: 2 | C70: Pasangan 1 m' bouwplank | D70: m' | E70: =(1.5*2)+(1.9*2) -> 6.8 | F70: 40478 | G70: =F70*E70 -> 275250.4 | H70: =F70*E70/$G$67 -> 0.011171839 | I70: 1.1.4.2 | J70: BIDANG UMUM | K70: 41019 | L70: e-purchasing | O70: =(5.55*3)+(2.75*5) -> 30.4 | P70: =(2.85*3)+(2.2*3) -> 15.15 | Q70: =(2.85*3)+(2.75*3) -> 16.8 | R70: =(2.85*3)+(2.75*3) -> 16.8
C72: JUMLAH | G72: =SUM(G69:G70) -> 475250.4
B74: II | C74: SMKK
A75: 69 | B75: 1 | C75: Induksi K3 (Safety Induction) | D75: Org | E75: 3 | F75: 10000 | G75: =F75*E75 -> 30000 | H75: =F75*E75/$G$67 -> 0.0012176373 | I75: komp.2.a | J75: SMKK | K75: 41019 | L75: e-purchasing | O75: 5 | P75: 5 | Q75: 5 | R75: 5 | S75: 5
A76: 70 | B76: 2 | C76: Pertemuan Keselamatan (Safety Talk dan / atau Tool Box Meeting) | D76: Org | E76: 3 | F76: 10000 | G76: =F76*E76 -> 30000 | H76: =F76*E76/$G$67 -> 0.0012176373 | I76: komp.2.e | J76: SMKK | K76: 41019 | L76: e-purchasing | O76: 5 | P76: 5 | Q76: 5 | R76: 5 | S76: 5
A77: 71 | B77: 3 | C77: Topi Pelindung (Safety Helmet) | D77: Bh | E77: 3 | F77: 25000 | G77: =F77*E77 -> 75000 | H77: =F77*E77/$G$67 -> 0.0030440933 | I77: komp.3.k | J77: SMKK | K77: 41019 | L77: e-purchasing | O77: 5 | P77: 5 | Q77: 5 | R77: 5 | S77: 5
A78: 72 | B78: 4 | C78: Sarung Tangan (Safety Gloves) | D78: bh | E78: 3 | F78: 10000 | G78: =F78*E78 -> 30000 | H78: =F78*E78/$G$67 -> 0.0012176373 | I78: komp.3.s | J78: SMKK | K78: 41019 | L78: e-purchasing | O78: 5 | P78: 5 | Q78: 5 | R78: 5 | S78: 5
A79: 73 | B79: 5 | C79: Sepatu Keselamatan (Safety Shoes) | D79: psg | E79: 3 | F79: 87500 | G79: =F79*E79 -> 262500 | H79: =F79*E79/$G$67 -> 0.010654327 | I79: komp.3.t | J79: SMKK | K79: 41019 | L79: e-purchasing | O79: 5 | P79: 5 | Q79: 5 | R79: 5 | S79: 5
A80: 74 | B80: 6 | C80: Rompi Keselamatan (Safety Vest) | D80: psg | E80: 3 | F80: 10000 | G80: =F80*E80 -> 30000 | H80: =F80*E80/$G$67 -> 0.0012176373 | I80: komp.3.y | J80: SMKK | K80: 41019 | L80: e-purchasing | O80: 5 | P80: 5 | Q80: 5 | R80: 5 | S80: 5
A81: 75 | B81: 7 | C81: Peralatan P3K Umum (Kotak P3K, Tandu, Obat Luka, Perban,dll) | D81: set | E81: 1 | F81: 190000 | G81: =F81*E81 -> 190000 | H81: =F81*E81/$G$67 -> 0.0077117031 | I81: komp.6.a | J81: SMKK | K81: 41019 | L81: e-purchasing | O81: 1 | P81: 1 | Q81: 1 | R81: 1 | S81: 1
C83: JUMLAH | G83: =SUM(G75:G81) -> 647500
B85: III | C85: Pekerjaan Tanah
A86: 3 | B86: 1 | C86: Penggalian 1 m3 tanah biasa sedalam 0 s.d. 1 m untuk volume s.d. 200 m3 secara manual | D86: m³ | E86: =0.4*0.4*(1.5+1.5+1.9+1.9) -> 1.088 | F86: =VLOOKUP(C86,'AHSP MCK'!D:K,8,FALSE) -> 89100 | G86: =F86*E86 -> 96940.8 | H86: =F86*E86/$G$67 -> 0.0039346245 | I86: 1.2.1.1.1 | J86: BIDANG UMUM | K86: 41019 | L86: e-purchasing | O86: =0.5*0.5*(5.55+4.35+(1.9*5)) -> 4.85 | P86: =0.5*0.5*((2.23*3)+(2.85*2)) -> 3.0975 | Q86: =0.5*0.5*((2.75*3)+(2.85*2)) -> 3.4875
A87: 4 | B87: 2 | C87: 1 m3 urukan kembali galian tanah ( >0 s.d 200 m3) tanpa pemadatan secara manual | D87: m³ | E87: =E86/4 -> 0.272 | F87: =VLOOKUP(C87,'AHSP MCK'!D:K,8,FALSE) -> 59400 | G87: =F87*E87 -> 16156.8 | H87: =F87*E87/$G$67 -> 0.00065577076 | I87: 1.3.1.1 | J87: BIDANG UMUM | K87: 41019 | L87: e-purchasing | O87: =O86/4 -> 1.2125 | P87: =P86/4 -> 0.774375 | Q87: =Q86/4 -> 0.871875
A88: 5 | B88: 3 | C88: 1 m3 urukan pasir uruk untuk volume s.d 200 m3 tanpa pemadatan secara manual | D88: m³ | F88: =VLOOKUP(C88,'AHSP MCK'!D:K,8,FALSE) -> 326700 | G88: =F88*E88 -> 0 | H88: =F88*E88/$G$67 -> 0 | I88: 1.3.1.2 | J88: BIDANG UMUM | K88: 41019 | L88: e-purchasing
A89: 6 | B89: 4 | C89: Mengangkut 1 m3 tanah lepas, jarak angkut > 10 m s.d 20 m | D89: m³ | E89: =E86-E87 -> 0.816 | F89: =VLOOKUP(C89,'AHSP MCK'!D:K,8,FALSE) -> 26700 | G89: =F89*E89 -> 21787.2 | H89: =F89*E89/$G$67 -> 0.00088429693 | I89: 1.4.1.2 | J89: BIDANG UMUM | K89: 41019 | L89: e-purchasing | O89: =O86-O87 -> 3.6375 | P89: =P86-P87 -> 2.323125 | Q89: =Q86-Q87 -> 2.615625
C91: JUMLAH | G91: =SUM(G86:G89) -> 134884.8
B93: IV | C93: Pekerjaan Pondasi
A94: 17 | B94: 1 | C94: Pemasangan 1 m3 pondasi batu belah mortar tipe O 2,4 Mpa (setara 1SP : 5PP), cara manual | D94: m³ | E94: =((0.2+0.4)/2*0.4*(1.9+1.9+1.5+1.5)) -> 0.816 | F94: =VLOOKUP(C94,'AHSP MCK'!D:K,8,FALSE) -> 1104800 | G94: =F94*E94 -> 901516.8 | H94: =F94*E94/$G$67 -> 0.036590683 | I94: 2.2.2.1.8 | J94: BIDANG CIPTA KARYA | K94: 41019 | L94: e-purchasing | O94: =(0.25+0.5)/2*0.5*(5.55+4.35+(1.9*5)) -> 3.6375 | P94: =(0.25+0.5)/2*0.5*((2.85*2)+(1.93*3)) -> 2.154375 | Q94: =(0.25+0.5)/2*0.5*((2.85*2)+(1.9*3)) -> 2.1375
C96: JUMLAH | G96: =G94 -> 901516.8
B98: V | C98: Pekerjaan Beton
B99: A | C99: Pekerjaan Sloof Beton
A100: 8 | B100: 1 | C100: 1 kg Penulangan Kolom, Balok, Ring Balk dan Sloof untuk BjTP diameter <12 mm cara Manual | D100: kg | F100: =VLOOKUP(C100,'AHSP MCK'!D:K,8,FALSE) -> 15900 | G100: =F100*E100 -> 0 | H100: =F100*E100/$G$67 -> 0 | I100: 2.2.1.1.3 | J100: BIDANG CIPTA KARYA | K100: 41019 | L100: e-purchasing
A101: 9 | B101: 2 | C101: Pemasangan 1 m2 bekisting untuk sloof (3 kali pakai) | D101: m² | F101: =VLOOKUP(C101,'AHSP MCK'!D:K,8,FALSE) -> 183600 | G101: =F101*E101 -> 0 | H101: =F101*E101/$G$67 -> 0 | I101: 2.2.1.3.2 | J101: BIDANG CIPTA KARYA | K101: 41019 | L101: e-purchasing
A102: 14 | B102: 3 | C102: 1 m3 beton mutu sedang f'c 20 MPa, slump (100 ± 25) mm, agregat maks 19 mm secara manual | D102: m³ | F102: =VLOOKUP(C102,'AHSP MCK'!D:K,8,FALSE) -> 1291800 | G102: =F102*E102 -> 0 | H102: =F102*E102/$G$67 -> 0 | I102: 2.2.1.4.5 | J102: BIDANG CIPTA KARYA | K102: 41019 | L102: e-purchasing
A103: 16 | B103: 1 | C103: Pembuatan 1 m' balok praktis beton bertulang (10x15) | D103: m' | E103: =(1.5*2)+(1.9*2) -> 6.8 | F103: =VLOOKUP(C103,'AHSP MCK'!D:K,8,FALSE) -> 147800 | G103: =F103*E103 -> 1005040 | H103: =F103*E103/$G$67 -> 0.040792474 | I103: 2.2.1.10.2 | J103: BIDANG CIPTA KARYA | K103: 41019 | L103: e-purchasing | O103: =5.55+4.35+(1.9*5) -> 19.4 | P103: =(2.85*2)+(2.23*3) -> 12.39 | Q103: =(2.85*2)+(1.9*3) -> 11.4 | S103: =4.15+2.15+0.65+1.075 -> 8.025
B105: B | C105: Pekerjaan Plat Lantai Beton
B106: 1 | C106: 1 kg penulangan slab untuk BjTP atau BjTS dia. < 12 mm, cara manual (untuk bangunan gedung) | D106: kg | F106: =VLOOKUP(C106,'AHSP MCK'!D:K,8,FALSE) -> 17100 | G106: =F106*E106 -> 0 | H106: =F106*E106/$G$67 -> 0 | I106: 2.2.1.1.1 | J106: BIDANG CIPTA KARYA | K106: 41019 | L106: e-purchasing | S106: 7.11
A107: 13 | B107: 2 | C107: Pemasangan 1 m2 bekisting untuk plat lantai (3 kali pakai) | D107: m² | F107: =VLOOKUP(C107,'AHSP MCK'!D:K,8,FALSE) -> 225000 | G107: =F107*E107 -> 0 | H107: =F107*E107/$G$67 -> 0 | I107: 2.2.1.3.5 | J107: BIDANG CIPTA KARYA | K107: 41019 | L107: e-purchasing | S107: =0.35*2.15 -> 0.7525
A108: 14 | B108: 3 | C108: 1 m3 beton mutu sedang f'c 20 MPa, slump (100 ± 25) mm, agregat maks 19 mm secara manual | D108: m³ | F108: =VLOOKUP(C108,'AHSP MCK'!D:K,8,FALSE) -> 1291800 | G108: =F108*E108 -> 0 | H108: =F108*E108/$G$67 -> 0 | I108: 2.2.1.4.5 | J108: BIDANG CIPTA KARYA | K108: 41019 | L108: e-purchasing | S108: =0.35*2.15*0.15 -> 0.112875
B111: C | C111: Pekerjaan Kolom Beton
A112: 8 | B112: 1 | C112: 1 kg Penulangan Kolom, Balok, Ring Balk dan Sloof untuk BjTP diameter <12 mm cara Manual | D112: kg | F112: =VLOOKUP(C112,'AHSP MCK'!D:K,8,FALSE) -> 15900 | G112: =F112*E112 -> 0 | H112: =F112*E112/$G$67 -> 0 | I112: 2.2.1.1.3 | J112: BIDANG CIPTA KARYA | K112: 41019 | L112: e-purchasing
A113: 11 | B113: 2 | C113: Pemasangan 1 m2 bekisting untuk kolom (3 kali pakai) | D113: m² | F113: =VLOOKUP(C113,'AHSP MCK'!D:K,8,FALSE) -> 216900 | G113: =F113*E113 -> 0 | H113: =F113*E113/$G$67 -> 0 | I113: 2.2.1.3.3 | J113: BIDANG CIPTA KARYA | K113: 41019 | L113: e-purchasing
A114: 14 | B114: 3 | C114: 1 m3 beton mutu sedang f'c 20 MPa, slump (100 ± 25) mm, agregat maks 19 mm secara manual | D114: m³ | F114: =VLOOKUP(C114,'AHSP MCK'!D:K,8,FALSE) -> 1291800 | G114: =F114*E114 -> 0 | H114: =F114*E114/$G$67 -> 0 | I114: 2.2.1.4.5 | J114: BIDANG CIPTA KARYA | K114: 41019 | L114: e-purchasing
A115: 15 | B115: 1 | C115: Pembuatan 1 m' kolom praktis beton bertulang (11x11) | D115: m' | E115: =(2.4*2)+(2*1.8) -> 8.4 | F115: =VLOOKUP(C115,'AHSP MCK'!D:K,8,FALSE) -> 105800 | G115: =F115*E115 -> 888720 | H115: =F115*E115/$G$67 -> 0.036071288 | I115: 2.2.1.10.1 | J115: BIDANG CIPTA KARYA | K115: 41019 | L115: e-purchasing | O115: =2.7*10 -> 27 | P115: =2.7*6 -> 16.2 | Q115: =2.7*6 -> 16.2 | S115: =2.7*7 -> 18.9
B117: D | C117: Pekerjaan Balok Beton
A118: 8 | B118: 1 | C118: 1 kg Penulangan Kolom, Balok, Ring Balk dan Sloof untuk BjTP diameter <12 mm cara Manual | D118: kg | F118: =VLOOKUP(C118,'AHSP MCK'!D:K,8,FALSE) -> 15900 | G118: =F118*E118 -> 0 | H118: =F118*E118/$G$67 -> 0 | I118: 2.2.1.1.3 | J118: BIDANG CIPTA KARYA | K118: 41019 | L118: e-purchasing
A119: 12 | B119: 2 | C119: Pemasangan 1 m2 bekisting untuk balok (3 kali pakai) | D119: m² | F119: =VLOOKUP(C119,'AHSP MCK'!D:K,8,FALSE) -> 223000 | G119: =F119*E119 -> 0 | H119: =F119*E119/$G$67 -> 0 | I119: 2.2.1.3.4 | J119: BIDANG CIPTA KARYA | K119: 41019 | L119: e-purchasing
A120: 14 | B120: 3 | C120: 1 m3 beton mutu sedang f'c 20 MPa, slump (100 ± 25) mm, agregat maks 19 mm secara manual | D120: m³ | F120: =VLOOKUP(C120,'AHSP MCK'!D:K,8,FALSE) -> 1291800 | G120: =F120*E120 -> 0 | H120: =F120*E120/$G$67 -> 0 | I120: 2.2.1.4.5 | J120: BIDANG CIPTA KARYA | K120: 41019 | L120: e-purchasing
A121: 16 | B121: 1 | C121: Pembuatan 1 m' balok praktis beton bertulang (10x15) | D121: m' | E121: =(1.5*2)+(1.9*2) -> 6.8 | F121: =VLOOKUP(C121,'AHSP MCK'!D:K,8,FALSE) -> 147800 | G121: =F121*E121 -> 1005040 | H121: =F121*E121/$G$67 -> 0.040792474 | I121: 2.2.1.10.2 | J121: BIDANG CIPTA KARYA | K121: 41019 | L121: e-purchasing | O121: =(5.55*2)+(1.9*5) -> 20.6 | P121: =(2.85*2)+(2.23*3) -> 12.39 | Q121: =(2.85*2)+(1.9*3) -> 11.4 | S121: =(4.15*2)+1.35+0.65+2.15 -> 12.45
B123: E | C123: Pekerjaan Plat Beton
B124: 1 | C124: 1 kg penulangan slab untuk BjTP atau BjTS dia. < 12 mm, cara manual (untuk bangunan gedung) | D124: kg | F124: =VLOOKUP(C124,'AHSP MCK'!D:K,8,FALSE) -> 17100 | G124: =F124*E124 -> 0 | H124: =F124*E124/$G$67 -> 0 | I124: 2.2.1.1.1 | J124: BIDANG CIPTA KARYA | K124: 41019 | L124: e-purchasing | O124: 25.67 | P124: 18.17 | Q124: 18.17 | S124: 26.47
A125: 13 | B125: 2 | C125: Pemasangan 1 m2 bekisting untuk plat lantai (3 kali pakai) | D125: m² | F125: =VLOOKUP(C125,'AHSP MCK'!D:K,8,FALSE) -> 225000 | G125: =F125*E125 -> 0 | H125: =F125*E125/$G$67 -> 0 | I125: 2.2.1.3.5 | J125: BIDANG CIPTA KARYA | K125: 41019 | L125: e-purchasing | O125: =6.55*3.03 -> 19.8465 | P125: =2.85*2.9 -> 8.265 | Q125: =2.85*2.9 -> 8.265 | S125: =(4.65*2)+(0.65*2.65) -> 11.0225
A126: 14 | B126: 3 | C126: 1 m3 beton mutu sedang f'c 20 MPa, slump (100 ± 25) mm, agregat maks 19 mm secara manual | D126: m³ | F126: =VLOOKUP(C126,'AHSP MCK'!D:K,8,FALSE) -> 1291800 | G126: =F126*E126 -> 0 | H126: =F126*E126/$G$67 -> 0 | I126: 2.2.1.4.5 | J126: BIDANG CIPTA KARYA | K126: 41019 | L126: e-purchasing | O126: =6.55*3.03*0.1 -> 1.98465 | P126: =2.85*2.9*0.1 -> 0.8265 | Q126: =2.85*2.9*0.1 -> 0.8265 | S126: =((4.65*2)+(2.65*0.65))*0.1 -> 1.10225
B128: F | C128: Pekerjaan Lisplank Beton
A129: 8 | B129: 1 | C129: 1 kg Penulangan Lisplank diameter <12 mm | D129: kg | F129: =VLOOKUP(C129,'AHSP MCK'!D:K,8,FALSE) -> 17400 | G129: =F129*E129 -> 0 | H129: =F129*E129/$G$67 -> 0 | I129: 2.2.1.1.3 | J129: BIDANG CIPTA KARYA | K129: 41019 | L129: e-purchasing
A130: 9 | B130: 2 | C130: Pemasangan 1 m2 bekisting untuk Lisplank | D130: m² | F130: =VLOOKUP(C130,'AHSP MCK'!D:K,8,FALSE) -> 196200 | G130: =F130*E130 -> 0 | H130: =F130*E130/$G$67 -> 0 | I130: 2.2.1.3.2 | J130: BIDANG CIPTA KARYA | K130: 41019 | L130: e-purchasing
A131: 14 | B131: 3 | C131: 1 m3 beton mutu sedang f'c 20 MPa, slump (100 ± 25) mm, agregat maks 19 mm secara manual | D131: m³ | F131: =VLOOKUP(C131,'AHSP MCK'!D:K,8,FALSE) -> 1291800 | G131: =F131*E131 -> 0 | H131: =F131*E131/$G$67 -> 0 | I131: 2.2.1.4.5 | J131: BIDANG CIPTA KARYA | K131: 41019 | L131: e-purchasing
B132: 4 | C132: 1 m 3 Lisplank Beton Bertulang (150 kg + Bekisting) | D132: m³ | G132: =F132*E132 -> 0 | H132: =F132*E132/$G$67 -> 0 | O132: =0.3*0.08*(6.55+3.03+3.03) -> 0.30264 | P132: =0.3*0.08*(2.9+2.9+3.85) -> 0.2316 | Q132: =0.3*0.08*(2.9+2.9+3.85) -> 0.2316
C134: JUMLAH | G134: =SUM(G100:G132) -> 2898800
B136: VI | C136: Pekerjaan Dinding
A137: 25 | B137: 1 | C137: Pemasangan 1 m2 dinding bata ringan tebal 7,5 cm dengan mortar siap pakai | D137: m² | E137: =(1.2*2.7)+(1.2*2.1)+(1.6*2.1*2)+(0.5*1.6*0.4*2)-(0.7*2)-(0.2*0.2*2) -> 11.64 | F137: =VLOOKUP(C137,'AHSP MCK'!D:K,8,FALSE) -> 97900 | G137: =F137*E137 -> 1139556 | H137: =F137*E137/$G$67 -> 0.046252197 | I137: 3.6.4.2 | J137: BIDANG CIPTA KARYA | K137: 41019 | L137: e-purchasing | O137: =(2.7*((1.2*6)+(1.6*4)))+(1.5*(1.2+1.6))-(2*0.7)-(0.2*0.2*18) -> 38.8 | P137: =(2.7*((1.2*4)+(1.93*3)))-(0.2*0.2*6*2)-(0.7*2*2) -> 25.313 | Q137: =(2.7*((1.2*4)+(1.9*3)))-(0.2*0.2*6*2)-(0.7*2*2) -> 25.07 | S137: =(2.7*(2+2+1.35+2+0.65+2))-(0.2*0.2*6)-(2*0.7) -> 25.36
A138: 26 | B138: 2 | C138: Pemasangan 1 m2 plesteran 1SP : 5PP tebal 15 mm | D138: m² | E138: =(E137*2)-E147 -> 18.38 | F138: =VLOOKUP(C138,'AHSP MCK'!D:K,8,FALSE) -> 56600 | G138: =F138*E138 -> 1040308 | H138: =F138*E138/$G$67 -> 0.042223928 | I138: 3.7.5 | J138: BIDANG CIPTA KARYA | K138: 41019 | L138: e-purchasing | O138: =(O137*2)-O147 -> 51.35 | P138: =(P137*2)-P147 -> 33.946 | Q138: =(Q137*2)-Q147 -> 33.64 | S138: =(S137*2)-S147 -> 38.72
A139: 27 | B139: 3 | C139: Pemasangan 1 m2 acian | D139: m² | E139: =E138 -> 18.38 | F139: =VLOOKUP(C139,'AHSP MCK'!D:K,8,FALSE) -> 44500 | G139: =F139*E139 -> 817910 | H139: =F139*E139/$G$67 -> 0.033197258 | I139: 3.7.8 | J139: BIDANG CIPTA KARYA | K139: 41019 | L139: e-purchasing | O139: =O138 -> 51.35 | P139: =P138 -> 33.946 | Q139: =Q138 -> 33.64 | S139: =S138 -> 38.72
A140: 24 | B140: 4 | C140: Pemasangan 1 m2 dinding kerawang (rooster) 20x20 (Setara Campuran 1SP : 3PP) | D140: m² | E140: =0.2*0.2*2 -> 0.08 | F140: =VLOOKUP(C140,'AHSP MCK'!D:K,8,FALSE) -> 229400 | G140: =F140*E140 -> 18352 | H140: =F140*E140/$G$67 -> 0.00074486934 | I140: 3.6.3.5 | J140: BIDANG CIPTA KARYA | K140: 41019 | L140: e-purchasing | O140: =0.2*0.2*4 -> 0.16 | P140: =0.2*0.2*4*2 -> 0.32 | Q140: =0.2*0.2*4*2 -> 0.32 | S140: =0.2*0.2*3 -> 0.12
A141: 23 | B141: 5 | C141: Pemasangan 1 m2 glass block 20x20 cm, 1PC : 3PP | D141: m² | E141: =0.2*0.2*2 -> 0.08 | F141: =VLOOKUP(C141,'AHSP MCK'!D:K,8,FALSE) -> 145700 | G141: =F141*E141 -> 11656 | H141: =F141*E141/$G$67 -> 0.00047309269 | I141: 3.6.3.4 | J141: BIDANG CIPTA KARYA | K141: 41019 | L141: e-purchasing | O141: =0.2*0.2*2 -> 0.08 | P141: =0.2*0.2*2 -> 0.08 | Q141: =0.2*0.2*2 -> 0.08 | S141: =0.2*0.2*3 -> 0.12
C143: JUMLAH | G143: =SUM(G137:G141) -> 3027782
B145: VII | C145: Pekerjaan Penutup Lantai dan Dinding
...

Sheet Persiapan
C2: 1. | D2: PERSIAPAN LAPANGAN / SITE WORK
C3: 1.1 | D3: PEKERJAAN PERSIAPAN
C4: 1.1.1 | D4: Pembuatan Pagar Proyek
C5: 1.1.1.1 | D5: Pembuatan 1 m’ pagar sementara dari kayu tinggi 2 meter | K5: =ROUNDDOWN(J28,-2) -> 348000 | L5: - | M5: -
C6: No | D6: Uraian | E6: Kode | F6: Sat. | G6: Koefisien | H6: Harga Satuan (Rp) | J6: Jumlah Harga (Rp)
C7: A | D7: TENAGA KERJA | N7: Catatan:
C8: 1 | D8: Pekerja | E8: L.01 | F8: OH | G8: 0.6 | H8: =VLOOKUP(D8,upahbahan,3,FALSE) -> 100000 | J8: =G8*H8 -> 60000 | N8: Biaya Umum dan Keuntungan | Q8: 0.1
C9: 2 | D9: Tukang kayu | E9: L.02 | F9: OH | G9: 0.2 | H9: =VLOOKUP(D9,upahbahan,3,FALSE) -> 135000 | J9: =G9*H9 -> 27000
C10: 3 | D10: Tukang batu | E10: L.02 | F10: OH | G10: 0.2 | H10: =VLOOKUP(D10,upahbahan,3,FALSE) -> 135000 | J10: =G10*H10 -> 27000
C11: 4 | D11: Kepala tukang | E11: L.03 | F11: OH | G11: 0.04 | H11: =VLOOKUP(D11,upahbahan,3,FALSE) -> 150000 | J11: =G11*H11 -> 6000
C12: 5 | D12: Mandor | E12: L.04 | F12: OH | G12: 0.013 | H12: =VLOOKUP(D12,upahbahan,3,FALSE) -> 160000 | J12: =G12*H12 -> 2080
C13: JUMLAH HARGA TENAGA KERJA | J13: =SUM(J8:J12) -> 122080
C14: B | D14: BAHAN
C15: 1 | D15: Kaso 5/7 kayu kelas II | F15: m3 | G15: 0.0387 | H15: =VLOOKUP(D15,upahbahan,3,FALSE) -> 3015000 | J15: =G15*H15 -> 116680.5
C16: 2 | D16: Papan Kayu ukuran 2/20 cm | F16: m3 | G16: 0.0396 | H16: =VLOOKUP(D16,upahbahan,3,FALSE) -> 0 | J16: =G16*H16 -> 0
C17: 3 | D17: Paku biasa 5 inchi | F17: kg | G17: 0.5872 | H17: =VLOOKUP(D17,upahbahan,3,FALSE) -> 20000 | J17: =G17*H17 -> 11744
C18: 4 | D18: Semen Portland (PC) | F18: kg | G18: 26.406 | H18: =VLOOKUP(D18,upahbahan,3,FALSE) -> 1530 | J18: =G18*H18 -> 40401.18
C19: 5 | D19: Pasir Beton | F19: kg | G19: 61.56 | H19: =VLOOKUP(D19,upahbahan,3,FALSE) -> 221.787 | J19: =G19*H19 -> 13653.208
C20: 6 | D20: Kerikil | F20: kg | G20: 83.349 | H20: =VLOOKUP(D20,upahbahan,3,FALSE) -> 0 | J20: =G20*H20 -> 0
C21: 7 | D21: Air | F21: liter | G21: 17.415 | H21: =VLOOKUP(D21,upahbahan,3,FALSE) -> 200 | J21: =G21*H21 -> 3483
C22: 8 | D22: Residu | F22: liter | G22: 0.4 | H22: =VLOOKUP(D22,upahbahan,3,FALSE) -> 21000 | J22: =G22*H22 -> 8400
C23: JUMLAH HARGA BAHAN | J23: =SUM(J15:J22) -> 194361.89
C24: C | D24: PERALATAN
C25: JUMLAH HARGA ALAT | J25: 0
C26: D | D26: Jumlah (A+B+C) | J26: =J13+J23+J25 -> 316441.89
C27: E | D27: Biaya Umum dan Keuntungan 10%-15% x D | H27: =$Q$8 -> 0.1 | J27: =J26*H27 -> 31644.189
C28: F | D28: Harga Satuan Pekerjaan (D+E) | J28: =SUM(J26:J27) -> 348086.08
C30: 1.1.1.2 | D30: Pembuatan 1 m’ pagar sementara dari seng gelombang rangka kayu tinggi 2 meter | K30: =ROUNDDOWN(J52,-2) -> 245600
C31: No | D31: Uraian | F31: Sat. | G31: Koefisien | H31: Harga Satuan (Rp) | J31: Jumlah Harga (Rp)
C32: A | D32: TENAGA KERJA
C33: 1 | D33: Pekerja | E33: L.01 | F33: OH | G33: 0.25 | H33: =VLOOKUP(D33,upahbahan,3,FALSE) -> 100000 | J33: =G33*H33 -> 25000
C34: 2 | D34: Tukang kayu | E34: L.02 | F34: OH | G34: 0.125 | H34: =VLOOKUP(D34,upahbahan,3,FALSE) -> 135000 | J34: =G34*H34 -> 16875
C35: 3 | D35: Tukang batu | E35: L.02 | F35: OH | G35: 0.125 | H35: =VLOOKUP(D35,upahbahan,3,FALSE) -> 135000 | J35: =G35*H35 -> 16875
C36: 4 | D36: Kepala tukang | E36: L.03 | F36: OH | G36: 0.025 | H36: =VLOOKUP(D36,upahbahan,3,FALSE) -> 150000 | J36: =G36*H36 -> 3750
C37: 5 | D37: Mandor | E37: L.04 | F37: OH | G37: 0.008 | H37: =VLOOKUP(D37,upahbahan,3,FALSE) -> 160000 | J37: =G37*H37 -> 1280
C38: JUMLAH HARGA TENAGA KERJA | J38: =SUM(J33:J37) -> 63780
C39: B | D39: BAHAN
C40: 1 | D40: Kaso 5/7 kayu kelas II | F40: m3 | G40: 0.031 | H40: =VLOOKUP(D40,upahbahan,3,FALSE) -> 3015000 | J40: =G40*H40 -> 93465
C41: 2 | D41: Seng gelombang | F41: lembar | G41: 1.3125 | H41: =VLOOKUP(D41,upahbahan,3,FALSE) -> 0 | J41: =G41*H41 -> 0
C42: 3 | D42: Paku biasa 5 inchi | F42: kg | G42: 0.4271 | H42: =VLOOKUP(D42,upahbahan,3,FALSE) -> 20000 | J42: =G42*H42 -> 8542
C43: 4 | D43: Semen Portland (PC) | F43: kg | G43: 26.406 | H43: =VLOOKUP(D43,upahbahan,3,FALSE) -> 1530 | J43: =G43*H43 -> 40401.18
C44: 5 | D44: Pasir beton | F44: kg | G44: 61.56 | H44: =VLOOKUP(D44,upahbahan,3,FALSE) -> 221.787 | J44: =G44*H44 -> 13653.208
C45: 6 | D45: Kerikil | F45: kg | G45: 83.349 | H45: =VLOOKUP(D45,upahbahan,3,FALSE) -> 0 | J45: =G45*H45 -> 0
C46: 7 | D46: Air | F46: liter | G46: 17.415 | H46: =VLOOKUP(D46,upahbahan,3,FALSE) -> 200 | J46: =G46*H46 -> 3483
C47: JUMLAH HARGA BAHAN | J47: =SUM(J40:J46) -> 159544.39
C48: C | D48: PERALATAN
C49: JUMLAH HARGA ALAT | J49: 0
C50: D | D50: Jumlah (A+B+C) | J50: =J38+J47+J49 -> 223324.39
C51: E | D51: Biaya Umum dan Keuntungan 10%-15% x D | H51: =$Q$8 -> 0.1 | J51: =J50*H51 -> 22332.439
C52: F | D52: Harga Satuan Pekerjaan (D+E) | J52: =SUM(J50:J51) -> 245656.83
C54: 1.1.1.3 | D54: Pembuatan 1 m’ pagar sementara dari kawat duri tinggi 2 meter | K54: =ROUNDDOWN(J76,-2) -> 206200 | L54: tidak ada perubahan | M54: Revisis
C55: No | D55: Uraian | F55: Sat. | G55: Koefisien | H55: Harga Satuan (Rp) | J55: Jumlah Harga (Rp)
C56: A | D56: TENAGA KERJA
C57: 1 | D57: Pekerja | E57: L.01 | F57: OH | G57: 0.308 | H57: =VLOOKUP(D57,upahbahan,3,FALSE) -> 100000 | J57: =G57*H57 -> 30800
C58: 2 | D58: Tukang kayu | E58: L.02 | F58: OH | G58: 0.154 | H58: =VLOOKUP(D58,upahbahan,3,FALSE) -> 135000 | J58: =G58*H58 -> 20790
C59: 3 | D59: Tukang batu | E59: L.02 | F59: OH | G59: 0.154 | H59: =VLOOKUP(D59,upahbahan,3,FALSE) -> 135000 | J59: =G59*H59 -> 20790
C60: 4 | D60: Kepala tukang | E60: L.03 | F60: OH | G60: 0.031 | H60: =VLOOKUP(D60,upahbahan,3,FALSE) -> 150000 | J60: =G60*H60 -> 4650
C61: 5 | D61: Mandor | E61: L.04 | F61: OH | G61: 0.01 | H61: =VLOOKUP(D61,upahbahan,3,FALSE) -> 160000 | J61: =G61*H61 -> 1600
C62: JUMLAH HARGA TENAGA KERJA | J62: =SUM(J57:J61) -> 78630
C63: B | D63: BAHAN
C64: 1 | D64: Kaso 5/7 kayu kelas II | F64: m3 | G64: 0.0139 | H64: =VLOOKUP(D64,upahbahan,3,FALSE) -> 3015000 | J64: =G64*H64 -> 41908.5
C65: 2 | D65: Kawat duri | F65: m' | G65: 20.4457 | H65: =VLOOKUP(D65,upahbahan,3,FALSE) -> 0 | J65: =G65*H65 -> 0
C66: 3 | D66: Paku biasa 5 inchi | F66: kg | G66: 0.4715 | H66: =VLOOKUP(D66,upahbahan,3,FALSE) -> 20000 | J66: =G66*H66 -> 9430
C67: 4 | D67: Semen Portland (PC) | F67: kg | G67: 26.406 | H67: =VLOOKUP(D67,upahbahan,3,FALSE) -> 1530 | J67: =G67*H67 -> 40401.18
C68: 5 | D68: Pasir beton | F68: kg | G68: =G44 -> 61.56 | H68: =VLOOKUP(D68,upahbahan,3,FALSE) -> 221.787 | J68: =G68*H68 -> 13653.208
C69: 6 | D69: Kerikil | F69: Kg | G69: =G45 -> 83.349 | H69: =VLOOKUP(D69,upahbahan,3,FALSE) -> 0 | J69: =G69*H69 -> 0
C70: 7 | D70: Air | F70: liter | G70: 17.415 | H70: =VLOOKUP(D70,upahbahan,3,FALSE) -> 200 | J70: =G70*H70 -> 3483
C71: JUMLAH HARGA BAHAN | J71: =SUM(J64:J70) -> 108875.89
C72: C | D72: PERALATAN
C73: JUMLAH HARGA ALAT | J73: 0
C74: D | D74: Jumlah (A+B+C) | J74: =J62+J71+J73 -> 187505.89
C75: E | D75: Biaya Umum dan Keuntungan 10%-15% x D | H75: =$Q$8 -> 0.1 | J75: =J74*H75 -> 18750.589
C76: F | D76: Harga Satuan Pekerjaan (D+E) | J76: =SUM(J74:J75) -> 206256.48
C78: 1.1.1.4 | D78: Pembuatan 1 m’ pagar sementara seng gelombang rangka baja L.40.40.4 tinggi pagar 1.8 meter | K78: =ROUNDDOWN(J96,-2) -> 275500 | L78: - | M78: - | N78: 639300
C79: No | D79: Uraian | F79: Sat. | G79: Koefisien | H79: Harga Satuan (Rp) | J79: Jumlah Harga (Rp)
C80: A | D80: TENAGA KERJA
C81: 1 | D81: Pekerja | E81: L.01 | F81: OH | G81: 0.2 | H81: =VLOOKUP(D81,upahbahan,3,FALSE) -> 100000 | J81: =G81*H81 -> 20000
C82: 2 | D82: Tukang besi | E82: L.02 | F82: OH | G82: 0.1 | H82: =VLOOKUP(D82,upahbahan,3,FALSE) -> 135000 | J82: =G82*H82 -> 13500
C83: 3 | D83: Tukang batu | E83: L.02 | F83: OH | G83: 0.1 | H83: =VLOOKUP(D83,upahbahan,3,FALSE) -> 135000 | J83: =G83*H83 -> 13500
C84: 4 | D84: Mandor | E84: L.04 | F84: OH | G84: 0.02 | H84: =VLOOKUP(D84,upahbahan,3,FALSE) -> 160000 | J84: =G84*H84 -> 3200
C85: JUMLAH HARGA TENAGA KERJA | J85: =SUM(J81:J84) -> 50200
C86: B | D86: BAHAN
C87: 2 | D87: Seng gelombang bjls 30 panjang 180 cm | F87: lembar | G87: 1.2 | H87: =VLOOKUP(D87,upahbahan,3,FALSE) -> 0 | J87: =G87*H87 -> 0
C88: 3 | D88: Baja L 40.40.4 | F88: kg | G88: 13.5 | H88: =VLOOKUP(D88,upahbahan,3,FALSE) -> 14840 | J88: =G88*H88 -> 200340
C89: 4 | D89: Kawat seng 3mm | F89: kg | G89: 0.3 | H89: =VLOOKUP(D89,upahbahan,3,FALSE) -> 0 | J89: =G89*H89 -> 0
C90: 5 | D90: Pasangan batu ukuran 20/50 t=40cm | F90: m3 | G90: 0.15 | H90: =VLOOKUP(D90,upahbahan,3,FALSE) -> 0 | J90: =G90*H90 -> 0
C91: JUMLAH HARGA BAHAN | J91: =SUM(J87:J90) -> 200340
C92: C | D92: PERALATAN
C93: JUMLAH HARGA ALAT | J93: 0
C94: D | D94: Jumlah (A+B+C) | J94: =J85+J91+J93 -> 250540
C95: E | D95: Biaya Umum dan Keuntungan 10%-15% x D | H95: =$Q$8 -> 0.1 | J95: =J94*H95 -> 25054
C96: F | D96: Harga Satuan Pekerjaan (D+E) | J96: =SUM(J94:J95) -> 275594
C98: 1.1.1.5 | D98: Pembuatan 1 m2 pagar BRC Galvanis | K98: =ROUNDDOWN(J113,-2) -> #VALUE! | L98: - | M98: -
C99: No | D99: Uraian | F99: Sat. | G99: Koefisien | H99: Harga Satuan (Rp) | J99: Jumlah Harga (Rp)
C100: A | D100: TENAGA KERJA
C101: 1 | D101: Pekerja | E101: L.01 | F101: OH | G101: 0.042 | H101: =VLOOKUP(D101,upahbahan,3,FALSE) -> 100000 | J101: =G101*H101 -> 4200
C102: 2 | D102: Tukang kayu | E102: L.02 | F102: OH | G102: 0.04 | H102: =VLOOKUP(D102,upahbahan,3,FALSE) -> 135000 | J102: =G102*H102 -> 5400
C103: 3 | D103: Kepala tukang | E103: L.03 | F103: OH | G103: 0.004 | H103: =VLOOKUP(D103,upahbahan,3,FALSE) -> 150000 | J103: =G103*H103 -> 600
C104: 4 | D104: Mandor | E104: L.04 | F104: OH | G104: 0.001 | H104: =VLOOKUP(D104,upahbahan,3,FALSE) -> 160000 | J104: =G104*H104 -> 160
C105: JUMLAH HARGA TENAGA KERJA | J105: =SUM(J101:J104) -> 10360
...

Sheet Galian Tanah
C3: 1.2 | D3: PEKERJAAN GALIAN TANAH
C4: 1.2.1 | D4: Tanah Biasa
C5: 1.2.1.1 | D5: Cara Manual
C6: 1.2.1.1.1 | D6: Penggalian 1 m3 tanah biasa sedalam 0 s.d. 1 m untuk volume s.d. 200 m3 secara manual | J6: =ROUNDDOWN(I18,-2) -> 89100
C7: No | D7: Uraian | F7: Sat. | G7: Koefisien | H7: Harga Satuan (Rp) | I7: Jumlah Harga (Rp)
C8: A | D8: TENAGA KERJA
C9: 1 | D9: Pekerja | E9: L.01 | F9: OH | G9: 0.75 | H9: =VLOOKUP(D9,upahbahan,3,FALSE) -> 100000 | I9: =G9*H9 -> 75000
C10: 2 | D10: Mandor | E10: L.04 | F10: OH | G10: 0.038 | H10: =VLOOKUP(D10,upahbahan,3,FALSE) -> 160000 | I10: =G10*H10 -> 6080
C11: JUMLAH HARGA TENAGA KERJA | I11: =SUM(I9:I10) -> 81080
C12: B | D12: BAHAN
C13: JUMLAH HARGA BAHAN | I13: 0
C14: C | D14: PERALATAN
C15: JUMLAH HARGA ALAT | I15: 0
C16: D | D16: Jumlah (A+B+C) | I16: =I11+I13+I15 -> 81080
C17: E | D17: Biaya Umum dan Keuntungan 10%-15% x D | H17: 0.1 | I17: =I16*H17 -> 8108
C18: F | D18: Harga Satuan Pekerjaan (D+E) | I18: =SUM(I16:I17) -> 89188
C20: 1.2.1.1.2 | D20: Penggalian 1 m3 tanah biasa sedalam 0 s.d. 1 m untuk volume 200 m3 s.d 2.000 m3 secara manual | J20: =ROUNDDOWN(I32,-2) -> 71800
C21: No | D21: Uraian | F21: Sat. | G21: Koefisien | H21: Harga Satuan (Rp) | I21: Jumlah Harga (Rp)
C22: A | D22: TENAGA KERJA
C23: 1 | D23: Pekerja | E23: L.01 | F23: OH | G23: 0.563 | H23: =VLOOKUP(D23,upahbahan,3,FALSE) -> 100000 | I23: =G23*H23 -> 56300
C24: 2 | D24: Mandor | E24: L.04 | F24: OH | G24: 0.0563 | H24: =VLOOKUP(D24,upahbahan,3,FALSE) -> 160000 | I24: =G24*H24 -> 9008
C25: JUMLAH HARGA TENAGA KERJA | I25: =SUM(I23:I24) -> 65308
C26: B | D26: BAHAN
C27: JUMLAH HARGA BAHAN | I27: 0
C28: C | D28: PERALATAN
C29: JUMLAH HARGA ALAT | I29: 0
C30: D | D30: Jumlah (A+B+C) | I30: =I25+I27+I29 -> 65308
C31: E | D31: Biaya Umum dan Keuntungan 10%-15% x D | H31: 0.1 | I31: =I30*H31 -> 6530.8
C32: F | D32: Harga Satuan Pekerjaan (D+E) | I32: =SUM(I30:I31) -> 71838.8
C34: 1.2.1.1.3 | D34: Penggalian 1 m3 tanah biasa sedalam 0 s.d. 1 m untuk volume > 2.000 m3 secara Manual | J34: =ROUNDDOWN(I46,-2) -> 51000
C35: No | D35: Uraian | F35: Sat. | G35: Koefisien | H35: Harga Satuan (Rp) | I35: Jumlah Harga (Rp)
C36: A | D36: TENAGA KERJA
C37: 1 | D37: Pekerja | E37: L.01 | F37: OH | G37: 0.4 | H37: =VLOOKUP(D37,upahbahan,3,FALSE) -> 100000 | I37: =G37*H37 -> 40000
C38: 2 | D38: Mandor | E38: L.04 | F38: OH | G38: 0.04 | H38: =VLOOKUP(D38,upahbahan,3,FALSE) -> 160000 | I38: =G38*H38 -> 6400
C39: JUMLAH HARGA TENAGA KERJA | I39: =SUM(I37:I38) -> 46400
C40: B | D40: BAHAN
C41: JUMLAH HARGA BAHAN | I41: 0
C42: C | D42: PERALATAN
C43: JUMLAH HARGA ALAT | I43: 0
C44: D | D44: Jumlah (A+B+C) | I44: =I39+I41+I43 -> 46400
C45: E | D45: Biaya Umum dan Keuntungan 10%-15% x D | H45: 0.1 | I45: =I44*H45 -> 4640
C46: F | D46: Harga Satuan Pekerjaan (D+E) | I46: =SUM(I44:I45) -> 51040
C48: 1.2.1.1.4 | D48: Penggalian 1 m3 tanah biasa sedalam > 1 s.d. 2 m untuk volume s.d 200 m3 secara manual | J48: =ROUNDDOWN(I60,-2) -> 106900
C49: No | D49: Uraian | F49: Sat. | G49: Koefisien | H49: Harga Satuan (Rp) | I49: Jumlah Harga (Rp)
C50: A | D50: TENAGA KERJA
C51: 1 | D51: Pekerja | E51: L.01 | F51: OH | G51: 0.9 | H51: =VLOOKUP(D51,upahbahan,3,FALSE) -> 100000 | I51: =G51*H51 -> 90000
C52: 2 | D52: Mandor | E52: L.04 | F52: OH | G52: 0.045 | H52: =VLOOKUP(D52,upahbahan,3,FALSE) -> 160000 | I52: =G52*H52 -> 7200
C53: JUMLAH HARGA TENAGA KERJA | I53: =SUM(I51:I52) -> 97200
C54: B | D54: BAHAN
C55: JUMLAH HARGA BAHAN | I55: 0
C56: C | D56: PERALATAN
C57: JUMLAH HARGA ALAT | I57: 0
C58: D | D58: Jumlah (A+B+C) | I58: =I53+I55+I57 -> 97200
C59: E | D59: Biaya Umum dan Keuntungan 10%-15% x D | H59: 0.1 | I59: =I58*H59 -> 9720
C60: F | D60: Harga Satuan Pekerjaan (D+E) | I60: =SUM(I58:I59) -> 106920
C62: 1.2.1.1.5 | D62: Penggalian 1 m3 tanah biasa sedalam > 1 s.d. 2 m untuk volume > 200 m3 secara manual | J62: =ROUNDDOWN(I74,-2) -> 86100
C63: No | D63: Uraian | F63: Sat. | G63: Koefisien | H63: Harga Satuan (Rp) | I63: Jumlah Harga (Rp)
C64: A | D64: TENAGA KERJA
C65: 1 | D65: Pekerja | E65: L.01 | F65: OH | G65: 0.675 | H65: =VLOOKUP(D65,upahbahan,3,FALSE) -> 100000 | I65: =G65*H65 -> 67500
C66: 2 | D66: Mandor | E66: L.04 | F66: OH | G66: 0.0675 | H66: =VLOOKUP(D66,upahbahan,3,FALSE) -> 160000 | I66: =G66*H66 -> 10800
C67: JUMLAH HARGA TENAGA KERJA | I67: =SUM(I65:I66) -> 78300
C68: B | D68: BAHAN
C69: JUMLAH HARGA BAHAN | I69: 0
C70: C | D70: PERALATAN
C71: JUMLAH HARGA ALAT | I71: 0
C72: D | D72: Jumlah (A+B+C) | I72: =I67+I69+I71 -> 78300
C73: E | D73: Biaya Umum dan Keuntungan 10%-15% x D | H73: 0.1 | I73: =I72*H73 -> 7830
C74: F | D74: Harga Satuan Pekerjaan (D+E) | I74: =SUM(I72:I73) -> 86130
C76: 1.2.1.1.6 | D76: Penggalian 1 m3 tanah biasa sedalam > 2 s.d. 3 m untuk volume s.d 200 m3 secara manual | J76: =ROUNDDOWN(I88,-2) -> 127200
C77: No | D77: Uraian | F77: Sat. | G77: Koefisien | H77: Harga Satuan (Rp) | I77: Jumlah Harga (Rp)
C78: A | D78: TENAGA KERJA
C79: 1 | D79: Pekerja | E79: L.01 | F79: OH | G79: 1.05 | H79: =VLOOKUP(D79,upahbahan,3,FALSE) -> 100000 | I79: =G79*H79 -> 105000
C80: 2 | D80: Mandor | E80: L.04 | F80: OH | G80: 0.067 | H80: =VLOOKUP(D80,upahbahan,3,FALSE) -> 160000 | I80: =G80*H80 -> 10720
C81: JUMLAH HARGA TENAGA KERJA | I81: =SUM(I79:I80) -> 115720
C82: B | D82: BAHAN
C83: JUMLAH HARGA BAHAN | I83: 0
C84: C | D84: PERALATAN
C85: JUMLAH HARGA ALAT | I85: 0
C86: D | D86: Jumlah (A+B+C) | I86: =I81+I83+I85 -> 115720
C87: E | D87: Biaya Umum dan Keuntungan 10%-15% x D | H87: 0.1 | I87: =I86*H87 -> 11572
C88: F | D88: Harga Satuan Pekerjaan (D+E) | I88: =SUM(I86:I87) -> 127292
C90: 1.2.1.1.7 | D90: Penggalian 1 m3 tanah biasa sedalam > 2 s.d. 3 m untuk volume > 200 m3 secara manual | J90: =ROUNDDOWN(I102,-2) -> 96900
C91: No | D91: Uraian | F91: Sat. | G91: Koefisien | H91: Harga Satuan (Rp) | I91: Jumlah Harga (Rp)
C92: A | D92: TENAGA KERJA
C93: 1 | D93: Pekerja | E93: L.01 | F93: OH | G93: 0.76 | H93: =VLOOKUP(D93,upahbahan,3,FALSE) -> 100000 | I93: =G93*H93 -> 76000
C94: 2 | D94: Mandor | E94: L.04 | F94: OH | G94: 0.076 | H94: =VLOOKUP(D94,upahbahan,3,FALSE) -> 160000 | I94: =G94*H94 -> 12160
C95: JUMLAH HARGA TENAGA KERJA | I95: =SUM(I93:I94) -> 88160
C96: B | D96: BAHAN
C97: JUMLAH HARGA BAHAN | I97: 0
C98: C | D98: PERALATAN
C99: JUMLAH HARGA ALAT | I99: 0
C100: D | D100: Jumlah (A+B+C) | I100: =I95+I97+I99 -> 88160
C101: E | D101: Biaya Umum dan Keuntungan 10%-15% x D | H101: 0.1 | I101: =I100*H101 -> 8816
C102: F | D102: Harga Satuan Pekerjaan (D+E) | I102: =SUM(I100:I101) -> 96976
C104: 1.2.1.1.8 | D104: Penggalian 1 m3 tanah biasa sedalam > 3 m, setiap penambahan kedalaman 1 m secara manual | J104: =ROUNDDOWN(I116,-2) -> 9500
C105: No | D105: Uraian | F105: Sat. | G105: Koefisien | H105: Harga Satuan (Rp) | I105: Jumlah Harga (Rp)
C106: A | D106: TENAGA KERJA
C107: 1 | D107: Pekerja | E107: L.01 | F107: OH | G107: 0.075 | H107: =VLOOKUP(D107,upahbahan,3,FALSE) -> 100000 | I107: =G107*H107 -> 7500
C108: 2 | D108: Mandor | E108: L.04 | F108: OH | G108: 0.0075 | H108: =VLOOKUP(D108,upahbahan,3,FALSE) -> 160000 | I108: =G108*H108 -> 1200
C109: JUMLAH HARGA TENAGA KERJA | I109: =SUM(I107:I108) -> 8700
...

Sheet Timbunan Pemadatan
C3: 1.3 | D3: PEKERJAAN TIMBUNAN DAN PEMADATAN
C4: 1.3.1 | D4: Timbunan atau Urukan Secara Manual
C5: 1.3.1.1 | D5: 1 m3 urukan kembali galian tanah ( >0 s.d 200 m3) tanpa pemadatan secara manual | J5: =ROUNDDOWN(I17,-2) -> 59400 | K5: tidak ada perubahan | L5: Revisi
C6: No | D6: Uraian | E6: Kode | F6: Sat. | G6: Koefisien | H6: Harga Satuan (Rp) | I6: Jumlah Harga (Rp)
C7: A | D7: TENAGA KERJA | N7: Catatan:
C8: 1 | D8: Pekerja | E8: L.01 | F8: OH | G8: 0.5 | H8: =VLOOKUP(D8,upahbahan,3,FALSE) -> 100000 | I8: =G8*H8 -> 50000 | N8: Biaya Umum dan Keuntungan | Q8: 0.1
C9: 2 | D9: Mandor | E9: L.04 | F9: OH | G9: 0.025 | H9: =VLOOKUP(D9,upahbahan,3,FALSE) -> 160000 | I9: =G9*H9 -> 4000
C10: JUMLAH HARGA TENAGA KERJA | I10: =SUM(I8:I9) -> 54000
C11: B | D11: BAHAN
C12: JUMLAH HARGA BAHAN | I12: 0
C13: C | D13: PERALATAN
C14: JUMLAH HARGA ALAT | I14: 0
C15: D | D15: Jumlah (A+B+C) | I15: =I10+I12+I14 -> 54000
C16: E | D16: Biaya Umum dan Keuntungan 10% - 15% x D | H16: =$Q$8 -> 0.1 | I16: =I15*H16 -> 5400
C17: F | D17: Harga Satuan Pekerjaan (D+E) | I17: =SUM(I15:I16) -> 59400
C19: 1.3.1.2 | D19: 1 m3 urukan pasir uruk untuk volume s.d 200 m3 tanpa pemadatan secara manual | J19: =ROUNDDOWN(I32,-2) -> 326700
C20: No | D20: Uraian | E20: Kode | F20: Sat. | G20: Koefisien | H20: Harga Satuan (Rp) | I20: Jumlah Harga (Rp)
C21: A | D21: TENAGA KERJA
C22: 1 | D22: Pekerja | E22: L.01 | F22: OH | G22: 0.3 | H22: =VLOOKUP(D22,upahbahan,3,FALSE) -> 100000 | I22: =G22*H22 -> 30000
C23: 2 | D23: Mandor | E23: L.04 | F23: OH | G23: 0.015 | H23: =VLOOKUP(D23,upahbahan,3,FALSE) -> 160000 | I23: =G23*H23 -> 2400
C24: JUMLAH HARGA TENAGA KERJA | I24: =SUM(I22:I23) -> 32400
C25: B | D25: BAHAN
C26: 1 | D26: Pasir urug (quarry - lokasi pekerjaan) | F26: m3 | G26: 1.2 | H26: =VLOOKUP(D26,upahbahan,3,FALSE) -> 220500 | I26: =G26*H26 -> 264600
C27: JUMLAH HARGA BAHAN | I27: =SUM(I26) -> 264600
C28: C | D28: PERALATAN
C29: JUMLAH HARGA ALAT | I29: 0
C30: D | D30: Jumlah (A+B+C) | I30: =I24+I27+I29 -> 297000
C31: E | D31: Biaya Umum dan Keuntungan 10% - 15% x D | H31: =$Q$8 -> 0.1 | I31: =I30*H31 -> 29700
C32: F | D32: Harga Satuan Pekerjaan (D+E) | I32: =SUM(I30:I31) -> 326700
C34: 1.3.1.3 | D34: 1 m3 urukan pasir uruk untuk volume > 200 m3 tanpa pemadatan secara manual | J34: =ROUNDDOWN(I47,-2) -> 299300
C35: No | D35: Uraian | F35: Sat. | G35: Koefisien | H35: Harga Satuan (Rp) | I35: Jumlah Harga (Rp)
C36: A | D36: TENAGA KERJA | E36: Kode
C37: 1 | D37: Pekerja | E37: L.01 | F37: OH | G37: 0.065 | H37: =VLOOKUP(D37,upahbahan,3,FALSE) -> 100000 | I37: =G37*H37 -> 6500
C38: 2 | D38: Mandor | E38: L.04 | F38: OH | G38: 0.0065 | H38: =VLOOKUP(D38,upahbahan,3,FALSE) -> 160000 | I38: =G38*H38 -> 1040
C39: JUMLAH HARGA TENAGA KERJA | I39: =SUM(I37:I38) -> 7540
C40: B | D40: BAHAN
C41: 1 | D41: Pasir urug (quarry - lokasi pekerjaan) | F41: m3 | G41: 1.2 | H41: =VLOOKUP(D41,upahbahan,3,FALSE) -> 220500 | I41: =G41*H41 -> 264600
C42: JUMLAH HARGA BAHAN | I42: =SUM(I41) -> 264600
C43: C | D43: PERALATAN
C44: JUMLAH HARGA ALAT | I44: 0
C45: D | D45: Jumlah (A+B+C) | I45: =I39+I42+I44 -> 272140
C46: E | D46: Biaya Umum dan Keuntungan 10% - 15% x D | H46: =$Q$8 -> 0.1 | I46: =I45*H46 -> 27214
C47: F | D47: Harga Satuan Pekerjaan (D+E) | I47: =SUM(I45:I46) -> 299354
C49: 1.3.1.4 | D49: 1 m3 urukan tanah biasa atau tanah liat berpasir tanpa pemadatan secara manual | J49: =ROUNDDOWN(I62,-2) -> 12700
C50: No | D50: Uraian | E50: Kode | F50: Sat. | G50: Koefisien | H50: Harga Satuan (Rp) | I50: Jumlah Harga (Rp)
C51: A | D51: TENAGA KERJA
C52: 1 | D52: Pekerja | E52: L.01 | F52: OH | G52: 0.1 | H52: =VLOOKUP(D52,upahbahan,3,FALSE) -> 100000 | I52: =G52*H52 -> 10000
C53: 2 | D53: Mandor | E53: L.04 | F53: OH | G53: 0.01 | H53: =VLOOKUP(D53,upahbahan,3,FALSE) -> 160000 | I53: =G53*H53 -> 1600
C54: JUMLAH HARGA TENAGA KERJA | I54: =SUM(I52:I53) -> 11600
C55: B | D55: BAHAN
C56: 1 | D56: Tanah biasa (quarry - lokasi pekerjaan) | F56: m3 | G56: 1.4 | H56: =VLOOKUP(D56,upahbahan,3,FALSE) -> 0 | I56: =G56*H56 -> 0
C57: JUMLAH HARGA BAHAN | I57: =SUM(I56) -> 0
C58: C | D58: PERALATAN
C59: JUMLAH HARGA ALAT | I59: 0
C60: D | D60: Jumlah (A+B+C) | I60: =I54+I57+I59 -> 11600
C61: E | D61: Biaya Umum dan Keuntungan 10% - 15% x D | H61: =$Q$8 -> 0.1 | I61: =I60*H61 -> 1160
C62: F | D62: Harga Satuan Pekerjaan (D+E) | I62: =SUM(I60:I61) -> 12760
C63: * | D63: jika material pengurukan tersedia, maka kolom (jumlah harga) diisi *=0*. AHSP urukan tanah ini hanya untuk penimbunan, perataan dan perapihan, dan jika diperlukan pemadatan gunakan U.3.5.3.a.1 atau U.3.5.2.a
C65: 1.3.1.5 | D65: 1 m3 Urukan tanah liat (lempung) tanpa pemadatan secara manual | J65: =ROUNDDOWN(I78,-2) -> 15900
C66: No | D66: Uraian | E66: Kode | F66: Sat. | G66: Koefisien | H66: Harga Satuan (Rp) | I66: Jumlah Harga (Rp)
C67: A | D67: TENAGA KERJA
C68: 1 | D68: Pekerja | E68: L.01 | F68: OH | G68: 0.125 | H68: =VLOOKUP(D68,upahbahan,3,FALSE) -> 100000 | I68: =G68*H68 -> 12500
C69: 2 | D69: Mandor | E69: L.04 | F69: OH | G69: 0.0125 | H69: =VLOOKUP(D69,upahbahan,3,FALSE) -> 160000 | I69: =G69*H69 -> 2000
C70: JUMLAH HARGA TENAGA KERJA | I70: =SUM(I68:I69) -> 14500
C71: B | D71: BAHAN
C72: 1 | D72: Tanah liat (quarry-lokasi pekerjaan) | F72: m3 | G72: 1.4 | H72: =VLOOKUP(D72,upahbahan,3,FALSE) -> 0 | I72: =G72*H72 -> 0
C73: JUMLAH HARGA BAHAN | I73: =SUM(I72) -> 0
C74: C | D74: PERALATAN
C75: JUMLAH HARGA ALAT | I75: 0
C76: D | D76: Jumlah (A+B+C) | I76: =I70+I73+I75 -> 14500
C77: E | D77: Biaya Umum dan Keuntungan 10% - 15% x D | H77: =$Q$8 -> 0.1 | I77: =I76*H77 -> 1450
C78: F | D78: Harga Satuan Pekerjaan (D+E) | I78: =SUM(I76:I77) -> 15950
C79: * | D79: jika material pengurukan tersedia, maka kolom (jumlah harga) diisi *=0*. AHSP urukan tanah ini hanya untuk penimbunan, perataan dan perapihan, dan jika diperlukan pemadatan gunakan U.3.5.3.a.1 atau U.3.5.2.a
C81: 1.3.1.6 | D81: 1m3 Urukan Batu Kerikil Tanpa Pemadatan secara manual | J81: =ROUNDDOWN(I94,-2) -> 486000
C82: No | D82: Uraian | E82: Kode | F82: Sat. | G82: Koefisien | H82: Harga Satuan (Rp) | I82: Jumlah Harga (Rp)
C83: A | D83: TENAGA KERJA
C84: 1 | D84: Pekerja | E84: L.01 | F84: OH | G84: 0.3 | H84: =VLOOKUP(D84,upahbahan,3,FALSE) -> 100000 | I84: =G84*H84 -> 30000
C85: 2 | D85: Mandor | E85: L.04 | F85: OH | G85: 0.015 | H85: =VLOOKUP(D85,upahbahan,3,FALSE) -> 160000 | I85: =G85*H85 -> 2400
C86: JUMLAH HARGA TENAGA KERJA | I86: =SUM(I84:I85) -> 32400
C87: B | D87: BAHAN
C88: 1 | D88: Kerikil | F88: m3 | G88: 1.4 | H88: =VLOOKUP(D88,upahbahan,3,FALSE) -> 292500 | I88: =G88*H88 -> 409500
C89: JUMLAH HARGA BAHAN | I89: =SUM(I88) -> 409500
C90: C | D90: PERALATAN
C91: JUMLAH HARGA ALAT | I91: 0
C92: D | D92: Jumlah (A+B+C) | I92: =I86+I89+I91 -> 441900
C93: E | D93: Biaya Umum dan Keuntungan 10% - 15% x D | H93: =$Q$8 -> 0.1 | I93: =I92*H93 -> 44190
C94: F | D94: Harga Satuan Pekerjaan (D+E) | I94: =SUM(I92:I93) -> 486090
C97: 1.3.1.7 | D97: 1 m3 Urukan tanah subur tanpa pemadatan secara manual | J97: =ROUNDDOWN(I110,-2) -> 35600
C98: No | D98: Uraian | E98: Kode | F98: Sat. | G98: Koefisien | H98: Harga Satuan (Rp) | I98: Jumlah Harga (Rp)
C99: A | D99: TENAGA KERJA
C100: 1 | D100: Pekerja | E100: L.01 | F100: OH | G100: 0.3 | H100: =VLOOKUP(D100,upahbahan,3,FALSE) -> 100000 | I100: =G100*H100 -> 30000
C101: 2 | D101: Mandor | E101: L.04 | F101: OH | G101: 0.015 | H101: =VLOOKUP(D101,upahbahan,3,FALSE) -> 160000 | I101: =G101*H101 -> 2400
C102: JUMLAH HARGA TENAGA KERJA | I102: =SUM(I100:I101) -> 32400
C103: B | D103: BAHAN
C104: 1 | D104: Tanah Subur | F104: m3 | G104: 1 | H104: =VLOOKUP(D104,upahbahan,3,FALSE) -> 0 | I104: =G104*H104 -> 0
C105: JUMLAH HARGA BAHAN | I105: =SUM(I104) -> 0
C106: C | D106: PERALATAN
C107: JUMLAH HARGA ALAT | I107: 0
C108: D | D108: Jumlah (A+B+C) | I108: =I102+I105+I107 -> 32400
C109: E | D109: Biaya Umum dan Keuntungan 10% - 15% x D | H109: =$Q$8 -> 0.1 | I109: =I108*H109 -> 3240
...

Sheet Angkut Material
C2: 1.4 | D2: Pekerjaan Angkut Materia dan/atau Hasil Galian
C3: 1.4.1 | D3: Angkut Tanah Lepas atau Hasil Galian untuk Jarak Horizontal dan medan landai naik serta turun >2"
C4: 1.4.1.1 | D4: Mengangkut 1 m3 tanah lepas, jarak angkut s.d 10 m | J4: =ROUNDDOWN(I16,-2) -> 24900
C5: No | D5: Uraian | E5: Kode | F5: Sat. | G5: Koefisien | H5: Harga Satuan (Rp) | I5: Jumlah Harga (Rp)
C6: A | D6: TENAGA KERJA
C7: 1 | D7: Pekerja | E7: L.01 | F7: OH | G7: 0.2104 | H7: =VLOOKUP(D7,upahbahan,3,FALSE) -> 100000 | I7: =H7*G7 -> 21040
C8: 2 | D8: Mandor | E8: L.04 | F8: OH | G8: 0.0105 | H8: =VLOOKUP(D8,upahbahan,3,FALSE) -> 160000 | I8: =H8*G8 -> 1680
C9: JUMLAH HARGA TENAGA KERJA | I9: =SUM(I7:I8) -> 22720
C10: B | D10: BAHAN
C11: JUMLAH HARGA BAHAN | I11: =SUM(I10) -> 0
C12: C | D12: PERALATAN
C13: JUMLAH HARGA ALAT | I13: =SUM(I12) -> 0
C14: D | D14: Jumlah (A+B+C) | I14: =I9+I11+I13 -> 22720
C15: E | D15: Biaya Umum dan Keuntungan 10% - 15% x D | H15: 0.1 | I15: =I14*H15 -> 2272
C16: F | D16: Harga Satuan Pekerjaan (D+E) | I16: =SUM(I14:I15) -> 24992
C19: 1.4.1.2 | D19: Mengangkut 1 m3 tanah lepas, jarak angkut > 10 m s.d 20 m | J19: =ROUNDDOWN(I31,-2) -> 26700
C20: No | D20: Uraian | E20: Kode | F20: Sat. | G20: Koefisien | H20: Harga Satuan (Rp) | I20: Jumlah Harga (Rp)
C21: A | D21: TENAGA KERJA
C22: 1 | D22: Pekerja | E22: L.01 | F22: OH | G22: 0.2254 | H22: =VLOOKUP(D22,upahbahan,3,FALSE) -> 100000 | I22: =H22*G22 -> 22540
C23: 2 | D23: Mandor | E23: L.04 | F23: OH | G23: 0.0112 | H23: =VLOOKUP(D23,upahbahan,3,FALSE) -> 160000 | I23: =H23*G23 -> 1792
C24: JUMLAH HARGA TENAGA KERJA | I24: =SUM(I22:I23) -> 24332
C25: B | D25: BAHAN
C26: JUMLAH HARGA BAHAN | I26: =SUM(I25) -> 0
C27: C | D27: PERALATAN
C28: JUMLAH HARGA ALAT | I28: =SUM(I27) -> 0
C29: D | D29: Jumlah (A+B+C) | I29: =I24+I26+I28 -> 24332
C30: E | D30: Biaya Umum dan Keuntungan 10% - 15% x D | H30: 0.1 | I30: =I29*H30 -> 2433.2
C31: F | D31: Harga Satuan Pekerjaan (D+E) | I31: =SUM(I29:I30) -> 26765.2
C33: 1.4.1.3 | D33: Mengangkut 1 m3 tanah lepas, jarak angkut > 20 m s.d 30 m | J33: =ROUNDDOWN(I45,-2) -> 29100
C34: No | D34: Uraian | E34: Kode | F34: Sat. | G34: Koefisien | H34: Harga Satuan (Rp) | I34: Jumlah Harga (Rp)
C35: A | D35: TENAGA KERJA
C36: 1 | D36: Pekerja | E36: L.01 | F36: OH | G36: 0.2363 | H36: =VLOOKUP(D36,upahbahan,3,FALSE) -> 100000 | I36: =H36*G36 -> 23630
C37: 2 | D37: Mandor | E37: L.04 | F37: OH | G37: 0.018 | H37: =VLOOKUP(D37,upahbahan,3,FALSE) -> 160000 | I37: =H37*G37 -> 2880
C38: JUMLAH HARGA TENAGA KERJA | I38: =SUM(I36:I37) -> 26510
C39: B | D39: BAHAN
C40: JUMLAH HARGA BAHAN | I40: =SUM(I39) -> 0
C41: C | D41: PERALATAN
C42: JUMLAH HARGA ALAT | I42: =SUM(I41) -> 0
C43: D | D43: Jumlah (A+B+C) | I43: =I38+I40+I42 -> 26510
C44: E | D44: Biaya Umum dan Keuntungan 10% - 15% x D | H44: 0.1 | I44: =I43*H44 -> 2651
C45: F | D45: Harga Satuan Pekerjaan (D+E) | I45: =SUM(I43:I44) -> 29161
C47: 1.4.1.4 | D47: Mengangkut 1 m3 tanah lepas, jarak angkut > 30 m s.d 40 m | J47: =ROUNDDOWN(I59,-2) -> 29700
C48: No | D48: Uraian | E48: Kode | F48: Sat. | G48: Koefisien | H48: Harga Satuan (Rp) | I48: Jumlah Harga (Rp)
C49: A | D49: TENAGA KERJA
C50: 1 | D50: Pekerja | E50: L.01 | F50: OH | G50: 0.2505 | H50: =VLOOKUP(D50,upahbahan,3,FALSE) -> 100000 | I50: =H50*G50 -> 25050
C51: 2 | D51: Mandor | E51: L.04 | F51: OH | G51: 0.0125 | H51: =VLOOKUP(D51,upahbahan,3,FALSE) -> 160000 | I51: =H51*G51 -> 2000
C52: JUMLAH HARGA TENAGA KERJA | I52: =SUM(I50:I51) -> 27050
C53: B | D53: BAHAN
C54: JUMLAH HARGA BAHAN | I54: =SUM(I53) -> 0
C55: C | D55: PERALATAN
C56: JUMLAH HARGA ALAT | I56: =SUM(I55) -> 0
C57: D | D57: Jumlah (A+B+C) | I57: =I52+I54+I56 -> 27050
C58: E | D58: Biaya Umum dan Keuntungan 10% - 15% x D | H58: 0.1 | I58: =I57*H58 -> 2705
C59: F | D59: Harga Satuan Pekerjaan (D+E) | I59: =SUM(I57:I58) -> 29755
C61: 1.4.1.5 | D61: Mengangkut 1 m3 tanah lepas, jarak angkut > 40 m s.d 50 m | J61: =ROUNDDOWN(I73,-2) -> 32300
C62: No | D62: Uraian | E62: Kode | F62: Sat. | G62: Koefisien | H62: Harga Satuan (Rp) | I62: Jumlah Harga (Rp)
C63: A | D63: TENAGA KERJA
C64: 1 | D64: Pekerja | E64: L.01 | F64: OH | G64: 0.2722 | H64: =VLOOKUP(D64,upahbahan,3,FALSE) -> 100000 | I64: =H64*G64 -> 27220
C65: 2 | D65: Mandor | E65: L.04 | F65: OH | G65: 0.0136 | H65: =VLOOKUP(D65,upahbahan,3,FALSE) -> 160000 | I65: =H65*G65 -> 2176
C66: JUMLAH HARGA TENAGA KERJA | I66: =SUM(I64:I65) -> 29396
C67: B | D67: BAHAN
C68: JUMLAH HARGA BAHAN | I68: =SUM(I67) -> 0
C69: C | D69: PERALATAN
C70: JUMLAH HARGA ALAT | I70: =SUM(I69) -> 0
C71: D | D71: Jumlah (A+B+C) | I71: =I66+I68+I70 -> 29396
C72: E | D72: Biaya Umum dan Keuntungan 10% - 15% x D | H72: 0.1 | I72: =I71*H72 -> 2939.6
C73: F | D73: Harga Satuan Pekerjaan (D+E) | I73: =SUM(I71:I72) -> 32335.6
C76: 1.4.1.6 | D76: Mengangkut 1 m3 tanah lepas, jarak angkut > 50 m s.d 100 m | J76: =ROUNDDOWN(I88,-2) -> 40800
C77: No | D77: Uraian | E77: Kode | F77: Sat. | G77: Koefisien | H77: Harga Satuan (Rp) | I77: Jumlah Harga (Rp)
C78: A | D78: TENAGA KERJA
C79: 1 | D79: Pekerja | E79: L.01 | F79: OH | G79: 0.344 | H79: =VLOOKUP(D79,upahbahan,3,FALSE) -> 100000 | I79: =H79*G79 -> 34400
C80: 2 | D80: Mandor | E80: L.04 | F80: OH | G80: 0.0172 | H80: =VLOOKUP(D80,upahbahan,3,FALSE) -> 160000 | I80: =H80*G80 -> 2752
C81: JUMLAH HARGA TENAGA KERJA | I81: =SUM(I79:I80) -> 37152
C82: B | D82: BAHAN
C83: JUMLAH HARGA BAHAN | I83: =SUM(I82) -> 0
C84: C | D84: PERALATAN
C85: JUMLAH HARGA ALAT | I85: =SUM(I84) -> 0
C86: D | D86: Jumlah (A+B+C) | I86: =I81+I83+I85 -> 37152
C87: E | D87: Biaya Umum dan Keuntungan 10% - 15% x D | H87: 0.1 | I87: =I86*H87 -> 3715.2
C88: F | D88: Harga Satuan Pekerjaan (D+E) | I88: =SUM(I86:I87) -> 40867.2
C90: 1.4.1.7 | D90: Mengangkut 1 m3 tanah lepas, jarak angkut > 100 m s.d 200 m | J90: =ROUNDDOWN(I102,-2) -> 57500
C91: No | D91: Uraian | E91: Kode | F91: Sat. | G91: Koefisien | H91: Harga Satuan (Rp) | I91: Jumlah Harga (Rp)
C92: A | D92: TENAGA KERJA
C93: 1 | D93: Pekerja | E93: L.01 | F93: OH | G93: 0.4843 | H93: =VLOOKUP(D93,upahbahan,3,FALSE) -> 100000 | I93: =H93*G93 -> 48430
C94: 2 | D94: Mandor | E94: L.04 | F94: OH | G94: 0.0242 | H94: =VLOOKUP(D94,upahbahan,3,FALSE) -> 160000 | I94: =H94*G94 -> 3872
C95: JUMLAH HARGA TENAGA KERJA | I95: =SUM(I93:I94) -> 52302
C96: B | D96: BAHAN
C97: JUMLAH HARGA BAHAN | I97: =SUM(I96) -> 0
C98: C | D98: PERALATAN
C99: JUMLAH HARGA ALAT | I99: =SUM(I98) -> 0
C100: D | D100: Jumlah (A+B+C) | I100: =I95+I97+I99 -> 52302
C101: E | D101: Biaya Umum dan Keuntungan 10% - 15% x D | H101: 0.1 | I101: =I100*H101 -> 5230.2
C102: F | D102: Harga Satuan Pekerjaan (D+E) | I102: =SUM(I100:I101) -> 57532.2
C105: 1.4.1.8 | D105: Mengangkut 1 m3 tanah lepas, jarak angkut > 200 m s.d 300 m | J105: =ROUNDDOWN(I117,-2) -> 77300
C106: No | D106: Uraian | E106: Kode | F106: Sat. | G106: Koefisien | H106: Harga Satuan (Rp) | I106: Jumlah Harga (Rp)
C107: A | D107: TENAGA KERJA
C108: 1 | D108: Pekerja | E108: L.01 | F108: OH | G108: 0.6513 | H108: =VLOOKUP(D108,upahbahan,3,FALSE) -> 100000 | I108: =H108*G108 -> 65130
C109: 2 | D109: Mandor | E109: L.04 | F109: OH | G109: 0.0325 | H109: =VLOOKUP(D109,upahbahan,3,FALSE) -> 160000 | I109: =H109*G109 -> 5200
C110: JUMLAH HARGA TENAGA KERJA | I110: =SUM(I108:I109) -> 70330
C111: B | D111: BAHAN
...

Sheet Geotekstil & Geomembran 
C2: 1.5 | D2: Pekerjaan Geotekstil dan Geomembran
C3: 1.5.1 | D3: 1 m2 Pasangan Geotekstil, Tipis ( > 100 s.d <400 gr/m2), Secara Manual | J3: =ROUNDDOWN(I18,-2) -> 1900
C4: No | D4: Uraian | E4: Kode | F4: Sat. | G4: Koefisien | H4: Harga Satuan (Rp) | I4: Jumlah Harga (Rp)
C5: A | D5: TENAGA KERJA
C6: 1 | D6: Pekerja | E6: L.01 | F6: OH | G6: 0.0119 | H6: =VLOOKUP(D6,upahbahan,3,FALSE) -> 100000 | I6: =H6*G6 -> 1190
C7: 2 | D7: Tukang las geotextile | E7: L.02 | F7: OH | G7: 0.0024 | H7: =VLOOKUP(D7,upahbahan,3,FALSE) -> 145000 | I7: =H7*G7 -> 348
C8: 3 | D8: Mandor | E8: L.04 | F8: OH | G8: 0.0012 | H8: =VLOOKUP(D8,upahbahan,3,FALSE) -> 160000 | I8: =H8*G8 -> 192
C9: JUMLAH HARGA TENAGA KERJA | I9: =SUM(I6:I8) -> 1730
C10: B | D10: BAHAN
C11: 1 | D11: Geotextile >100 gr/m2 | F11: m2 | G11: 1.1 | H11: =VLOOKUP(D11,upahbahan,3,FALSE) -> 0 | I11: =H11*G11 -> 0
C12: JUMLAH HARGA BAHAN | I12: =SUM(I10:I11) -> 0
C13: C | D13: PERALATAN
C14: 1 | D14: Mesin Las Gotextile | F14: hari | G14: 0.00238 | H14: =VLOOKUP(D14,upahbahan,3,FALSE) -> 25000 | I14: =H14*G14 -> 59.5
C15: JUMLAH HARGA ALAT | I15: =SUM(I13:I14) -> 59.5
C16: D | D16: Jumlah (A+B+C) | I16: =I9+I12+I15 -> 1789.5
C17: E | D17: Biaya Umum dan Keuntungan 10% - 15% x D | H17: 0.1 | I17: =I16*H17 -> 178.95
C18: F | D18: Harga Satuan Pekerjaan (D+E) | I18: =SUM(I16:I17) -> 1968.45
C20: 1.5.2 | D20: 1 m2 Pasangan Geotekstil, Tipis ( > 100 s.d <400 gr/m2), Secara Mekanis | J20: =ROUNDDOWN(I36,-2) -> 800
C21: No | D21: Uraian | E21: Kode | F21: Sat. | G21: Koefisien | H21: Harga Satuan (Rp) | I21: Jumlah Harga (Rp)
C22: A | D22: TENAGA KERJA
C23: 1 | D23: Pekerja | E23: L.01 | F23: OH | G23: 0.0016 | H23: =VLOOKUP(D23,upahbahan,3,FALSE) -> 100000 | I23: =H23*G23 -> 160
C24: 2 | D24: Tukang las geotextile | E24: L.02 | F24: OH | G24: 0.0008 | H24: =VLOOKUP(D24,upahbahan,3,FALSE) -> 145000 | I24: =H24*G24 -> 116
C25: 3 | D25: Mandor | E25: L.04 | F25: OH | G25: 0.0002 | H25: =VLOOKUP(D25,upahbahan,3,FALSE) -> 160000 | I25: =H25*G25 -> 32
C26: JUMLAH HARGA TENAGA KERJA | I26: =SUM(I23:I25) -> 308
C27: B | D27: BAHAN
C28: 1 | D28: Geotextile >100 gr/m2 | F28: m2 | G28: 1.1 | H28: =VLOOKUP(D28,upahbahan,3,FALSE) -> 0 | I28: =H28*G28 -> 0
C29: JUMLAH HARGA BAHAN | I29: =SUM(I27:I28) -> 0
C30: C | D30: PERALATAN
C31: 1 | D31: Mesin Las Gotextile | F31: hari | G31: 0.0008 | H31: =VLOOKUP(D31,upahbahan,3,FALSE) -> 25000 | I31: =H31*G31 -> 20
C32: 2 | D32: Flat deck truck 7 ton | F32: hari | G32: 0.00015 | H32: =VLOOKUP(D32,upahbahan,3,FALSE) -> 2700000 | I32: =H32*G32 -> 405
C33: JUMLAH HARGA ALAT | I33: =SUM(I30:I32) -> 425
C34: D | D34: Jumlah (A+B+C) | I34: =I26+I29+I33 -> 733
C35: E | D35: Biaya Umum dan Keuntungan 10% - 15% x D | H35: 0.1 | I35: =I34*H35 -> 73.3
C36: F | D36: Harga Satuan Pekerjaan (D+E) | I36: =SUM(I34:I35) -> 806.3
C39: 1.5.3 | D39: 1 m2 Pasangan Geotekstil, Tebal Sedang ( > 400 s.d <800 gr/m2), Secara Manual | J39: =ROUNDDOWN(I54,-2) -> 2600
C40: No | D40: Uraian | E40: Kode | F40: Sat. | G40: Koefisien | H40: Harga Satuan (Rp) | I40: Jumlah Harga (Rp)
C41: A | D41: TENAGA KERJA
C42: 1 | D42: Pekerja | E42: L.01 | F42: OH | G42: 0.016 | H42: =VLOOKUP(D42,upahbahan,3,FALSE) -> 100000 | I42: =H42*G42 -> 1600
C43: 2 | D43: Tukang las geotextile | E43: L.02 | F43: OH | G43: 0.0032 | H43: =VLOOKUP(D43,upahbahan,3,FALSE) -> 145000 | I43: =H43*G43 -> 464
C44: 3 | D44: Mandor | E44: L.04 | F44: OH | G44: 0.0016 | H44: =VLOOKUP(D44,upahbahan,3,FALSE) -> 160000 | I44: =H44*G44 -> 256
C45: JUMLAH HARGA TENAGA KERJA | I45: =SUM(I42:I44) -> 2320
C46: B | D46: BAHAN
C47: 1 | D47: Geotextile >400 gr/m2 | F47: m2 | G47: 1.2 | H47: =VLOOKUP(D47,upahbahan,3,FALSE) -> 0 | I47: =H47*G47 -> 0
C48: JUMLAH HARGA BAHAN | I48: =SUM(I46:I47) -> 0
C49: C | D49: PERALATAN
C50: 1 | D50: Mesin Las Gotextile | F50: hari | G50: 0.0032 | H50: =VLOOKUP(D50,upahbahan,3,FALSE) -> 25000 | I50: =H50*G50 -> 80
C51: JUMLAH HARGA ALAT | I51: =SUM(I49:I50) -> 80
C52: D | D52: Jumlah (A+B+C) | I52: =I45+I48+I51 -> 2400
C53: E | D53: Biaya Umum dan Keuntungan 10% - 15% x D | H53: 0.1 | I53: =I52*H53 -> 240
C54: F | D54: Harga Satuan Pekerjaan (D+E) | I54: =SUM(I52:I53) -> 2640
C57: 1.5.4 | D57: 1 m2 Pasangan Geotekstil, Tebal Sedang ( > 400 s.d <800 gr/m2), Secara Semi Mekanis( untuk bangunan gedung) | J57: =ROUNDDOWN(I73,-2) -> 900 | K57: Revisi | L57: Tidak ada Perubahan
C58: No | D58: Uraian | E58: Kode | F58: Sat. | G58: Koefisien | H58: Harga Satuan (Rp) | I58: Jumlah Harga (Rp)
C59: A | D59: TENAGA KERJA
C60: 1 | D60: Pekerja | E60: L.01 | F60: OH | G60: 0.0024 | H60: =VLOOKUP(D60,upahbahan,3,FALSE) -> 100000 | I60: =H60*G60 -> 240
C61: 2 | D61: Tukang las geotextile | E61: L.02 | F61: OH | G61: 0.0012 | H61: =VLOOKUP(D61,upahbahan,3,FALSE) -> 145000 | I61: =H61*G61 -> 174
C62: 3 | D62: Mandor | E62: L.04 | F62: OH | G62: 0.0002 | H62: =VLOOKUP(D62,upahbahan,3,FALSE) -> 160000 | I62: =H62*G62 -> 32
C63: JUMLAH HARGA TENAGA KERJA | I63: =SUM(I60:I62) -> 446
C64: B | D64: BAHAN
C65: 1 | D65: Geotextile >400 gr/m2 | F65: m2 | G65: 1.2 | H65: =VLOOKUP(D65,upahbahan,3,FALSE) -> 0 | I65: =H65*G65 -> 0
C66: JUMLAH HARGA BAHAN | I66: =SUM(I64:I65) -> 0
C67: C | D67: PERALATAN
C68: 1 | D68: Mesin Las Gotextile | F68: hari | G68: 0.0012 | H68: =VLOOKUP(D68,upahbahan,3,FALSE) -> 25000 | I68: =H68*G68 -> 30
C69: 2 | D69: Flat deck truck 7 ton | F69: hari | G69: 0.000147 | H69: =VLOOKUP(D69,upahbahan,3,FALSE) -> 2700000 | I69: =H69*G69 -> 396.9
C70: JUMLAH HARGA ALAT | I70: =SUM(I67:I69) -> 426.9
C71: D | D71: Jumlah (A+B+C) | I71: =I63+I66+I70 -> 872.9
C72: E | D72: Biaya Umum dan Keuntungan 10% - 15% x D | H72: 0.1 | I72: =I71*H72 -> 87.29
C73: F | D73: Harga Satuan Pekerjaan (D+E) | I73: =SUM(I71:I72) -> 960.19
C75: 1.5.5 | D75: 1 m2 Pasangan Geotekstil, Tebal ( >800 gr/m2), Secara Manual ( untuk bangunan gedung) | J75: =ROUNDDOWN(I90,-2) -> 4100 | K75: Revisi | L75: Perubahan di bahan awalnya Geotextile >100 gr/m2 jadi >800 gr/m2
C76: No | D76: Uraian | E76: Kode | F76: Sat. | G76: Koefisien | H76: Harga Satuan (Rp) | I76: Jumlah Harga (Rp)
C77: A | D77: TENAGA KERJA
C78: 1 | D78: Pekerja | E78: L.01 | F78: OH | G78: 0.025 | H78: =VLOOKUP(D78,upahbahan,3,FALSE) -> 100000 | I78: =H78*G78 -> 2500
C79: 2 | D79: Tukang las geotextile | E79: L.02 | F79: OH | G79: 0.005 | H79: =VLOOKUP(D79,upahbahan,3,FALSE) -> 145000 | I79: =H79*G79 -> 725
C80: 3 | D80: Mandor | E80: L.04 | F80: OH | G80: 0.0025 | H80: =VLOOKUP(D80,upahbahan,3,FALSE) -> 160000 | I80: =H80*G80 -> 400
C81: JUMLAH HARGA TENAGA KERJA | I81: =SUM(I78:I80) -> 3625
C82: B | D82: BAHAN
C83: 1 | D83: Geotextile >800 gr/m2 | F83: m2 | G83: 1.3 | H83: =VLOOKUP(D83,upahbahan,3,FALSE) -> 0 | I83: =H83*G83 -> 0
C84: JUMLAH HARGA BAHAN | I84: =SUM(I82:I83) -> 0
C85: C | D85: PERALATAN
C86: 1 | D86: Mesin Las Gotextile | F86: hari | G86: 0.005 | H86: =VLOOKUP(D86,upahbahan,3,FALSE) -> 25000 | I86: =H86*G86 -> 125
C87: JUMLAH HARGA ALAT | I87: =SUM(I85:I86) -> 125
C88: D | D88: Jumlah (A+B+C) | I88: =I81+I84+I87 -> 3750
C89: E | D89: Biaya Umum dan Keuntungan 10% - 15% x D | H89: 0.1 | I89: =I88*H89 -> 375
C90: F | D90: Harga Satuan Pekerjaan (D+E) | I90: =SUM(I88:I89) -> 4125
C93: 1.5.6 | D93: 1 m2 Pasangan Geotekstil, Tebal ( >800 gr/m2), Secara Semi Mekanis ( untuk bangunan gedung) | J93: =ROUNDDOWN(I109,-2) -> 1200 | K93: Revisi | L93: Perubahan di bahan awalnya Geotextile >100 gr/m2 jadi >800 gr/m2
C94: No | D94: Uraian | E94: Kode | F94: Sat. | G94: Koefisien | H94: Harga Satuan (Rp) | I94: Jumlah Harga (Rp)
C95: A | D95: TENAGA KERJA
C96: 1 | D96: Pekerja | E96: L.01 | F96: OH | G96: 0.0036 | H96: =VLOOKUP(D96,upahbahan,3,FALSE) -> 100000 | I96: =H96*G96 -> 360
C97: 2 | D97: Tukang las geotextile | E97: L.02 | F97: OH | G97: 0.0018 | H97: =VLOOKUP(D97,upahbahan,3,FALSE) -> 145000 | I97: =H97*G97 -> 261
C98: 3 | D98: Mandor | E98: L.04 | F98: OH | G98: 0.0004 | H98: =VLOOKUP(D98,upahbahan,3,FALSE) -> 160000 | I98: =H98*G98 -> 64
C99: JUMLAH HARGA TENAGA KERJA | I99: =SUM(I96:I98) -> 685
C100: B | D100: BAHAN
C101: 1 | D101: Geotextile >800 gr/m2 | F101: m2 | G101: 1.3 | H101: =VLOOKUP(D101,upahbahan,3,FALSE) -> 0 | I101: =H101*G101 -> 0
C102: JUMLAH HARGA BAHAN | I102: =SUM(I100:I101) -> 0
C103: C | D103: PERALATAN
C104: 1 | D104: Mesin Las Gotextile | F104: hari | G104: 0.0018 | H104: =VLOOKUP(D104,upahbahan,3,FALSE) -> 25000 | I104: =H104*G104 -> 45
C105: 2 | D105: Flat deck truck 7 ton | F105: hari | G105: 0.000146 | H105: =VLOOKUP(D105,upahbahan,3,FALSE) -> 2700000 | I105: =H105*G105 -> 394.2
C106: JUMLAH HARGA ALAT | I106: =SUM(I103:I105) -> 439.2
C107: D | D107: Jumlah (A+B+C) | I107: =I99+I102+I106 -> 1124.2
C108: E | D108: Biaya Umum dan Keuntungan 10% - 15% x D | H108: 0.1 | I108: =I107*H108 -> 112.42
C109: F | D109: Harga Satuan Pekerjaan (D+E) | I109: =SUM(I107:I108) -> 1236.62
...

Sheet Pembongkaran
C3: 1.6 | D3: PEKERJAAN PEMBONGKARAN
C4: 1.6.1 | D4: Bongkaran 1 m3 pasangan batu (manual) untuk bangunan gedung | J4: =ROUNDDOWN(I19,-2) -> 143500
C5: No | D5: Uraian | E5: Kode | F5: Sat. | G5: Koefisien | H5: Harga Satuan (Rp) | I5: Jumlah Harga (Rp)
C6: A | D6: TENAGA KERJA | K6: Catatan:
C7: 1 | D7: Pekerja | E7: L.01 | F7: OH | G7: 1.2 | H7: =VLOOKUP(D7,upahbahan,3,FALSE) -> 100000 | I7: =G7*H7 -> 120000 | K7: Biaya Umum dan Keuntungan | N7: 0.1
C8: 2 | D8: Mandor | E8: L.04 | F8: OH | G8: 0.06 | H8: =VLOOKUP(D8,upahbahan,3,FALSE) -> 160000 | I8: =G8*H8 -> 9600
C9: JUMLAH HARGA TENAGA KERJA | I9: =SUM(I7:I8) -> 129600
C10: B | D10: BAHAN
C11: JUMLAH HARGA BAHAN | I11: 0
C12: C | D12: PERALATAN
C13: 1 | D13: Palu/godam (baja keras) | F13: buah | G13: 0.006 | H13: =VLOOKUP(D13,upahbahan,3,FALSE) -> 25000 | I13: =G13*H13 -> 150
C14: 2 | D14: Pahat beton (baja keras) | F14: buah | G14: 0.009 | H14: =VLOOKUP(D14,upahbahan,3,FALSE) -> 15000 | I14: =G14*H14 -> 135
C15: 3 | D15: Linggis (baja keras) | F15: buah | G15: 0.02 | H15: =VLOOKUP(D15,upahbahan,3,FALSE) -> 30000 | I15: =G15*H15 -> 600
C16: JUMLAH HARGA ALAT | I16: =SUM(I13:I15) -> 885
C17: D | D17: Jumlah (A+B+C) | I17: =I9+I11+I16 -> 130485
C18: E | D18: Biaya Umum dan Keuntungan 10% - 15% x D | H18: =$N$7 -> 0.1 | I18: =I17*H18 -> 13048.5
C19: F | D19: Harga Satuan Pekerjaan (D+E) | I19: =SUM(I17:I18) -> 143533.5
D20: NB: Jika tidak menggunakan peralatan khusus (baja keras) maka Koefien C1, C2, C3 = 0)
D21: Hasil pembersihan 1m3 pasangan batu yang dibongkar, umumnya menghasilkan 0,55-0,66 m3 batu
C23: 1.6.2 | D23: Bongkaran 1 m3 pasangan batu dengan jack hammer untuk bangunan gedung | J23: =ROUNDDOWN(I36,-2) -> 150200
C24: No | D24: Uraian | E24: Kode | F24: Sat. | G24: Koefisien | H24: Harga Satuan (Rp) | I24: Jumlah Harga (Rp)
C25: A | D25: TENAGA KERJA
C26: 1 | D26: Pekerja | E26: L.01 | F26: OH | G26: 0.2 | H26: =VLOOKUP(D26,upahbahan,3,FALSE) -> 100000 | I26: =G26*H26 -> 20000
C27: 2 | D27: Mandor | E27: L.02 | F27: OH | G27: 0.01 | H27: =VLOOKUP(D27,upahbahan,3,FALSE) -> 160000 | I27: =G27*H27 -> 1600
C28: JUMLAH HARGA TENAGA KERJA | I28: =SUM(I26:I27) -> 21600
C29: B | D29: BAHAN
C30: JUMLAH HARGA BAHAN | I30: 0
C31: C | D31: PERALATAN
C32: 1 | D32: Jack hammer + genset | F32: hari | G32: 0.05 | H32: =VLOOKUP(D32,upahbahan,3,FALSE) -> 2300000 | I32: =G32*H32 -> 115000
C33: JUMLAH HARGA ALAT | I33: =SUM(I32:I32) -> 115000
C34: D | D34: Jumlah (A+B+C) | I34: =I28+I30+I33 -> 136600
C35: E | D35: Biaya Umum dan Keuntungan 10% - 15% x D | H35: =$N$7 -> 0.1 | I35: =I34*H35 -> 13660
C36: F | D36: Harga Satuan Pekerjaan (D+E) | I36: =SUM(I34:I35) -> 150260
C38: 1.6.3 | D38: Bongkaran 1 m3 beton mutu rendah f’c < 20 MPa secara manual | J38: =ROUNDDOWN(I55,-2) -> 206300
C39: No | D39: Uraian | E39: Kode | F39: Sat. | G39: Koefisien | H39: Harga Satuan (Rp) | I39: Jumlah Harga (Rp)
C40: A | D40: TENAGA KERJA
C41: 1 | D41: Pekerja | E41: L.01 | F41: OH | G41: 1.075 | H41: =VLOOKUP(D41,upahbahan,3,FALSE) -> 100000 | I41: =G41*H41 -> 107500
C42: 2 | D42: Mandor | E42: L.04 | F42: OH | G42: 0.108 | H42: =VLOOKUP(D42,upahbahan,3,FALSE) -> 160000 | I42: =G42*H42 -> 17280
C43: JUMLAH HARGA TENAGA KERJA | I43: =SUM(I41:I42) -> 124780
C44: B | D44: BAHAN
C45: 1 | D45: Cuka bibit | F45: liter | G45: 1.2 | H45: =VLOOKUP(D45,upahbahan,3,FALSE) -> 50000 | I45: =G45*H45 -> 60000
C46: JUMLAH HARGA BAHAN | I46: =SUM(I45) -> 60000
C47: C | D47: PERALATAN
C48: 1 | D48: Palu/godam (baja keras) | F48: buah | G48: 0.02 | H48: =VLOOKUP(D48,upahbahan,3,FALSE) -> 25000 | I48: =G48*H48 -> 500
C49: 2 | D49: Gergaji besi | F49: buah | G49: 0.1 | H49: =VLOOKUP(D49,upahbahan,3,FALSE) -> 3500 | I49: =G49*H49 -> 350
C50: 3 | D50: Pahat beton (baja keras) | F50: buah | G50: 0.03 | H50: =VLOOKUP(D50,upahbahan,3,FALSE) -> 15000 | I50: =G50*H50 -> 450
C51: 4 | D51: Linggis (baja keras) | F51: buah | G51: 0.05 | H51: =VLOOKUP(D51,upahbahan,3,FALSE) -> 30000 | I51: =G51*H51 -> 1500
C52: JUMLAH HARGA ALAT | I52: =SUM(I48:I51) -> 2800
C53: D | D53: Jumlah (A+B+C) | I53: =I43+I46+I52 -> 187580
C54: E | D54: Biaya Umum dan Keuntungan 10% - 15% x D | H54: =$N$7 -> 0.1 | I54: =I53*H54 -> 18758
C55: F | D55: Harga Satuan Pekerjaan (D+E) | I55: =SUM(I53:I54) -> 206338
C57: 1.6.4 | D57: Bongkaran 1 m3 beton mutu rendah f’c ≥ 20 MPa secara manual | J57: =ROUNDDOWN(I74,-2) -> 496700
C58: No | D58: Uraian | E58: Kode | F58: Sat. | G58: Koefisien | H58: Harga Satuan (Rp) | I58: Jumlah Harga (Rp)
C59: A | D59: TENAGA KERJA
C60: 1 | D60: Pekerja | E60: L.01 | F60: OH | G60: 3.6 | H60: =VLOOKUP(D60,upahbahan,3,FALSE) -> 100000 | I60: =G60*H60 -> 360000
C61: 2 | D61: Mandor | E61: L.04 | F61: OH | G61: 0.18 | H61: =VLOOKUP(D61,upahbahan,3,FALSE) -> 160000 | I61: =G61*H61 -> 28800
C62: JUMLAH HARGA TENAGA KERJA | I62: =SUM(I60:I61) -> 388800
C63: B | D63: BAHAN
C64: 1 | D64: Cuka bibit | F64: liter | G64: 1.2 | H64: =VLOOKUP(D64,upahbahan,3,FALSE) -> 50000 | I64: =G64*H64 -> 60000
C65: JUMLAH HARGA BAHAN | I65: =SUM(I64) -> 60000
C66: C | D66: PERALATAN
C67: 1 | D67: Palu/godam (baja keras) | F67: buah | G67: 0.02 | H67: =VLOOKUP(D67,upahbahan,3,FALSE) -> 25000 | I67: =G67*H67 -> 500
C68: 2 | D68: Gergaji besi | F68: buah | G68: 0.1 | H68: =VLOOKUP(D68,upahbahan,3,FALSE) -> 3500 | I68: =G68*H68 -> 350
C69: 3 | D69: Pahat beton (baja keras) | F69: buah | G69: 0.03 | H69: =VLOOKUP(D69,upahbahan,3,FALSE) -> 15000 | I69: =G69*H69 -> 450
C70: 4 | D70: Linggis (baja keras) | F70: buah | G70: 0.05 | H70: =VLOOKUP(D70,upahbahan,3,FALSE) -> 30000 | I70: =G70*H70 -> 1500
C71: JUMLAH HARGA ALAT | I71: =SUM(I67:I70) -> 2800
C72: D | D72: Jumlah (A+B+C) | I72: =I62+I65+I71 -> 451600
C73: E | D73: Biaya Umum dan Keuntungan 10% - 15% x D | H73: =$N$7 -> 0.1 | I73: =I72*H73 -> 45160
C74: F | D74: Harga Satuan Pekerjaan (D+E) | I74: =SUM(I72:I73) -> 496760
C76: 1.6.5 | D76: Bongkaran 1 m3 beton mutu rendah f’c < 20 MPa dengan jack hammer | J76: =ROUNDDOWN(I89,-2) -> 152000
C77: No | D77: Uraian | E77: Kode | F77: Sat. | G77: Koefisien | H77: Harga Satuan (Rp) | I77: Jumlah Harga (Rp)
C78: A | D78: TENAGA KERJA
C79: 1 | D79: Pekerja | E79: L.01 | F79: OH | G79: 0.2 | H79: =VLOOKUP(D79,upahbahan,3,FALSE) -> 100000 | I79: =G79*H79 -> 20000
C80: 2 | D80: Mandor | E80: L.04 | F80: OH | G80: 0.02 | H80: =VLOOKUP(D80,upahbahan,3,FALSE) -> 160000 | I80: =G80*H80 -> 3200
C81: JUMLAH HARGA TENAGA KERJA | I81: =SUM(I79:I80) -> 23200
C82: B | D82: BAHAN
C83: JUMLAH HARGA BAHAN | I83: 0
C84: C | D84: PERALATAN
C85: 1 | D85: Jack hammer + genset | F85: hari | G85: 0.05 | H85: =VLOOKUP(D85,upahbahan,3,FALSE) -> 2300000 | I85: =G85*H85 -> 115000
C86: JUMLAH HARGA ALAT | I86: =SUM(I85:I85) -> 115000
C87: D | D87: Jumlah (A+B+C) | I87: =I81+I83+I86 -> 138200
C88: E | D88: Biaya Umum dan Keuntungan 10% - 15% x D | H88: =$N$7 -> 0.1 | I88: =I87*H88 -> 13820
C89: F | D89: Harga Satuan Pekerjaan (D+E) | I89: =SUM(I87:I88) -> 152020
C91: 1.6.6 | D91: Bongkaran 1 m3 beton mutu sedang 20 MPa ≤ f’c ≤ 40 MPa dengan jack hammer | J91: =ROUNDDOWN(I104,-2) -> 174000
C92: No | D92: Uraian | E92: Kode | F92: Sat. | G92: Koefisien | H92: Harga Satuan (Rp) | I92: Jumlah Harga (Rp)
C93: A | D93: TENAGA KERJA
C94: 1 | D94: Pekerja | E94: L.01 | F94: OH | G94: 0.4 | H94: =VLOOKUP(D94,upahbahan,3,FALSE) -> 100000 | I94: =G94*H94 -> 40000
C95: 2 | D95: Mandor | E95: L.04 | F95: OH | G95: 0.02 | H95: =VLOOKUP(D95,upahbahan,3,FALSE) -> 160000 | I95: =G95*H95 -> 3200
C96: JUMLAH HARGA TENAGA KERJA | I96: =SUM(I94:I95) -> 43200
C97: B | D97: BAHAN
C98: JUMLAH HARGA BAHAN | I98: 0
C99: C | D99: PERALATAN
C100: 1 | D100: Jack hammer + genset | F100: hari | G100: 0.05 | H100: =VLOOKUP(D100,upahbahan,3,FALSE) -> 2300000 | I100: =G100*H100 -> 115000
C101: JUMLAH HARGA ALAT | I101: =SUM(I100:I100) -> 115000
C102: D | D102: Jumlah (A+B+C) | I102: =I96+I98+I101 -> 158200
C103: E | D103: Biaya Umum dan Keuntungan 10% - 15% x D | H103: =$N$7 -> 0.1 | I103: =I102*H103 -> 15820
C104: F | D104: Harga Satuan Pekerjaan (D+E) | I104: =SUM(I102:I103) -> 174020
C106: 1.6.7 | D106: Bongkaran 1 m3 pasangan bata merah secara manual | J106: =ROUNDDOWN(I121,-2) -> 38600
C107: No | D107: Uraian | E107: Kode | F107: Sat. | G107: Koefisien | H107: Harga Satuan (Rp) | I107: Jumlah Harga (Rp)
C108: A | D108: TENAGA KERJA
...

Sheet Rangka Atap
C2: 2 | D2: PEKERJAAN STRUKTUR
C3: 2.1 | D3: PEKERJAAN RANGKA ATAP
C4: 2.1.1 | D4: Rangka Atap Baja Ringan
C5: 2.1.1.1 | D5: Pemasangan 1 m2 rangka atap pelana baja ringan (canai dingin) profil C75 | J5: =ROUNDDOWN(I20,-2) -> 303400
C6: No | D6: Uraian | E6: Kode | F6: Sat. | G6: Koefisien | H6: Harga Satuan (Rp) | I6: Jumlah Harga (Rp)
C7: A | D7: TENAGA KERJA | K7: Catatan:
C8: 1 | D8: Pekerja | E8: L.01 | F8: OH | G8: 0.734 | H8: =VLOOKUP(D8,upahbahan,3,FALSE) -> 100000 | I8: =G8*H8 -> 73400 | K8: Biaya Umum dan Keuntungan | N8: 0.1
C9: 2 | D9: Tukang besi | E9: L.02 | F9: OH | G9: 0.734 | H9: =VLOOKUP(D9,upahbahan,3,FALSE) -> 135000 | I9: =G9*H9 -> 99090
C10: 3 | D10: Kepala tukang | E10: L.03 | F10: OH | G10: 0.073 | H10: =VLOOKUP(D10,upahbahan,3,FALSE) -> 150000 | I10: =G10*H10 -> 10950
C11: 4 | D11: Mandor | E11: L.04 | F11: OH | G11: 0.024 | H11: =VLOOKUP(D11,upahbahan,3,FALSE) -> 160000 | I11: =G11*H11 -> 3840
C12: JUMLAH HARGA TENAGA KERJA | I12: =SUM(I8:I11) -> 187280
C13: B | D13: BAHAN
C14: 1 | D14: Baja ringan C75 x 0,75 mm | F14: batang | G14: 0.9603 | H14: =VLOOKUP(D14,upahbahan,3,FALSE) -> 92250 | I14: =G14*H14 -> 88587.675
C15: JUMLAH HARGA BAHAN | I15: =SUM(I14) -> 88587.675
C16: C | D16: PERALATAN
C17: JUMLAH HARGA ALAT | I17: 0
C18: D | D18: Jumlah (A+B+C) | I18: =I17+I15+I12 -> 275867.67
C19: E | D19: Biaya Umum dan Keuntungan 10% - 15% x D | H19: =$N$8 -> 0.1 | I19: =I18*H19 -> 27586.768
C20: F | D20: Harga Satuan Pekerjaan (D+E) | I20: =SUM(I18:I19) -> 303454.44
C22: 2.1.1.2 | D22: Pemasangan 1 m2 rangka atap jurai/limasan baja ringan (canai dingin) profil C75 | J22: =ROUNDDOWN(I37,-2) -> 311000
C23: No | D23: Uraian | E23: Kode | F23: Sat. | G23: Koefisien | H23: Harga Satuan (Rp) | I23: Jumlah Harga (Rp)
C24: A | D24: TENAGA KERJA
C25: 1 | D25: Pekerja | E25: L.01 | F25: OH | G25: 0.7604 | H25: =VLOOKUP(D25,upahbahan,3,FALSE) -> 100000 | I25: =G25*H25 -> 76040
C26: 2 | D26: =D9 -> Tukang besi | E26: L.02 | F26: OH | G26: 0.7604 | H26: =VLOOKUP(D26,upahbahan,3,FALSE) -> 135000 | I26: =G26*H26 -> 102654
C27: 3 | D27: Kepala tukang | E27: L.03 | F27: OH | G27: 0.076 | H27: =VLOOKUP(D27,upahbahan,3,FALSE) -> 150000 | I27: =G27*H27 -> 11400
C28: 4 | D28: Mandor | E28: L.04 | F28: OH | G28: 0.0253 | H28: =VLOOKUP(D28,upahbahan,3,FALSE) -> 160000 | I28: =G28*H28 -> 4048
C29: JUMLAH HARGA TENAGA KERJA | I29: =SUM(I25:I28) -> 194142
C30: B | D30: BAHAN
C31: 1 | D31: Baja ringan C75 x 0,75 mm | F31: batang | G31: 0.9603 | H31: =VLOOKUP(D31,upahbahan,3,FALSE) -> 92250 | I31: =G31*H31 -> 88587.675
C32: JUMLAH HARGA BAHAN | I32: =SUM(I31) -> 88587.675
C33: C | D33: PERALATAN
C34: JUMLAH HARGA ALAT | I34: 0
C35: D | D35: Jumlah (A+B+C) | I35: =I34+I32+I29 -> 282729.67
C36: E | D36: Biaya Umum dan Keuntungan 10% - 15% x D | H36: =$N$8 -> 0.1 | I36: =I35*H36 -> 28272.967
C37: F | D37: Harga Satuan Pekerjaan (D+E) | I37: =SUM(I35:I36) -> 311002.64
C39: 2.1.1.3 | D39: Pemasangan 1 m Kaso Baja Ringan C75 tebal 0,75 mm | J39: =ROUNDDOWN(I55,-2) -> 9700
C40: No | D40: Uraian | E40: Kode | F40: Sat. | G40: Koefisien | H40: Harga Satuan (Rp) | I40: Jumlah Harga (Rp)
C41: A | D41: TENAGA KERJA
C42: 1 | D42: Pekerja | E42: L.01 | F42: OH | G42: 0.0476 | H42: =VLOOKUP(D42,upahbahan,3,FALSE) -> 100000 | I42: =G42*H42 -> 4760
C43: 2 | D43: =D26 -> Tukang besi | E43: L.02 | F43: OH | G43: 0.0238 | H43: =VLOOKUP(D43,upahbahan,3,FALSE) -> 135000 | I43: =G43*H43 -> 3213
C44: 3 | D44: Kepala tukang | E44: L.03 | F44: OH | G44: 0.0024 | H44: =VLOOKUP(D44,upahbahan,3,FALSE) -> 150000 | I44: =G44*H44 -> 360
C45: 4 | D45: Mandor | E45: L.04 | F45: OH | G45: 0.0008 | H45: =VLOOKUP(D45,upahbahan,3,FALSE) -> 160000 | I45: =G45*H45 -> 128
C46: JUMLAH HARGA TENAGA KERJA | I46: =SUM(I42:I45) -> 8461
C47: B | D47: BAHAN
C48: 1 | D48: Baja ringan C75 x 0,75 mm (permeter) | F48: m | G48: 1.05 | H48: =VLOOKUP(D48,upahbahan,3,FALSE) -> 0 | I48: =G48*H48 -> 0
C49: 2 | D49: Paku Rivet | F49: buah | G49: 2 | H49: =VLOOKUP(D49,upahbahan,3,FALSE) -> 200 | I49: =G49*H49 -> 400
C50: JUMLAH HARGA BAHAN | I50: =SUM(I48:I49) -> 400
C51: C | D51: PERALATAN
C52: JUMLAH HARGA ALAT | I52: 0
C53: D | D53: Jumlah (A+B+C) | I53: =I52+I50+I46 -> 8861
C54: E | D54: Biaya Umum dan Keuntungan 10% - 15% x D | H54: =$N$8 -> 0.1 | I54: =I53*H54 -> 886.1
C55: F | D55: Harga Satuan Pekerjaan (D+E) | I55: =SUM(I53:I54) -> 9747.1
C58: 2.1.1.4 | D58: Pemasangan 1 m Baja Ringan R.32 tebal 0,45 mm | J58: =ROUNDDOWN(I74,-2) -> 4300
C59: No | D59: Uraian | E59: Kode | F59: Sat. | G59: Koefisien | H59: Harga Satuan (Rp) | I59: Jumlah Harga (Rp)
C60: A | D60: TENAGA KERJA
C61: 1 | D61: Pekerja | E61: L.01 | F61: OH | G61: 0.0111 | H61: =VLOOKUP(D61,upahbahan,3,FALSE) -> 100000 | I61: =G61*H61 -> 1110
C62: 2 | D62: =D45 -> Mandor | E62: L.02 | F62: OH | G62: 0.0111 | H62: =VLOOKUP(D62,upahbahan,3,FALSE) -> 160000 | I62: =G62*H62 -> 1776
C63: 3 | D63: Kepala tukang | E63: L.03 | F63: OH | G63: 0.0011 | H63: =VLOOKUP(D63,upahbahan,3,FALSE) -> 150000 | I63: =G63*H63 -> 165
C64: 4 | D64: Mandor | E64: L.04 | F64: OH | G64: 0.0004 | H64: =VLOOKUP(D64,upahbahan,3,FALSE) -> 160000 | I64: =G64*H64 -> 64
C65: JUMLAH HARGA TENAGA KERJA | I65: =SUM(I61:I64) -> 3115
C66: B | D66: BAHAN
C67: 1 | D67: Reng Baja Ringan | F67: m | G67: 1.05 | H67: =VLOOKUP(D67,upahbahan,3,FALSE) -> 0 | I67: =G67*H67 -> 0
C68: 2 | D68: Paku Rivet | F68: buah | G68: 4 | H68: =VLOOKUP(D68,upahbahan,3,FALSE) -> 200 | I68: =G68*H68 -> 800
C69: JUMLAH HARGA BAHAN | I69: =SUM(I67:I68) -> 800
C70: C | D70: PERALATAN
C71: JUMLAH HARGA ALAT | I71: 0
C72: D | D72: Jumlah (A+B+C) | I72: =I71+I69+I65 -> 3915
C73: E | D73: Biaya Umum dan Keuntungan 10% - 15% x D | H73: =$N$8 -> 0.1 | I73: =I72*H73 -> 391.5
C74: F | D74: Harga Satuan Pekerjaan (D+E) | I74: =SUM(I72:I73) -> 4306.5
C78: 2.1.2 | D78: Rangka Atap Kayu
C79: 2.1.2.1 | D79: Pemasangan 1 m3 konstruksi kuda-kuda konvensional, kayu kelas I, II, dan III bentang s.d. 6 meter | J79: =ROUNDDOWN(I96,-2) -> 9843000
C80: No | D80: Uraian | E80: Kode | F80: Sat. | G80: Koefisien | H80: Harga Satuan (Rp) | I80: Jumlah Harga (Rp)
C81: A | D81: TENAGA KERJA
C82: 1 | D82: Pekerja | E82: L.01 | F82: OH | G82: 4 | H82: =VLOOKUP(D82,upahbahan,3,FALSE) -> 100000 | I82: =G82*H82 -> 400000
C83: 2 | D83: Tukang kayu | E83: L.02 | F83: OH | G83: 12 | H83: =VLOOKUP(D83,upahbahan,3,FALSE) -> 135000 | I83: =G83*H83 -> 1620000
C84: 3 | D84: Kepala tukang | E84: L.03 | F84: OH | G84: 1.2 | H84: =VLOOKUP(D84,upahbahan,3,FALSE) -> 150000 | I84: =G84*H84 -> 180000
C85: 4 | D85: Mandor | E85: L.04 | F85: OH | G85: 0.4 | H85: =VLOOKUP(D85,upahbahan,3,FALSE) -> 160000 | I85: =G85*H85 -> 64000
C86: JUMLAH HARGA TENAGA KERJA | I86: =SUM(I82:I85) -> 2264000
C87: B | D87: BAHAN
C88: 1 | D88: Kayu balok 6/12 kelas II | F88: m3 | G88: 1.1 | H88: =VLOOKUP(D88,upahbahan,3,FALSE) -> 5904000 | I88: =G88*H88 -> 6494400
C89: 2 | D89: Besi strip tebal 5 mm | F89: kg | G89: 15 | H89: =VLOOKUP(D89,upahbahan,3,FALSE) -> 0 | I89: =G89*H89 -> 0
C90: 3 | D90: Paku 12 cm | F90: kg | G90: 5.6 | H90: =VLOOKUP(D90,upahbahan,3,FALSE) -> 33901.875 | I90: =G90*H90 -> 189850.5
C91: JUMLAH HARGA BAHAN | I91: =SUM(I88:I90) -> 6684250.5
C92: C | D92: PERALATAN
C93: JUMLAH HARGA ALAT | I93: 0
C94: D | D94: Jumlah (A+B+C) | I94: =I93+I91+I86 -> 8948250.5
C95: E | D95: Biaya Umum dan Keuntungan 10% - 15% x D | H95: =$N$8 -> 0.1 | I95: =I94*H95 -> 894825.05
C96: F | D96: Harga Satuan Pekerjaan (D+E) | I96: =SUM(I94:I95) -> 9843075.6
C98: 2.1.2.2 | D98: Pemasangan 1 m3 konstruksi kuda-kuda ekspose, kayu kelas I | J98: =ROUNDDOWN(I115,-2) -> #VALUE! | K98: Revisi | L98: Tidak ada Perubahan
C99: No | D99: Uraian | E99: Kode | F99: Sat. | G99: Koefisien | H99: Harga Satuan (Rp) | I99: Jumlah Harga (Rp)
C100: A | D100: TENAGA KERJA
C101: 1 | D101: Pekerja | E101: L.01 | F101: OH | G101: 6.7 | H101: =VLOOKUP(D101,upahbahan,3,FALSE) -> 100000 | I101: =G101*H101 -> 670000
C102: 2 | D102: Tukang kayu | E102: L.02 | F102: OH | G102: 20.1 | H102: =VLOOKUP(D102,upahbahan,3,FALSE) -> 135000 | I102: =G102*H102 -> 2713500
C103: 3 | D103: Kepala tukang | E103: L.03 | F103: OH | G103: 2.01 | H103: =VLOOKUP(D103,upahbahan,3,FALSE) -> 150000 | I103: =G103*H103 -> 301500
C104: 4 | D104: Mandor | E104: L.04 | F104: OH | G104: 0.67 | H104: =VLOOKUP(D104,upahbahan,3,FALSE) -> 160000 | I104: =G104*H104 -> 107200
C105: JUMLAH HARGA TENAGA KERJA | I105: =SUM(I101:I104) -> 3792200
C106: B | D106: BAHAN
C107: 1 | D107: Kayu balok 6/12 kelas I | F107: m3 | G107: 1.2 | H107: =VLOOKUP(D107,upahbahan,3,FALSE) -> #VALUE! | I107: =G107*H107 -> #VALUE!
C108: 2 | D108: Besi strip tebal 5 mm | F108: kg | G108: 15 | H108: =VLOOKUP(D108,upahbahan,3,FALSE) -> 0 | I108: =G108*H108 -> 0
C109: 3 | D109: Paku 12 cm | F109: kg | G109: 5.6 | H109: =VLOOKUP(D109,upahbahan,3,FALSE) -> 33901.875 | I109: =G109*H109 -> 189850.5
...

Sheet Beton
C3: 2.2 | D3: PEKERJAAN STRUKTUR BETON
C4: 2.2.1 | D4: Struktur Atas
C5: 2.2.1.1 | D5: Penulangan Beton
C6: 2.2.1.1.1 | D6: 1 kg penulangan slab untuk BjTP atau BjTS dia. < 12 mm, cara manual (untuk bangunan gedung) | I6: =ROUNDDOWN(H22,-2) -> 17100 | J6: Revisi | K6: Perubahan di nama bahan awalya BjTP jadi Baja Tulangan Polos (BjTP) diameter < 12 mm
C7: No | D7: Uraian | E7: Sat. | F7: Koefisien | G7: Harga Satuan (Rp) | H7: Jumlah Harga (Rp)
C8: A | D8: TENAGA KERJA | L8: Catatan:
C9: 1 | D9: Pekerja | E9: OH | F9: 0.007 | G9: =VLOOKUP(D9,upahbahan,3,FALSE) -> 100000 | H9: =F9*G9 -> 700 | L9: Biaya Umum dan Keuntungan | O9: 0.1
C10: 2 | D10: Tukang besi | E10: OH | F10: 0.007 | G10: =VLOOKUP(D10,upahbahan,3,FALSE) -> 135000 | H10: =F10*G10 -> 945
C11: 3 | D11: Kepala tukang | E11: OH | F11: 0.0007 | G11: =VLOOKUP(D11,upahbahan,3,FALSE) -> 150000 | H11: =F11*G11 -> 105
C12: 4 | D12: Mandor | E12: OH | F12: 0.0007 | G12: =VLOOKUP(D12,upahbahan,3,FALSE) -> 160000 | H12: =F12*G12 -> 112
C13: JUMLAH HARGA TENAGA KERJA | H13: =SUM(H9:H12) -> 1862
C14: B | D14: BAHAN
C15: 1 | D15: Baja Tulangan Polos (BjTP) diameter < 12 mm | E15: kg | F15: 1.02 | G15: =VLOOKUP(D15,upahbahan,3,FALSE) -> 13050 | H15: =F15*G15 -> 13311
C16: 2 | D16: Kawat beton | E16: kg | F16: 0.015 | G16: =VLOOKUP(D16,upahbahan,3,FALSE) -> 27720 | H16: =F16*G16 -> 415.8
C17: JUMLAH HARGA BAHAN | H17: =SUM(H15:H16) -> 13726.8
C18: C | D18: PERALATAN
C19: JUMLAH HARGA ALAT | H19: 0
C20: D | D20: Jumlah (A+B+C) | H20: =H19+H17+H13 -> 15588.8
C21: E | D21: Biaya Umum dan Keuntungan 10% - 15% x D | G21: =$O$9 -> 0.1 | H21: =H20*G21 -> 1558.88
